row,cell,Cell_Label,Z_Height_mm,RPM,Elapsed_Time_s,Torque_%,Rotational_Drag,CV,R2,Trend_Slope,Second_derivative,Second_derivative_drag,Second_derivative_cv,Second_derivative_slope,R2_drag,R2_cv,R2_slope,Hit_2nd_Deriv_Drag,Hit_2nd_Deriv_CV,Hit_2nd_Deriv_Slope,Hit_R2_Drag,Hit_R2_CV,Hit_R2_Slope,Samples_Collected_At_Z,Hit_Point_Confidence,Hit_Detected
1,1,,-65.74,1.3,20.08,27.72,21.323077,0,0,0,0,0,0,0,0,0,0,FALSE,FALSE,FALSE,FALSE,FALSE,FALSE,4,0,FALSE
1,1,,-65.76,1.3,20.07,28.48,21.907692,0,0,0,0,0,0,0,0,0,0,FALSE,FALSE,FALSE,FALSE,FALSE,FALSE,4,0,FALSE
1,1,,-65.78,1.3,20.08,29.32,22.553846,0,0,0,0,0,0,0,0,0,0,FALSE,FALSE,FALSE,FALSE,FALSE,FALSE,4,0,FALSE
1,1,,-65.8,1.3,20.09,30.01,23.084615,0,0,0,0,0,0,0,0,0,0,FALSE,FALSE,FALSE,FALSE,FALSE,FALSE,4,0,FALSE
1,1,,-65.82,1.3,20.08,30.62,23.553846,0,0,0,0,0,0,0,0,0,0,FALSE,FALSE,FALSE,FALSE,FALSE,FALSE,4,0,FALSE
1,1,,-65.84,1.3,20.08,31.25,24.038462,0,0,0,0,0,0,0,0,0,0,FALSE,FALSE,FALSE,FALSE,FALSE,FALSE,4,0,FALSE
1,1,,-65.86,1.3,20.07,31.33,24.1,0,0,0,0,0,0,0,0,0,0,FALSE,FALSE,FALSE,FALSE,FALSE,FALSE,4,0,FALSE
1,1,,-65.88,1.3,20.07,31.51,24.238462,0,0.893587,-14.269231,192.307692,192.307692,1.019723,0,0.893587,0,0,FALSE,FALSE,FALSE,TRUE,FALSE,FALSE,4,0.2,FALSE
1,1,,-65.9,1.3,20.07,31.49,24.223077,0.983798,0.757576,-7.692308,-384.615385,-384.615385,-1.286702,16442.30769,0.757576,0.983798,0,FALSE,FALSE,FALSE,TRUE,FALSE,FALSE,4,0.2,FALSE
1,1,,-65.92,1.3,20.08,31.63,24.330769,0.998892,0.923211,-3.538462,307.692308,307.692308,3.598102,10384.61539,0.923211,0.998892,0.897783,FALSE,FALSE,FALSE,TRUE,FALSE,TRUE,4,0.4,FALSE
1,1,,-65.94,1.3,20.07,31.78,24.446154,0.923048,0.921687,-3.923077,19.230769,19.230769,16.378575,-961.538462,0.921687,0.923048,0.699443,FALSE,FALSE,FALSE,TRUE,TRUE,TRUE,4,0.6,FALSE
1,1,,-65.96,1.3,20.08,32.63,25.1,0.164973,0.712732,-9.730769,1346.153846,1346.153846,20.263391,-14519.23077,0.712732,0.164973,0.563264,FALSE,FALSE,FALSE,TRUE,TRUE,TRUE,4,0.6,FALSE
1,1,,-65.98,1.3,20.08,33.33,25.638462,0.491299,0.889156,-18,-288.461538,-288.461538,-0.171178,-20673.07692,0.889156,0.491299,0.863317,FALSE,FALSE,FALSE,TRUE,TRUE,TRUE,4,0.6,FALSE
1,1,,-66,1.3,25.04,34.34,26.415385,0.947047,0.95747,-26.807692,596.153846,596.153846,1.141987,-22019.23077,0.95747,0.947047,0.889264,FALSE,FALSE,FALSE,TRUE,TRUE,TRUE,5,0.6,FALSE
1,1,,-66.02,1.3,25.05,35.18,27.061538,0.993273,0.997429,-32.730769,-326.923077,-326.923077,-9.232939,-14807.69231,0.997429,0.993273,0.899084,FALSE,FALSE,FALSE,FALSE,FALSE,TRUE,5,0.2,FALSE
1,1,,-66.04,1.3,25.03,36.24,27.876923,0.939867,0.995977,-34.884615,423.076923,423.076923,-9.639865,-5384.615385,0.995977,0.939867,0.870083,FALSE,FALSE,FALSE,FALSE,TRUE,TRUE,5,0.4,FALSE
1,1,,-66.06,1.3,25.03,37.46,28.815385,0.909082,0.995848,-39.076923,307.692308,307.692308,4.881641,-10480.76923,0.995848,0.909082,0.82086,FALSE,FALSE,FALSE,FALSE,TRUE,TRUE,5,0.4,FALSE
1,1,,-66.08,1.3,25.06,38.65,29.730769,0.956161,0.995032,-41.923077,-57.692308,-57.692308,-4.113782,-7115.384615,0.995032,0.956161,0.899234,FALSE,FALSE,FALSE,FALSE,TRUE,TRUE,5,0.4,FALSE
1,1,,-66.1,1.3,25.04,39.98,30.753846,0.986677,0.998583,-46.192308,269.230769,269.230769,2.824773,-10673.07692,0.998583,0.986677,0.857143,FALSE,FALSE,FALSE,FALSE,FALSE,TRUE,5,0.2,FALSE
1,1,,-66.12,1.3,25.07,41.4,31.846154,0.98543,0.998609,-49.384615,173.076923,173.076923,-3.154412,-7980.769231,0.998609,0.98543,0.899999,FALSE,FALSE,FALSE,FALSE,FALSE,TRUE,5,0.2,FALSE
1,1,,-66.14,1.3,25.04,42.91,33.007692,0.982641,0.997946,-52.5,173.076923,173.076923,-0.651783,-7788.461538,0.997946,0.982641,0.894046,FALSE,FALSE,FALSE,FALSE,FALSE,TRUE,5,0.2,FALSE
1,1,,-66.16,1.3,25.04,44.48,34.215385,0.974376,0.998906,-56.115385,115.384615,115.384615,0.592467,-9038.461538,0.998906,0.974376,0.88318,FALSE,FALSE,FALSE,FALSE,TRUE,TRUE,5,0.4,FALSE
1,1,,-66.18,1.3,25.05,46.31,35.623077,0.993835,0.997626,-60.538462,500,500,1.228927,-11057.69231,0.997626,0.993835,0.878758,FALSE,FALSE,FALSE,FALSE,FALSE,TRUE,5,0.2,FALSE
1,1,,-66.2,1.3,25.04,48.16,37.046154,0.993123,0.997699,-65.076923,38.461538,38.461538,-0.505383,-11346.15385,0.997699,0.993123,0.891481,FALSE,FALSE,FALSE,FALSE,FALSE,TRUE,5,0.2,FALSE
1,1,,-66.22,1.3,30.08,50.63,38.946154,0.94453,0.992948,-73.538462,1192.307692,1192.307692,7.166255,-21153.84615,0.992948,0.94453,0.827379,FALSE,FALSE,FALSE,FALSE,TRUE,TRUE,6,0.4,FALSE
1,1,,-66.24,1.3,30.09,53.12,40.861538,0.953175,0.993835,-83.076923,38.461538,38.461538,0.149466,-23846.15385,0.993835,0.953175,0.885394,FALSE,FALSE,FALSE,FALSE,TRUE,TRUE,6,0.4,FALSE
1,1,,-66.26,1.3,35.06,61.02,46.938462,0.716522,0.898862,-132.230769,10403.84615,10403.84615,77.540383,-122884.6154,0.898862,0.716522,0.666468,TRUE,TRUE,TRUE,TRUE,TRUE,TRUE,7,1,TRUE
1,1,,-66.28,1.3,35.06,62.88,48.369231,0.876054,0.946441,-153.192308,-11615.38462,-11615.38462,-74.327311,-52403.84615,0.946441,0.876054,0.880138,TRUE,TRUE,FALSE,TRUE,TRUE,TRUE,7,1,TRUE
1,1,,-66.3,1.3,35.04,62.11,47.776923,0.566373,0.836754,-125.846154,-5057.692308,-5057.692308,-59.318262,68365.38462,0.836754,0.566373,0.010063,TRUE,TRUE,FALSE,TRUE,TRUE,TRUE,7,1,TRUE
1,2,,-65.56,1.3,20.07,28.24,21.723077,0,0,0,0,0,0,0,0,0,0,FALSE,FALSE,FALSE,FALSE,FALSE,FALSE,4,0,FALSE
1,2,,-65.58,1.3,20.08,29.14,22.415385,0,0,0,0,0,0,0,0,0,0,FALSE,FALSE,FALSE,FALSE,FALSE,FALSE,4,0,FALSE
1,2,,-65.6,1.3,20.09,29.88,22.984615,0,0,0,0,0,0,0,0,0,0,FALSE,FALSE,FALSE,FALSE,FALSE,FALSE,4,0,FALSE
1,2,,-65.62,1.3,20.09,30.61,23.546154,0,0,0,0,0,0,0,0,0,0,FALSE,FALSE,FALSE,FALSE,FALSE,FALSE,4,0,FALSE
1,2,,-65.64,1.3,20.07,31.49,24.223077,0,0,0,0,0,0,0,0,0,0,FALSE,FALSE,FALSE,FALSE,FALSE,FALSE,4,0,FALSE
1,2,,-65.66,1.3,20.09,32.36,24.892308,0,0,0,0,0,0,0,0,0,0,FALSE,FALSE,FALSE,FALSE,FALSE,FALSE,4,0,FALSE
1,2,,-65.68,1.3,20.08,33.25,25.576923,0,0,0,0,0,0,0,0,0,0,FALSE,FALSE,FALSE,FALSE,FALSE,FALSE,4,0,FALSE
1,2,,-65.7,1.3,25.03,34.31,26.392308,0,0.998363,-35.230769,326.923077,326.923077,2.247115,0,0.998363,0,0,FALSE,FALSE,FALSE,FALSE,FALSE,FALSE,5,0,FALSE
1,2,,-65.72,1.3,25.03,35.23,27.1,0.77239,0.998788,-36.269231,-269.230769,-269.230769,-4.656123,-2596.153846,0.998788,0.77239,0,FALSE,FALSE,FALSE,FALSE,TRUE,FALSE,5,0.2,FALSE
1,2,,-65.74,1.3,25.04,36.27,27.9,0.874586,0.999301,-37.692308,230.769231,230.769231,0.928678,-3557.692308,0.999301,0.874586,0.867579,FALSE,FALSE,FALSE,FALSE,TRUE,TRUE,5,0.4,FALSE
1,2,,-65.76,1.3,25.04,37.46,28.815385,0.870001,0.998195,-39.923077,288.461538,288.461538,1.946311,-5576.923077,0.998195,0.870001,0.851606,FALSE,FALSE,FALSE,FALSE,TRUE,TRUE,5,0.4,FALSE
1,2,,-65.78,1.3,25.05,38.58,29.676923,0.895275,0.997754,-41.423077,-134.615385,-134.615385,-2.178878,-3750,0.997754,0.895275,0.899083,FALSE,FALSE,FALSE,FALSE,TRUE,TRUE,5,0.4,FALSE
1,2,,-65.8,1.3,25.04,40.24,30.953846,0.77487,0.991985,-47.423077,1038.461538,1038.461538,10.96161,-15000,0.991985,0.77487,0.703488,FALSE,FALSE,FALSE,FALSE,TRUE,TRUE,5,0.4,FALSE
1,2,,-65.82,1.3,25.03,41.53,31.946154,0.89947,0.995435,-51.153846,-711.538462,-711.538462,-6.853068,-9326.923077,0.995435,0.89947,0.897379,FALSE,FALSE,FALSE,FALSE,TRUE,TRUE,5,0.4,FALSE
1,2,,-65.84,1.3,25.02,43.27,33.284615,0.954552,0.995422,-56.038462,865.384615,865.384615,2.087781,-12211.53846,0.995422,0.954552,0.872341,FALSE,FALSE,FALSE,FALSE,TRUE,TRUE,5,0.4,FALSE
1,2,,-65.86,1.3,25.02,44.73,34.407692,0.936151,0.9985,-58.961538,-538.461538,-538.461538,-5.182278,-7307.692308,0.9985,0.936151,0.896259,FALSE,FALSE,FALSE,FALSE,TRUE,TRUE,5,0.4,FALSE
1,2,,-65.88,1.3,25.02,46.45,35.730769,0.752752,0.997927,-60.076923,500,500,-4.110695,-2788.461538,0.997927,0.752752,0.873217,FALSE,FALSE,FALSE,FALSE,TRUE,TRUE,5,0.4,FALSE
1,2,,-65.9,1.3,25.02,48.82,37.553846,0.743791,0.992079,-68.307692,1250,1250,14.706484,-20576.92308,0.992079,0.743791,0.622436,FALSE,TRUE,FALSE,FALSE,TRUE,TRUE,5,0.6,FALSE
1,2,,-65.92,1.3,25.03,51.02,39.246154,0.771057,0.990618,-75.346154,-326.923077,-326.923077,-4.085448,-17596.15385,0.990618,0.771057,0.898567,FALSE,FALSE,FALSE,FALSE,TRUE,TRUE,5,0.4,FALSE
1,2,,-65.94,1.3,25.04,53.32,41.015385,0.915815,0.997528,-83.653846,192.307692,192.307692,0.751584,-20769.23077,0.997528,0.915815,0.881816,FALSE,FALSE,FALSE,FALSE,TRUE,TRUE,5,0.4,FALSE
1,2,,-65.96,1.3,30.01,56.54,43.492308,0.993128,0.994213,-94.923077,1769.230769,1769.230769,4.221603,-28173.07692,0.994213,0.993128,0.868673,TRUE,FALSE,FALSE,FALSE,FALSE,TRUE,6,0.4,FALSE
1,2,,-65.98,1.3,35.05,60.83,46.792308,0.9432,0.97805,-113.615385,2057.692308,2057.692308,11.097074,-46730.76923,0.97805,0.9432,0.844112,TRUE,FALSE,TRUE,FALSE,TRUE,TRUE,7,0.8,TRUE
1,2,,-66,1.3,30.09,68.12,52.4,0.845801,0.949777,-160.423077,5769.230769,5769.230769,41.497656,-117019.2308,0.949777,0.845801,0.780214,TRUE,TRUE,TRUE,TRUE,TRUE,TRUE,6,1,TRUE
1,2,,-66.02,1.3,35.05,69.74,53.646154,0.902462,0.96977,-170.846154,-10903.84615,-10903.84615,-68.472548,-26057.69231,0.96977,0.902462,0.83724,TRUE,TRUE,FALSE,TRUE,TRUE,TRUE,7,1,TRUE
1,3,,-65.42,1.3,20.08,24.55,18.884615,0,0,0,0,0,0,0,0,0,0,FALSE,FALSE,FALSE,FALSE,FALSE,FALSE,4,0,FALSE
1,3,,-65.44,1.3,20.08,25.47,19.592308,0,0,0,0,0,0,0,0,0,0,FALSE,FALSE,FALSE,FALSE,FALSE,FALSE,4,0,FALSE
1,3,,-65.46,1.3,20.08,26.15,20.115385,0,0,0,0,0,0,0,0,0,0,FALSE,FALSE,FALSE,FALSE,FALSE,FALSE,4,0,FALSE
1,3,,-65.48,1.3,20.08,26.98,20.753846,0,0,0,0,0,0,0,0,0,0,FALSE,FALSE,FALSE,FALSE,FALSE,FALSE,4,0,FALSE
1,3,,-65.5,1.3,20.08,27.59,21.223077,0,0,0,0,0,0,0,0,0,0,FALSE,FALSE,FALSE,FALSE,FALSE,FALSE,4,0,FALSE
1,3,,-65.52,1.3,20.09,28.46,21.892308,0,0,0,0,0,0,0,0,0,0,FALSE,FALSE,FALSE,FALSE,FALSE,FALSE,4,0,FALSE
1,3,,-65.54,1.3,20.08,29.06,22.353846,0,0,0,0,0,0,0,0,0,0,FALSE,FALSE,FALSE,FALSE,FALSE,FALSE,4,0,FALSE
1,3,,-65.56,1.3,20.08,30,23.076923,0,0.994697,-28.884615,653.846154,653.846154,4.204998,0,0.994697,0,0,FALSE,FALSE,FALSE,FALSE,FALSE,FALSE,4,0,FALSE
1,3,,-65.58,1.3,20.08,30.7,23.615385,0.701394,0.996637,-29.846154,-461.538462,-461.538462,0.379773,-2403.846154,0.996637,0.701394,0,FALSE,FALSE,FALSE,FALSE,TRUE,FALSE,4,0.2,FALSE
1,3,,-65.6,1.3,20.08,31.7,24.384615,0.042068,0.993898,-31.230769,576.923077,576.923077,1.243516,-3461.538462,0.993898,0.042068,0.862015,FALSE,FALSE,FALSE,FALSE,TRUE,TRUE,4,0.4,FALSE
1,3,,-65.62,1.3,20.09,32.42,24.938462,0.913544,0.99726,-32.384615,-538.461538,-538.461538,-0.978832,-2884.615385,0.99726,0.913544,0.899083,FALSE,FALSE,FALSE,FALSE,TRUE,TRUE,4,0.4,FALSE
1,3,,-65.64,1.3,25.04,33.52,25.784615,0.980008,0.994567,-33.692308,730.769231,730.769231,0.38352,-3269.230769,0.994567,0.980008,0.884997,FALSE,FALSE,FALSE,FALSE,FALSE,TRUE,5,0.2,FALSE
1,3,,-65.66,1.3,20.09,34.36,26.430769,0.988299,0.997083,-35.153846,-500,-500,0.181069,-3653.846154,0.997083,0.988299,0.886018,FALSE,FALSE,FALSE,FALSE,FALSE,TRUE,4,0.2,FALSE
1,3,,-65.68,1.3,25.04,35.59,27.376923,0.916505,0.993163,-37.384615,750,750,2.041093,-5576.923077,0.993163,0.916505,0.854991,FALSE,FALSE,FALSE,FALSE,TRUE,TRUE,5,0.4,FALSE
1,3,,-65.7,1.3,25.04,36.55,28.115385,0.95076,0.997626,-39.730769,-519.230769,-519.230769,-0.284101,-5865.384615,0.997626,0.95076,0.890045,FALSE,FALSE,FALSE,FALSE,TRUE,TRUE,5,0.4,FALSE
1,3,,-65.72,1.3,25.05,37.95,29.192308,0.977409,0.993598,-42.5,846.153846,846.153846,0.944965,-6923.076923,0.993598,0.977409,0.881816,FALSE,FALSE,FALSE,FALSE,FALSE,TRUE,5,0.2,FALSE
1,3,,-65.74,1.3,25.04,39.24,30.184615,0.972998,0.996767,-46.615385,-211.538462,-211.538462,2.627127,-10288.46154,0.996767,0.972998,0.858275,FALSE,FALSE,FALSE,FALSE,TRUE,TRUE,5,0.4,FALSE
1,3,,-65.76,1.3,25.04,40.64,31.261538,0.979784,0.996242,-49.192308,211.538462,211.538462,-4.301268,-6442.307692,0.996242,0.979784,0.897564,FALSE,FALSE,FALSE,FALSE,FALSE,TRUE,5,0.2,FALSE
1,3,,-65.78,1.3,25.04,42.21,32.469231,0.984155,0.998846,-53.884615,326.923077,326.923077,4.396906,-11730.76923,0.998846,0.984155,0.830879,FALSE,FALSE,FALSE,FALSE,FALSE,TRUE,5,0.2,FALSE
1,3,,-65.8,1.3,25.04,43.94,33.8,0.983097,0.996475,-57.5,307.692308,307.692308,-3.072566,-9038.461538,0.996475,0.983097,0.899941,FALSE,FALSE,FALSE,FALSE,FALSE,TRUE,5,0.2,FALSE
1,3,,-65.82,1.3,25.04,45.78,35.215385,0.978196,0.997115,-63,211.538462,211.538462,3.375417,-13750,0.997115,0.978196,0.855404,FALSE,FALSE,FALSE,FALSE,FALSE,TRUE,5,0.2,FALSE
1,3,,-65.84,1.3,35.05,52.69,40.530769,0.633312,0.873524,-106.423077,9750,9750,88.314818,-108557.6923,0.873524,0.633312,0.615298,TRUE,TRUE,TRUE,TRUE,TRUE,TRUE,7,1,TRUE
1,3,,-65.86,1.3,35.05,52.72,40.553846,0.801861,0.906231,-114.5,-13230.76923,-13230.76923,-94.839079,-20192.30769,0.906231,0.801861,0.826052,TRUE,TRUE,TRUE,TRUE,TRUE,TRUE,7,1,TRUE
1,3,,-65.88,1.3,25.05,56.11,43.161538,0.750466,0.921394,-120.307692,6461.538462,6461.538462,-4.225814,-14519.23077,0.921394,0.750466,0.89986,TRUE,FALSE,FALSE,TRUE,TRUE,TRUE,5,0.8,TRUE
1,4,,-65.48,1.3,20.09,25.66,19.738462,0,0,0,0,0,0,0,0,0,0,FALSE,FALSE,FALSE,FALSE,FALSE,FALSE,4,0,FALSE
1,4,,-65.5,1.3,20,26.7,20.538462,0,0,0,0,0,0,0,0,0,0,FALSE,FALSE,FALSE,FALSE,FALSE,FALSE,4,0,FALSE
1,4,,-65.52,1.3,20.07,27.58,21.215385,0,0,0,0,0,0,0,0,0,0,FALSE,FALSE,FALSE,FALSE,FALSE,FALSE,4,0,FALSE
1,4,,-65.54,1.3,20.09,28.3,21.769231,0,0,0,0,0,0,0,0,0,0,FALSE,FALSE,FALSE,FALSE,FALSE,FALSE,4,0,FALSE
1,4,,-65.56,1.3,20.09,29.2,22.461538,0,0,0,0,0,0,0,0,0,0,FALSE,FALSE,FALSE,FALSE,FALSE,FALSE,4,0,FALSE
1,4,,-65.58,1.3,20.08,29.95,23.038462,0,0,0,0,0,0,0,0,0,0,FALSE,FALSE,FALSE,FALSE,FALSE,FALSE,4,0,FALSE
1,4,,-65.6,1.3,20.07,30.87,23.746154,0,0,0,0,0,0,0,0,0,0,FALSE,FALSE,FALSE,FALSE,FALSE,FALSE,4,0,FALSE
1,4,,-65.62,1.3,20.08,31.69,24.376923,0,0.999268,-32.5,-192.307692,-192.307692,1.35699,0,0.999268,0,0,FALSE,FALSE,FALSE,FALSE,FALSE,FALSE,4,0,FALSE
1,4,,-65.64,1.3,20.08,32.66,25.123077,0.630595,0.998381,-33.307692,288.461538,288.461538,-0.183348,-2019.230769,0.998381,0.630595,0,FALSE,FALSE,FALSE,FALSE,TRUE,FALSE,4,0.2,FALSE
1,4,,-65.66,1.3,25.02,33.66,25.892308,0.047754,0.998762,-35.423077,57.692308,57.692308,3.683591,-5288.461538,0.998762,0.047754,0.77272,FALSE,FALSE,FALSE,FALSE,TRUE,TRUE,5,0.4,FALSE
1,4,,-65.68,1.3,25.04,34.73,26.715385,0.726969,0.997761,-37.269231,134.615385,134.615385,-1.074468,-4615.384615,0.997761,0.726969,0.898078,FALSE,FALSE,FALSE,FALSE,TRUE,TRUE,5,0.4,FALSE
1,4,,-65.7,1.3,25.02,35.79,27.530769,0.928316,0.999542,-39.5,-19.230769,-19.230769,0.689166,-5576.923077,0.999542,0.928316,0.879842,FALSE,FALSE,FALSE,FALSE,TRUE,TRUE,5,0.4,FALSE
1,4,,-65.72,1.3,20.08,36.96,28.430769,0.985431,0.999261,-41.269231,211.538462,211.538462,-1.506578,-4423.076923,0.999261,0.985431,0.899746,FALSE,FALSE,FALSE,FALSE,FALSE,TRUE,4,0.2,FALSE
1,4,,-65.74,1.3,25.04,38.17,29.361538,0.985274,0.999082,-43.269231,76.923077,76.923077,0.355495,-5000,0.999082,0.985274,0.885187,FALSE,FALSE,FALSE,FALSE,FALSE,TRUE,5,0.2,FALSE
1,4,,-65.76,1.3,25.04,39.63,30.484615,0.935668,0.996408,-46.846154,480.769231,480.769231,3.674335,-8942.307692,0.996408,0.935668,0.833504,FALSE,FALSE,FALSE,FALSE,TRUE,TRUE,5,0.4,FALSE
1,4,,-65.78,1.3,25.04,41.05,31.576923,0.923101,0.997455,-50.730769,-76.923077,-76.923077,-0.026557,-9711.538462,0.997455,0.923101,0.888006,FALSE,FALSE,FALSE,FALSE,TRUE,TRUE,5,0.4,FALSE
1,4,,-65.8,1.3,25.04,42.69,32.838462,0.973626,0.997456,-55.153846,423.076923,423.076923,0.587581,-11057.69231,0.997456,0.973626,0.884649,FALSE,FALSE,FALSE,FALSE,TRUE,TRUE,5,0.4,FALSE
1,4,,-65.82,1.3,25.04,44.52,34.246154,0.994974,0.997097,-60.615385,365.384615,365.384615,1.511815,-13653.84615,0.997097,0.994974,0.87793,FALSE,FALSE,FALSE,FALSE,FALSE,TRUE,5,0.2,FALSE
1,4,,-65.84,1.3,25.03,46.34,35.646154,0.994087,0.997353,-64.961538,-19.230769,-19.230769,-3.374262,-10865.38462,0.997353,0.994087,0.899714,FALSE,FALSE,FALSE,FALSE,FALSE,TRUE,5,0.2,FALSE
1,4,,-65.86,1.3,25.04,48.27,37.130769,0.983232,0.999227,-69.576923,211.538462,211.538462,-0.170549,-11538.46154,0.999227,0.983232,0.88945,FALSE,FALSE,FALSE,FALSE,FALSE,TRUE,5,0.2,FALSE
1,4,,-65.88,1.3,25.04,52.48,40.369231,0.77118,0.95982,-89.730769,4384.615385,4384.615385,32.140653,-50384.61539,0.95982,0.77118,0.690165,TRUE,TRUE,TRUE,TRUE,TRUE,TRUE,5,1,TRUE
1,4,,-65.9,1.3,35.07,54.15,41.653846,0.863103,0.974617,-97.692308,-4884.615385,-4884.615385,-30.727564,-19903.84615,0.974617,0.863103,0.875428,TRUE,TRUE,FALSE,TRUE,TRUE,TRUE,7,1,TRUE
1,4,,-65.92,1.3,35.04,55.54,42.723077,0.610086,0.962333,-93.384615,-538.461538,-538.461538,-20.074337,10769.23077,0.962333,0.610086,0.367329,FALSE,TRUE,FALSE,TRUE,TRUE,TRUE,7,0.8,TRUE
1,5,,-65.48,1.3,35.05,21.4,16.461538,0,0,0,0,0,0,0,0,0,0,FALSE,FALSE,FALSE,FALSE,FALSE,FALSE,7,0,FALSE
1,5,,-65.5,1.3,25.05,23.97,18.438462,0,0,0,0,0,0,0,0,0,0,FALSE,FALSE,FALSE,FALSE,FALSE,FALSE,5,0,FALSE
1,5,,-65.52,1.3,20.09,25.46,19.584615,0,0,0,0,0,0,0,0,0,0,FALSE,FALSE,FALSE,FALSE,FALSE,FALSE,4,0,FALSE
1,5,,-65.54,1.3,20.08,26.6,20.461538,0,0,0,0,0,0,0,0,0,0,FALSE,FALSE,FALSE,FALSE,FALSE,FALSE,4,0,FALSE
1,5,,-65.56,1.3,20.09,27.66,21.276923,0,0,0,0,0,0,0,0,0,0,FALSE,FALSE,FALSE,FALSE,FALSE,FALSE,4,0,FALSE
1,5,,-65.58,1.3,20.08,28.64,22.030769,0,0,0,0,0,0,0,0,0,0,FALSE,FALSE,FALSE,FALSE,FALSE,FALSE,4,0,FALSE
1,5,,-65.6,1.3,20.09,29.6,22.769231,0,0,0,0,0,0,0,0,0,0,FALSE,FALSE,FALSE,FALSE,FALSE,FALSE,4,0,FALSE
1,5,,-65.62,1.3,20.08,30.53,23.484615,0,0.999384,-37.692308,-57.692308,-57.692308,11.217511,0,0.999384,0,0,FALSE,FALSE,FALSE,FALSE,FALSE,FALSE,4,0,FALSE
1,5,,-65.64,1.3,20.08,31.35,24.115385,0.841308,0.998881,-35.653846,-211.538462,-211.538462,0.957042,5096.153846,0.998881,0.841308,0,FALSE,FALSE,FALSE,FALSE,TRUE,FALSE,4,0.2,FALSE
1,5,,-65.66,1.3,20.08,32.43,24.946154,0.915422,0.998565,-35.884615,500,500,7.451808,-576.923077,0.998565,0.915422,0.687047,FALSE,FALSE,FALSE,FALSE,TRUE,TRUE,4,0.4,FALSE
1,5,,-65.68,1.3,20.09,33.4,25.692308,0.881896,0.998221,-36.538462,-211.538462,-211.538462,1.412785,-1634.615385,0.998221,0.881896,0.759551,FALSE,FALSE,FALSE,FALSE,TRUE,TRUE,4,0.4,FALSE
1,5,,-65.7,1.3,25.04,34.49,26.530769,0.626538,0.997961,-38.346154,230.769231,230.769231,3.263511,-4519.230769,0.997961,0.626538,0.763657,FALSE,FALSE,FALSE,FALSE,TRUE,TRUE,5,0.4,FALSE
1,5,,-65.72,1.3,25.04,35.69,27.453846,0.118981,0.998708,-41.307692,211.538462,211.538462,2.82567,-7403.846154,0.998708,0.118981,0.84579,FALSE,FALSE,FALSE,FALSE,TRUE,TRUE,5,0.4,FALSE
1,5,,-65.74,1.3,20.08,36.73,28.253846,0.607953,0.998882,-41.884615,-307.692308,-307.692308,-6.754615,-1442.307692,0.998882,0.607953,0.828844,FALSE,FALSE,FALSE,FALSE,TRUE,TRUE,4,0.4,FALSE
1,5,,-65.76,1.3,25.04,38.11,29.315385,0.825777,0.998065,-44.846154,653.846154,653.846154,6.139989,-7403.846154,0.998065,0.825777,0.666998,FALSE,FALSE,FALSE,FALSE,TRUE,TRUE,5,0.4,FALSE
1,5,,-65.78,1.3,25.04,39.38,30.292308,0.806553,0.998015,-46.923077,-211.538462,-211.538462,-2.696239,-5192.307692,0.998015,0.806553,0.899648,FALSE,FALSE,FALSE,FALSE,TRUE,TRUE,5,0.4,FALSE
1,5,,-65.8,1.3,25.03,41.07,31.592308,0.766248,0.993618,-51.576923,807.692308,807.692308,6.017692,-11634.61539,0.993618,0.766248,0.798544,FALSE,FALSE,FALSE,FALSE,TRUE,TRUE,5,0.4,FALSE
1,5,,-65.82,1.3,25.04,42.48,32.676923,0.96014,0.998045,-55.615385,-538.461538,-538.461538,-2.599977,-10096.15385,0.998045,0.96014,0.898222,FALSE,FALSE,FALSE,FALSE,TRUE,TRUE,5,0.4,FALSE
1,5,,-65.84,1.3,25.05,44.43,34.176923,0.971433,0.995269,-60.538462,1038.461538,1038.461538,1.511444,-12307.69231,0.995269,0.971433,0.879073,FALSE,FALSE,FALSE,FALSE,TRUE,TRUE,5,0.4,FALSE
1,5,,-65.86,1.3,25.03,46.3,35.615385,0.996636,0.996917,-66.153846,-153.846154,-153.846154,0.423401,-14038.46154,0.996917,0.996636,0.884515,FALSE,FALSE,FALSE,FALSE,FALSE,TRUE,5,0.2,FALSE
1,5,,-65.88,1.3,35.06,50.37,38.746154,0.788375,0.95521,-86.230769,4230.769231,4230.769231,31.196127,-50192.30769,0.95521,0.788375,0.721203,TRUE,TRUE,TRUE,TRUE,TRUE,TRUE,7,1,TRUE
1,5,,-65.9,1.3,30.1,56.75,43.653846,0.788316,0.926901,-132.615385,4442.307692,4442.307692,44.936696,-115961.5385,0.926901,0.788316,0.793543,TRUE,TRUE,TRUE,TRUE,TRUE,TRUE,6,1,TRUE
1,5,,-65.92,1.3,35.05,58.96,45.353846,0.91565,0.967063,-151.961538,-8019.230769,-8019.230769,-69.789311,-48365.38462,0.967063,0.91565,0.878798,TRUE,TRUE,TRUE,TRUE,TRUE,TRUE,7,1,TRUE
1,6,,-65.58,1.3,35.04,16.09,12.376923,0,0,0,0,0,0,0,0,0,0,FALSE,FALSE,FALSE,FALSE,FALSE,FALSE,7,0,FALSE
1,6,,-65.6,1.3,35.05,21.21,16.315385,0,0,0,0,0,0,0,0,0,0,FALSE,FALSE,FALSE,FALSE,FALSE,FALSE,7,0,FALSE
1,6,,-65.62,1.3,35.05,24.3,18.692308,0,0,0,0,0,0,0,0,0,0,FALSE,FALSE,FALSE,FALSE,FALSE,FALSE,7,0,FALSE
1,6,,-65.64,1.3,20.08,25.58,19.676923,0,0,0,0,0,0,0,0,0,0,FALSE,FALSE,FALSE,FALSE,FALSE,FALSE,4,0,FALSE
1,6,,-65.66,1.3,20.08,26.69,20.530769,0,0,0,0,0,0,0,0,0,0,FALSE,FALSE,FALSE,FALSE,FALSE,FALSE,4,0,FALSE
1,6,,-65.68,1.3,20.08,27.53,21.176923,0,0,0,0,0,0,0,0,0,0,FALSE,FALSE,FALSE,FALSE,FALSE,FALSE,4,0,FALSE
1,6,,-65.7,1.3,20.08,28.57,21.976923,0,0,0,0,0,0,0,0,0,0,FALSE,FALSE,FALSE,FALSE,FALSE,FALSE,4,0,FALSE
1,6,,-65.72,1.3,20.07,29.47,22.669231,0,0.998446,-37.153846,-269.230769,-269.230769,64.180959,0,0.998446,0,0,FALSE,FALSE,FALSE,FALSE,FALSE,FALSE,4,0,FALSE
1,6,,-65.74,1.3,20.08,30.46,23.430769,0.759547,0.999146,-36.461538,173.076923,173.076923,9.650109,1730.769231,0.999146,0.759547,0,FALSE,FALSE,FALSE,FALSE,TRUE,FALSE,4,0.2,FALSE
1,6,,-65.76,1.3,20.09,31.47,24.207692,0.684223,0.999591,-37.576923,38.461538,38.461538,6.155938,-2788.461538,0.999591,0.684223,0.002484,FALSE,FALSE,FALSE,FALSE,TRUE,TRUE,4,0.4,FALSE
1,6,,-65.78,1.3,20.07,32.45,24.961538,0.812283,0.999605,-37.538462,-57.692308,-57.692308,-3.541431,96.153846,0.999605,0.812283,0.732165,FALSE,FALSE,FALSE,FALSE,TRUE,TRUE,4,0.4,FALSE
1,6,,-65.8,1.3,20.08,33.54,25.8,0.825196,0.99967,-38.961538,211.538462,211.538462,4.474995,-3557.692308,0.99967,0.825196,0.472535,FALSE,FALSE,FALSE,FALSE,TRUE,TRUE,4,0.4,FALSE
1,6,,-65.82,1.3,25.04,34.64,26.646154,0.732184,0.999358,-40.115385,19.230769,19.230769,-0.916271,-2884.615385,0.999358,0.732184,0.899502,FALSE,FALSE,FALSE,FALSE,TRUE,TRUE,5,0.4,FALSE
1,6,,-65.84,1.3,25.05,35.81,27.546154,0.249474,0.999037,-41.807692,134.615385,134.615385,1.375726,-4230.769231,0.999037,0.249474,0.859857,FALSE,FALSE,FALSE,FALSE,TRUE,TRUE,5,0.4,FALSE
1,6,,-65.86,1.3,25.04,37.01,28.469231,0.776253,0.999523,-43.807692,57.692308,57.692308,0.579874,-5000,0.999523,0.776253,0.881712,FALSE,FALSE,FALSE,FALSE,TRUE,TRUE,5,0.4,FALSE
1,6,,-65.88,1.3,25.04,38.4,29.538462,0.81783,0.998048,-46.5,365.384615,365.384615,1.51927,-6730.769231,0.998048,0.81783,0.869482,FALSE,FALSE,FALSE,FALSE,TRUE,TRUE,5,0.4,FALSE
1,6,,-65.9,1.3,25.04,39.7,30.538462,0.969437,0.998846,-48.884615,-173.076923,-173.076923,-1.23111,-5961.538462,0.998846,0.969437,0.897676,FALSE,FALSE,FALSE,FALSE,TRUE,TRUE,5,0.4,FALSE
1,6,,-65.92,1.3,25.08,41.39,31.838462,0.934144,0.996425,-53.269231,750,750,4.482244,-10961.53846,0.996425,0.934144,0.829443,FALSE,FALSE,FALSE,FALSE,TRUE,TRUE,5,0.4,FALSE
1,6,,-65.94,1.3,25.03,42.86,32.969231,0.969168,0.998137,-56.5,-423.076923,-423.076923,-3.547926,-8076.923077,0.998137,0.969168,0.899975,FALSE,FALSE,FALSE,FALSE,TRUE,TRUE,5,0.4,FALSE
1,6,,-65.96,1.3,25.04,44.9,34.538462,0.961549,0.994492,-62.153846,1096.153846,1096.153846,4.999771,-14134.61539,0.994492,0.961549,0.836634,TRUE,FALSE,TRUE,FALSE,TRUE,TRUE,5,0.8,TRUE
1,6,,-65.98,1.3,25.04,46.72,35.938462,0.985125,0.997252,-67.5,-423.076923,-423.076923,-1.943701,-13365.38462,0.997252,0.985125,0.895419,FALSE,FALSE,TRUE,FALSE,FALSE,TRUE,5,0.4,FALSE
1,6,,-66,1.3,25.03,49.08,37.753846,0.983005,0.994406,-74,1038.461538,1038.461538,1.610671,-16250,0.994406,0.983005,0.879305,TRUE,FALSE,TRUE,FALSE,FALSE,TRUE,5,0.6,FALSE
1,6,,-66.02,1.3,20.09,52.84,40.646154,0.855847,0.976637,-92.846154,2692.307692,2692.307692,23.533758,-47115.38462,0.976637,0.855847,0.755694,TRUE,FALSE,TRUE,FALSE,TRUE,TRUE,4,0.8,TRUE
1,6,,-66.04,1.3,30.09,59.36,45.661538,0.798322,0.932923,-134.769231,5307.692308,5307.692308,39.879293,-104807.6923,0.932923,0.798322,0.799727,TRUE,FALSE,TRUE,TRUE,TRUE,TRUE,6,1,TRUE
1,6,,-66.06,1.3,35.04,60.9,46.846154,0.908593,0.96545,-148.615385,-9576.923077,-9576.923077,-65.973418,-34615.38462,0.96545,0.908593,0.863664,TRUE,FALSE,TRUE,TRUE,TRUE,TRUE,7,1,TRUE
2,7,,-65.7,1.3,35.06,26.21,20.161538,0,0,0,0,0,0,0,0,0,0,FALSE,FALSE,FALSE,FALSE,FALSE,FALSE,7,0,FALSE
2,7,,-65.72,1.3,20.08,27.31,21.007692,0,0,0,0,0,0,0,0,0,0,FALSE,FALSE,FALSE,FALSE,FALSE,FALSE,4,0,FALSE
2,7,,-65.74,1.3,20.08,28.25,21.730769,0,0,0,0,0,0,0,0,0,0,FALSE,FALSE,FALSE,FALSE,FALSE,FALSE,4,0,FALSE
2,7,,-65.76,1.3,20.08,29.14,22.415385,0,0,0,0,0,0,0,0,0,0,FALSE,FALSE,FALSE,FALSE,FALSE,FALSE,4,0,FALSE
2,7,,-65.78,1.3,20.08,30.07,23.130769,0,0,0,0,0,0,0,0,0,0,FALSE,FALSE,FALSE,FALSE,FALSE,FALSE,4,0,FALSE
2,7,,-65.8,1.3,20.08,30.98,23.830769,0,0,0,0,0,0,0,0,0,0,FALSE,FALSE,FALSE,FALSE,FALSE,FALSE,4,0,FALSE
2,7,,-65.82,1.3,20.08,31.95,24.576923,0,0,0,0,0,0,0,0,0,0,FALSE,FALSE,FALSE,FALSE,FALSE,FALSE,4,0,FALSE
2,7,,-65.84,1.3,20.07,32.93,25.330769,0,0.999759,-36.384615,19.230769,19.230769,1.7115,0,0.999759,0,0,FALSE,FALSE,FALSE,FALSE,FALSE,FALSE,4,0,FALSE
2,7,,-65.86,1.3,25.04,33.95,26.115385,0.742583,0.999585,-37.346154,76.923077,76.923077,0.296891,-2403.846154,0.999585,0.742583,0,FALSE,FALSE,FALSE,FALSE,TRUE,FALSE,5,0.2,FALSE
2,7,,-65.88,1.3,20.08,35.03,26.946154,0.547999,0.999502,-38.846154,115.384615,115.384615,1.427607,-3750,0.999502,0.547999,0.852228,FALSE,FALSE,FALSE,FALSE,TRUE,TRUE,4,0.4,FALSE
2,7,,-65.9,1.3,25.03,36.13,27.792308,0.05421,0.999404,-40.230769,38.461538,38.461538,-0.488923,-3461.538462,0.999404,0.05421,0.896341,FALSE,FALSE,FALSE,FALSE,TRUE,TRUE,5,0.4,FALSE
2,7,,-65.92,1.3,25.04,37.35,28.730769,0.748773,0.998911,-42.384615,230.769231,230.769231,1.855644,-5384.615385,0.998911,0.748773,0.852593,FALSE,FALSE,FALSE,FALSE,TRUE,TRUE,5,0.4,FALSE
2,7,,-65.94,1.3,25.05,38.59,29.684615,0.930121,0.998931,-44.615385,38.461538,38.461538,-0.132506,-5576.923077,0.998931,0.930121,0.890951,FALSE,FALSE,FALSE,FALSE,TRUE,TRUE,5,0.4,FALSE
2,7,,-65.96,1.3,25.04,40.13,30.869231,0.870553,0.996075,-48.692308,576.923077,576.923077,4.253547,-10192.30769,0.996075,0.870553,0.830339,TRUE,FALSE,FALSE,FALSE,TRUE,TRUE,5,0.6,FALSE
2,7,,-65.98,1.3,25.07,41.49,31.915385,0.960154,0.998013,-51.923077,-346.153846,-346.153846,-2.877255,-8076.923077,0.998013,0.960154,0.899753,TRUE,FALSE,FALSE,FALSE,TRUE,TRUE,5,0.6,FALSE
2,7,,-66,1.3,25.04,43.24,33.261538,0.980638,0.996902,-56.461538,750,750,2.536467,-11346.15385,0.996902,0.980638,0.864846,TRUE,FALSE,FALSE,FALSE,FALSE,TRUE,5,0.4,FALSE
2,7,,-66.02,1.3,25.03,44.83,34.484615,0.986472,0.998558,-59.961538,-307.692308,-307.692308,-3.126421,-8750,0.998558,0.986472,0.899937,TRUE,FALSE,FALSE,FALSE,FALSE,TRUE,5,0.4,FALSE
2,7,,-66.04,1.3,25.04,46.82,36.015385,0.990488,0.996292,-64.307692,769.230769,769.230769,1.377593,-10865.38462,0.996292,0.990488,0.877419,TRUE,FALSE,FALSE,FALSE,FALSE,TRUE,5,0.4,FALSE
2,7,,-66.06,1.3,25.04,48.85,37.576923,0.981997,0.99756,-70.384615,76.923077,76.923077,2.682632,-15192.30769,0.99756,0.981997,0.865368,FALSE,FALSE,FALSE,FALSE,FALSE,TRUE,5,0.2,FALSE
2,7,,-66.08,1.3,25.05,51.21,39.392308,0.973086,0.995382,-76.769231,634.615385,634.615385,-0.317239,-15961.53846,0.995382,0.973086,0.890107,TRUE,FALSE,FALSE,FALSE,TRUE,TRUE,5,0.6,FALSE
2,7,,-66.1,1.3,30.1,53.77,41.361538,0.980855,0.996796,-85.653846,384.615385,384.615385,3.382321,-22211.53846,0.996796,0.980855,0.865898,FALSE,FALSE,TRUE,FALSE,FALSE,TRUE,6,0.4,FALSE
2,7,,-66.12,1.3,35.05,58.38,44.907692,0.857224,0.970332,-107.846154,3942.307692,3942.307692,23.531968,-55480.76923,0.970332,0.857224,0.780632,TRUE,TRUE,TRUE,TRUE,TRUE,TRUE,7,1,TRUE
2,7,,-66.14,1.3,20.08,63.6,48.923077,0.882783,0.967732,-141.038462,1173.076923,1173.076923,11.019101,-82980.76923,0.967732,0.882783,0.857496,TRUE,TRUE,TRUE,TRUE,TRUE,TRUE,4,1,TRUE
2,7,,-66.16,1.3,35.04,63.28,48.676923,0.780269,0.935379,-130.653846,-10653.84615,-10653.84615,-69.642411,25961.53846,0.935379,0.780269,0.548356,TRUE,TRUE,TRUE,TRUE,TRUE,TRUE,7,1,TRUE
2,8,,-65.52,1.3,25.03,27.7,21.307692,0,0,0,0,0,0,0,0,0,0,FALSE,FALSE,FALSE,FALSE,FALSE,FALSE,5,0,FALSE
2,8,,-65.54,1.3,20.08,28.72,22.092308,0,0,0,0,0,0,0,0,0,0,FALSE,FALSE,FALSE,FALSE,FALSE,FALSE,4,0,FALSE
2,8,,-65.56,1.3,20.08,29.85,22.961538,0,0,0,0,0,0,0,0,0,0,FALSE,FALSE,FALSE,FALSE,FALSE,FALSE,4,0,FALSE
2,8,,-65.58,1.3,20.09,30.69,23.607692,0,0,0,0,0,0,0,0,0,0,FALSE,FALSE,FALSE,FALSE,FALSE,FALSE,4,0,FALSE
2,8,,-65.6,1.3,20.09,31.76,24.430769,0,0,0,0,0,0,0,0,0,0,FALSE,FALSE,FALSE,FALSE,FALSE,FALSE,4,0,FALSE
2,8,,-65.62,1.3,20.08,32.61,25.084615,0,0,0,0,0,0,0,0,0,0,FALSE,FALSE,FALSE,FALSE,FALSE,FALSE,4,0,FALSE
2,8,,-65.64,1.3,20.08,33.74,25.953846,0,0,0,0,0,0,0,0,0,0,FALSE,FALSE,FALSE,FALSE,FALSE,FALSE,4,0,FALSE
2,8,,-65.66,1.3,20.07,34.72,26.707692,0,0.998657,-38.615385,-288.461538,-288.461538,3.817971,0,0.998657,0,0,FALSE,FALSE,FALSE,FALSE,FALSE,FALSE,4,0,FALSE
2,8,,-65.68,1.3,25.04,36.01,27.7,0.458477,0.995625,-40.807692,596.153846,596.153846,2.31771,-5480.769231,0.995625,0.458477,0,FALSE,FALSE,FALSE,FALSE,TRUE,FALSE,5,0.2,FALSE
2,8,,-65.7,1.3,25.04,37.02,28.476923,0.176379,0.998556,-42.653846,-538.461538,-538.461538,-1.363641,-4615.384615,0.998556,0.176379,0.898888,FALSE,FALSE,FALSE,FALSE,TRUE,TRUE,5,0.4,FALSE
2,8,,-65.72,1.3,25.04,38.38,29.523077,0.962918,0.997183,-44.538462,673.076923,673.076923,-0.072428,-4711.538462,0.997183,0.962918,0.891765,FALSE,FALSE,FALSE,FALSE,TRUE,TRUE,5,0.4,FALSE
2,8,,-65.74,1.3,25.05,39.66,30.507692,0.97848,0.998149,-47.115385,-153.846154,-153.846154,1.413245,-6442.307692,0.998149,0.97848,0.867818,FALSE,FALSE,FALSE,FALSE,FALSE,TRUE,5,0.2,FALSE
2,8,,-65.76,1.3,25.04,41.15,31.653846,0.973803,0.99614,-49.692308,403.846154,403.846154,-0.311298,-6442.307692,0.99614,0.973803,0.892857,FALSE,FALSE,FALSE,FALSE,TRUE,TRUE,5,0.4,FALSE
2,8,,-65.78,1.3,25.05,42.65,32.807692,0.933868,0.998915,-53.961538,19.230769,19.230769,3.353013,-10673.07692,0.998915,0.933868,0.844276,FALSE,FALSE,FALSE,FALSE,TRUE,TRUE,5,0.4,FALSE
2,8,,-65.8,1.3,25.04,44.32,34.092308,0.976526,0.997897,-57.192308,326.923077,326.923077,-2.884648,-8076.923077,0.997897,0.976526,0.899994,FALSE,FALSE,FALSE,FALSE,FALSE,TRUE,5,0.2,FALSE
2,8,,-65.82,1.3,25.04,46.17,35.515385,0.979064,0.997724,-62.269231,346.153846,346.153846,3.429164,-12692.30769,0.997724,0.979064,0.851289,FALSE,FALSE,FALSE,FALSE,FALSE,TRUE,5,0.2,FALSE
2,8,,-65.84,1.3,25.04,48.29,37.146154,0.977235,0.995441,-68.461538,519.230769,519.230769,1.488969,-15480.76923,0.995441,0.977235,0.879026,FALSE,FALSE,FALSE,FALSE,FALSE,TRUE,5,0.2,FALSE
2,8,,-65.86,1.3,25.03,50.32,38.707692,0.981074,0.997854,-74.269231,-173.076923,-173.076923,-2.011939,-14519.23077,0.997854,0.981074,0.895744,FALSE,FALSE,FALSE,FALSE,FALSE,TRUE,5,0.2,FALSE
2,8,,-65.88,1.3,30.08,53.1,40.846154,0.985493,0.994359,-83.5,1442.307692,1442.307692,5.693198,-23076.92308,0.994359,0.985493,0.849811,FALSE,FALSE,FALSE,FALSE,FALSE,TRUE,6,0.2,FALSE
2,8,,-65.9,1.3,30.09,55.83,42.946154,0.987143,0.994606,-92.807692,-96.153846,-96.153846,-1.772868,-23269.23077,0.994606,0.987143,0.892427,FALSE,FALSE,FALSE,FALSE,FALSE,TRUE,6,0.2,FALSE
2,8,,-65.92,1.3,35.04,60.8,46.769231,0.877846,0.970975,-117.423077,4307.692308,4307.692308,25.844361,-61538.46154,0.970975,0.877846,0.771094,TRUE,TRUE,TRUE,TRUE,TRUE,TRUE,7,1,TRUE
2,8,,-65.94,1.3,35.04,62.76,48.276923,0.922223,0.984109,-125.307692,-5788.461538,-5788.461538,-34.346751,-19711.53846,0.984109,0.922223,0.861593,TRUE,TRUE,FALSE,FALSE,TRUE,TRUE,7,0.8,TRUE
2,8,,-65.96,1.3,35.05,64.23,49.407692,0.314435,0.957391,-112.269231,-942.307692,-942.307692,-28.730579,32596.15385,0.957391,0.314435,0.004574,FALSE,TRUE,TRUE,TRUE,TRUE,TRUE,7,1,TRUE
2,9,,-65.44,1.3,35.04,19.49,14.992308,0,0,0,0,0,0,0,0,0,0,FALSE,FALSE,FALSE,FALSE,FALSE,FALSE,7,0,FALSE
2,9,,-65.46,1.3,35.06,23.78,18.292308,0,0,0,0,0,0,0,0,0,0,FALSE,FALSE,FALSE,FALSE,FALSE,FALSE,7,0,FALSE
2,9,,-65.48,1.3,20.08,26.42,20.323077,0,0,0,0,0,0,0,0,0,0,FALSE,FALSE,FALSE,FALSE,FALSE,FALSE,4,0,FALSE
2,9,,-65.5,1.3,20.08,27.72,21.323077,0,0,0,0,0,0,0,0,0,0,FALSE,FALSE,FALSE,FALSE,FALSE,FALSE,4,0,FALSE
2,9,,-65.52,1.3,20.08,29.01,22.315385,0,0,0,0,0,0,0,0,0,0,FALSE,FALSE,FALSE,FALSE,FALSE,FALSE,4,0,FALSE
2,9,,-65.54,1.3,20.08,29.94,23.030769,0,0,0,0,0,0,0,0,0,0,FALSE,FALSE,FALSE,FALSE,FALSE,FALSE,4,0,FALSE
2,9,,-65.56,1.3,20.09,31.16,23.969231,0,0,0,0,0,0,0,0,0,0,FALSE,FALSE,FALSE,FALSE,FALSE,FALSE,4,0,FALSE
2,9,,-65.58,1.3,20.07,32.2,24.769231,0,0.998034,-42.730769,-346.153846,-346.153846,40.582555,0,0.998034,0,0,FALSE,FALSE,FALSE,FALSE,FALSE,FALSE,4,0,FALSE
2,9,,-65.6,1.3,20.08,33.4,25.692308,0.764594,0.998336,-42.461538,307.692308,307.692308,6.975465,673.076923,0.998336,0.764594,0,FALSE,FALSE,FALSE,FALSE,TRUE,FALSE,4,0.2,FALSE
2,9,,-65.62,1.3,25.05,34.48,26.523077,0.723042,0.999463,-43.538462,-230.769231,-230.769231,4.340591,-2692.307692,0.999463,0.723042,0.231481,FALSE,FALSE,FALSE,FALSE,TRUE,TRUE,5,0.4,FALSE
2,9,,-65.64,1.3,25.04,35.79,27.530769,0.823938,0.998593,-44.384615,442.307692,442.307692,-0.713535,-2115.384615,0.998593,0.823938,0.899824,FALSE,FALSE,FALSE,FALSE,TRUE,TRUE,5,0.4,FALSE
2,9,,-65.66,1.3,20.08,36.98,28.446154,0.821771,0.99929,-45.961538,-230.769231,-230.769231,2.005498,-3942.307692,0.99929,0.821771,0.82744,FALSE,FALSE,FALSE,FALSE,TRUE,TRUE,4,0.4,FALSE
2,9,,-65.68,1.3,25.03,38.44,29.569231,0.219365,0.997652,-48.384615,519.230769,519.230769,2.024684,-6057.692308,0.997652,0.219365,0.854149,FALSE,FALSE,FALSE,FALSE,TRUE,TRUE,5,0.4,FALSE
2,9,,-65.7,1.3,25.04,39.73,30.561538,0.265743,0.999199,-50.576923,-326.923077,-326.923077,-0.963533,-5480.769231,0.999199,0.265743,0.897028,FALSE,FALSE,FALSE,FALSE,TRUE,TRUE,5,0.4,FALSE
2,9,,-65.72,1.3,25.06,41.41,31.853846,0.902657,0.996812,-53.807692,750,750,2.258839,-8076.923077,0.996812,0.902657,0.859287,FALSE,FALSE,FALSE,FALSE,TRUE,TRUE,5,0.4,FALSE
2,9,,-65.74,1.3,25.04,42.87,32.976923,0.978434,0.998592,-56.730769,-423.076923,-423.076923,-1.299296,-7307.692308,0.998592,0.978434,0.897028,FALSE,FALSE,FALSE,FALSE,FALSE,TRUE,5,0.2,FALSE
2,9,,-65.76,1.3,25.04,44.67,34.361538,0.98404,0.997315,-60,653.846154,653.846154,0.428467,-8173.076923,0.997315,0.98404,0.885968,FALSE,FALSE,FALSE,FALSE,FALSE,TRUE,5,0.2,FALSE
2,9,,-65.78,1.3,25.03,46.47,35.746154,0.983911,0.998559,-64.384615,0,0,1.830077,-10961.53846,0.998559,0.983911,0.869871,FALSE,FALSE,FALSE,FALSE,FALSE,TRUE,5,0.2,FALSE
2,9,,-65.8,1.3,25.03,48.73,37.484615,0.941,0.994219,-70.153846,884.615385,884.615385,2.30813,-14423.07692,0.994219,0.941,0.87184,FALSE,FALSE,FALSE,FALSE,TRUE,TRUE,5,0.4,FALSE
2,9,,-65.82,1.3,25.03,50.98,39.215385,0.944992,0.996499,-78,-19.230769,-19.230769,2.765614,-19615.38462,0.996499,0.944992,0.868396,FALSE,FALSE,TRUE,FALSE,TRUE,TRUE,5,0.6,FALSE
2,9,,-65.84,1.3,25.03,53.88,41.446154,0.961939,0.993117,-88.192308,1250,1250,3.153697,-25480.76923,0.993117,0.961939,0.873126,FALSE,FALSE,TRUE,FALSE,TRUE,TRUE,5,0.6,FALSE
2,9,,-65.86,1.3,30.1,56.9,43.769231,0.982709,0.994732,-100.038462,230.769231,230.769231,0.661043,-29615.38462,0.994732,0.982709,0.883059,FALSE,FALSE,TRUE,FALSE,FALSE,TRUE,6,0.4,FALSE
2,9,,-65.88,1.3,25.04,57.08,43.907692,0.248886,0.954186,-87,-5461.538462,-5461.538462,-39.625789,32596.15385,0.954186,0.248886,0.049504,TRUE,FALSE,TRUE,TRUE,TRUE,TRUE,5,1,TRUE
2,9,,-65.9,1.3,35.05,59.56,45.815385,0.250359,0.945706,-78.307692,4423.076923,4423.076923,6.369549,21730.76923,0.945706,0.250359,0.898936,TRUE,FALSE,TRUE,TRUE,TRUE,TRUE,7,1,TRUE
2,9,,-65.92,1.3,35.04,60.77,46.746154,0.833364,0.948925,-63.230769,-2442.307692,-2442.307692,-9.367784,37692.30769,0.948925,0.833364,0.837898,TRUE,FALSE,TRUE,TRUE,TRUE,TRUE,7,1,TRUE
2,10,,-65.22,1.3,35.04,13.32,10.246154,0,0,0,0,0,0,0,0,0,0,FALSE,FALSE,FALSE,FALSE,FALSE,FALSE,7,0,FALSE
2,10,,-65.24,1.3,35.05,19,14.615385,0,0,0,0,0,0,0,0,0,0,FALSE,FALSE,FALSE,FALSE,FALSE,FALSE,7,0,FALSE
2,10,,-65.26,1.3,30,22.02,16.938462,0,0,0,0,0,0,0,0,0,0,FALSE,FALSE,FALSE,FALSE,FALSE,FALSE,6,0,FALSE
2,10,,-65.28,1.3,35.04,24.85,19.115385,0,0,0,0,0,0,0,0,0,0,FALSE,FALSE,FALSE,FALSE,FALSE,FALSE,7,0,FALSE
2,10,,-65.3,1.3,35.05,27.96,21.507692,0,0,0,0,0,0,0,0,0,0,FALSE,FALSE,FALSE,FALSE,FALSE,FALSE,7,0,FALSE
2,10,,-65.32,1.3,20.07,29.54,22.723077,0,0,0,0,0,0,0,0,0,0,FALSE,FALSE,FALSE,FALSE,FALSE,FALSE,4,0,FALSE
2,10,,-65.34,1.3,20.08,30.82,23.707692,0,0,0,0,0,0,0,0,0,0,FALSE,FALSE,FALSE,FALSE,FALSE,FALSE,4,0,FALSE
2,10,,-65.36,1.3,20.08,32.01,24.623077,0,0.953282,-66.076923,-173.076923,-173.076923,10.566111,0,0.953282,0,0,FALSE,FALSE,FALSE,TRUE,FALSE,FALSE,4,0.2,FALSE
2,10,,-65.38,1.3,25.04,33.29,25.607692,0.944205,0.997153,-50.5,173.076923,173.076923,19.201168,38942.30769,0.997153,0.944205,0,FALSE,FALSE,FALSE,FALSE,TRUE,FALSE,5,0.2,FALSE
2,10,,-65.4,1.3,25.04,34.58,26.6,0.9446,0.99982,-48.269231,19.230769,19.230769,50.103372,5576.923077,0.99982,0.9446,0.811477,FALSE,FALSE,FALSE,FALSE,TRUE,TRUE,5,0.4,FALSE
2,10,,-65.42,1.3,25.04,35.92,27.630769,0.832242,0.999557,-49.115385,96.153846,96.153846,9.894062,-2115.384615,0.999557,0.832242,0.496591,FALSE,FALSE,FALSE,FALSE,TRUE,TRUE,5,0.4,FALSE
2,10,,-65.44,1.3,25.04,37.39,28.761538,0.646984,0.999182,-51.5,250,250,4.164358,-5961.538462,0.999182,0.646984,0.760448,FALSE,FALSE,FALSE,FALSE,TRUE,TRUE,5,0.4,FALSE
2,10,,-65.46,1.3,25.04,38.7,29.769231,0.68238,0.999546,-52.423077,-307.692308,-307.692308,-3.964637,-2307.692308,0.999546,0.68238,0.874138,FALSE,FALSE,FALSE,FALSE,TRUE,TRUE,5,0.4,FALSE
2,10,,-65.48,1.3,25.03,40.38,31.061538,0.36879,0.998326,-55.307692,711.538462,711.538462,4.845278,-7211.538462,0.998326,0.36879,0.743214,FALSE,FALSE,FALSE,FALSE,TRUE,TRUE,5,0.4,FALSE
2,10,,-65.5,1.3,25.03,41.91,32.238462,0.018382,0.998534,-57.576923,-288.461538,-288.461538,-1.870507,-5673.076923,0.998534,0.018382,0.899815,FALSE,FALSE,FALSE,FALSE,TRUE,TRUE,5,0.4,FALSE
2,10,,-65.52,1.3,25.04,43.79,33.684615,0.425512,0.996698,-61.576923,673.076923,673.076923,3.698743,-10000,0.996698,0.425512,0.835598,FALSE,FALSE,FALSE,FALSE,TRUE,TRUE,5,0.4,FALSE
2,10,,-65.54,1.3,25.04,45.64,35.107692,0.892411,0.998447,-66.5,-57.692308,-57.692308,1.222538,-12307.69231,0.998447,0.892411,0.878223,FALSE,FALSE,FALSE,FALSE,TRUE,TRUE,5,0.4,FALSE
2,10,,-65.56,1.3,25.05,47.8,36.769231,0.939581,0.996658,-71.423077,596.153846,596.153846,-0.722269,-12307.69231,0.996658,0.939581,0.892857,FALSE,FALSE,FALSE,FALSE,TRUE,TRUE,5,0.4,FALSE
2,10,,-65.58,1.3,25.04,50.11,38.546154,0.983763,0.997496,-78.5,288.461538,288.461538,3.364587,-17692.30769,0.997496,0.983763,0.862217,FALSE,FALSE,FALSE,FALSE,FALSE,TRUE,5,0.2,FALSE
2,10,,-65.6,1.3,30.1,52.6,40.461538,0.991855,0.996971,-84.961538,346.153846,346.153846,-2.373167,-16153.84615,0.996971,0.991855,0.896725,FALSE,FALSE,FALSE,FALSE,FALSE,TRUE,6,0.2,FALSE
2,10,,-65.62,1.3,35.08,54.77,42.130769,0.921132,0.999456,-88.692308,-615.384615,-615.384615,-5.905988,-9326.923077,0.999456,0.921132,0.895056,FALSE,FALSE,FALSE,FALSE,TRUE,TRUE,7,0.4,FALSE
2,10,,-65.64,1.3,30.01,53.61,41.238462,0.224896,0.838977,-62.615385,-6403.846154,-6403.846154,-40.65061,65192.30769,0.838977,0.224896,0.347469,TRUE,FALSE,FALSE,TRUE,TRUE,TRUE,6,0.8,TRUE
2,10,,-65.66,1.3,30.01,52.97,40.746154,0.730773,0.3825,-25.884615,1000,1000,-7.373747,91826.92308,0.3825,0.730773,0.864543,TRUE,FALSE,TRUE,TRUE,TRUE,TRUE,6,1,TRUE
2,10,,-65.68,1.3,35.04,52.47,40.361538,0.942236,0.119757,7.923077,269.230769,269.230769,15.164493,84519.23077,0.119757,0.942236,0.896445,FALSE,FALSE,FALSE,TRUE,TRUE,TRUE,7,0.6,FALSE
2,10,,-65.7,1.3,35.05,52.33,40.253846,0.918134,0.912581,23.153846,692.307692,692.307692,35.708753,38076.92308,0.912581,0.918134,0.88334,FALSE,FALSE,FALSE,TRUE,TRUE,TRUE,7,0.6,FALSE
2,10,,-65.72,1.3,35.05,53.05,40.807692,0.863788,0.297755,6.769231,1653.846154,1653.846154,-22.651847,-40961.53846,0.297755,0.863788,0.056902,TRUE,FALSE,FALSE,TRUE,TRUE,TRUE,7,0.8,TRUE
2,10,,-65.74,1.3,35.05,52.73,40.561538,0.889936,0.002593,-0.384615,-2000,-2000,11.902654,-17884.61539,0.002593,0.889936,0.881534,TRUE,FALSE,FALSE,TRUE,TRUE,TRUE,7,0.8,TRUE
2,10,,-65.76,1.3,35.05,53.23,40.946154,0.797549,0.641247,-7.384615,1576.923077,1576.923077,11.28626,-17500,0.641247,0.797549,0.893922,TRUE,FALSE,FALSE,TRUE,TRUE,TRUE,7,0.8,TRUE
2,11,,-65.28,1.3,35.06,13.69,10.530769,0,0,0,0,0,0,0,0,0,0,FALSE,FALSE,FALSE,FALSE,FALSE,FALSE,7,0,FALSE
2,11,,-65.3,1.3,35.04,19.35,14.884615,0,0,0,0,0,0,0,0,0,0,FALSE,FALSE,FALSE,FALSE,FALSE,FALSE,7,0,FALSE
2,11,,-65.32,1.3,35.05,23.1,17.769231,0,0,0,0,0,0,0,0,0,0,FALSE,FALSE,FALSE,FALSE,FALSE,FALSE,7,0,FALSE
2,11,,-65.34,1.3,20.08,24.58,18.907692,0,0,0,0,0,0,0,0,0,0,FALSE,FALSE,FALSE,FALSE,FALSE,FALSE,4,0,FALSE
2,11,,-65.36,1.3,30.09,26.91,20.7,0,0,0,0,0,0,0,0,0,0,FALSE,FALSE,FALSE,FALSE,FALSE,FALSE,6,0,FALSE
2,11,,-65.38,1.3,20.07,28.38,21.830769,0,0,0,0,0,0,0,0,0,0,FALSE,FALSE,FALSE,FALSE,FALSE,FALSE,4,0,FALSE
2,11,,-65.4,1.3,20.07,29.79,22.915385,0,0,0,0,0,0,0,0,0,0,FALSE,FALSE,FALSE,FALSE,FALSE,FALSE,4,0,FALSE
2,11,,-65.42,1.3,20.08,30.79,23.684615,0,0.976327,-58.846154,-788.461538,-788.461538,56.515708,0,0.976327,0,0,FALSE,FALSE,FALSE,FALSE,FALSE,FALSE,4,0,FALSE
2,11,,-65.44,1.3,20.08,32.07,24.669231,0.856849,0.995602,-48.961538,538.461538,538.461538,-7.632608,24711.53846,0.995602,0.856849,0,FALSE,FALSE,FALSE,FALSE,TRUE,FALSE,4,0.2,FALSE
2,11,,-65.46,1.3,20.08,33.01,25.392308,0.929852,0.995804,-44.384615,-653.846154,-653.846154,22.707176,11442.30769,0.995804,0.929852,0.884872,FALSE,FALSE,FALSE,FALSE,TRUE,TRUE,4,0.4,FALSE
2,11,,-65.48,1.3,20.08,34.38,26.446154,0.93391,0.996834,-43.846154,826.923077,826.923077,13.146714,1346.153846,0.996834,0.93391,0.801962,FALSE,FALSE,FALSE,FALSE,TRUE,TRUE,4,0.4,FALSE
2,11,,-65.5,1.3,25.05,35.4,27.230769,0.817367,0.997381,-44.346154,-673.076923,-673.076923,3.674739,-1250,0.997381,0.817367,0.113879,FALSE,FALSE,FALSE,FALSE,TRUE,TRUE,5,0.4,FALSE
2,11,,-65.52,1.3,25.04,36.75,28.269231,0.804824,0.996591,-45.192308,634.615385,634.615385,0.953909,-2115.384615,0.996591,0.804824,0.841353,FALSE,FALSE,FALSE,FALSE,TRUE,TRUE,5,0.4,FALSE
2,11,,-65.54,1.3,25.05,38.05,29.269231,0.633879,0.998221,-47.884615,-96.153846,-96.153846,4.757482,-6730.769231,0.998221,0.633879,0.740232,FALSE,FALSE,FALSE,FALSE,TRUE,TRUE,5,0.4,FALSE
2,11,,-65.56,1.3,25.04,39.49,30.376923,0.118649,0.996821,-49.5,269.230769,269.230769,-3.03848,-4038.461538,0.996821,0.118649,0.896341,FALSE,FALSE,FALSE,FALSE,TRUE,TRUE,5,0.4,FALSE
2,11,,-65.58,1.3,25.03,41.01,31.546154,0.605375,0.999024,-53.692308,153.846154,153.846154,5.915931,-10480.76923,0.999024,0.605375,0.774248,FALSE,FALSE,FALSE,FALSE,TRUE,TRUE,5,0.4,FALSE
2,11,,-65.6,1.3,25.04,42.63,32.792308,0.914669,0.998282,-56.615385,192.307692,192.307692,-3.562633,-7307.692308,0.998282,0.914669,0.899585,FALSE,FALSE,FALSE,FALSE,TRUE,TRUE,5,0.4,FALSE
2,11,,-65.62,1.3,25.05,44.26,34.046154,0.927694,0.999293,-59.846154,19.230769,19.230769,0.245777,-8076.923077,0.999293,0.927694,0.886808,FALSE,FALSE,FALSE,FALSE,TRUE,TRUE,5,0.4,FALSE
2,11,,-65.64,1.3,25.04,46.32,35.630769,0.961111,0.996533,-65.038462,826.923077,826.923077,3.825097,-12980.76923,0.996533,0.961111,0.848352,FALSE,FALSE,FALSE,FALSE,TRUE,TRUE,5,0.4,FALSE
2,11,,-65.66,1.3,25.03,48.32,37.169231,0.947818,0.996627,-70.423077,-115.384615,-115.384615,-0.607641,-13461.53846,0.996627,0.947818,0.890877,FALSE,FALSE,FALSE,FALSE,TRUE,TRUE,5,0.4,FALSE
2,11,,-65.68,1.3,35.06,56.14,43.184615,0.608827,0.870843,-119.538462,11192.30769,11192.30769,96.45341,-122788.4615,0.870843,0.608827,0.601218,TRUE,FALSE,TRUE,TRUE,TRUE,TRUE,7,1,TRUE
2,11,,-65.7,1.3,35.06,59.7,45.923077,0.842441,0.937945,-156.538462,-8192.307692,-8192.307692,-58.116628,-92500,0.937945,0.842441,0.899998,TRUE,FALSE,TRUE,TRUE,TRUE,TRUE,7,1,TRUE
2,11,,-65.72,1.3,35.06,59.14,45.492308,0.758712,0.885866,-142.384615,-7923.076923,-7923.076923,-77.657086,35384.61539,0.885866,0.758712,0.494037,TRUE,FALSE,FALSE,TRUE,TRUE,TRUE,7,0.8,TRUE
2,12,,-65.4,1.3,35.05,19.85,15.269231,0,0,0,0,0,0,0,0,0,0,FALSE,FALSE,FALSE,FALSE,FALSE,FALSE,7,0,FALSE
2,12,,-65.42,1.3,35.04,24.35,18.730769,0,0,0,0,0,0,0,0,0,0,FALSE,FALSE,FALSE,FALSE,FALSE,FALSE,7,0,FALSE
2,12,,-65.44,1.3,25.04,26.87,20.669231,0,0,0,0,0,0,0,0,0,0,FALSE,FALSE,FALSE,FALSE,FALSE,FALSE,5,0,FALSE
2,12,,-65.46,1.3,20.09,28.23,21.715385,0,0,0,0,0,0,0,0,0,0,FALSE,FALSE,FALSE,FALSE,FALSE,FALSE,4,0,FALSE
2,12,,-65.48,1.3,20.08,29.38,22.6,0,0,0,0,0,0,0,0,0,0,FALSE,FALSE,FALSE,FALSE,FALSE,FALSE,4,0,FALSE
2,12,,-65.5,1.3,20.09,30.41,23.392308,0,0,0,0,0,0,0,0,0,0,FALSE,FALSE,FALSE,FALSE,FALSE,FALSE,4,0,FALSE
2,12,,-65.52,1.3,20.08,31.5,24.230769,0,0,0,0,0,0,0,0,0,0,FALSE,FALSE,FALSE,FALSE,FALSE,FALSE,4,0,FALSE
2,12,,-65.54,1.3,20.09,32.55,25.038462,0,0.999727,-41.384615,-76.923077,-76.923077,37.773017,0,0.999727,0,0,FALSE,FALSE,FALSE,FALSE,FALSE,FALSE,4,0,FALSE
2,12,,-65.56,1.3,20.08,33.67,25.9,0.758113,0.999823,-41.230769,134.615385,134.615385,8.475487,384.615385,0.999823,0.758113,0,FALSE,FALSE,FALSE,FALSE,TRUE,FALSE,4,0.2,FALSE
2,12,,-65.58,1.3,20.08,34.8,26.769231,0.726592,0.999811,-42.115385,19.230769,19.230769,3.269058,-2211.538462,0.999811,0.726592,0.313449,FALSE,FALSE,FALSE,FALSE,TRUE,TRUE,4,0.4,FALSE
2,12,,-65.6,1.3,25.03,36.01,27.7,0.77037,0.999368,-43.346154,153.846154,153.846154,0.941228,-3076.923077,0.999368,0.77037,0.865919,FALSE,FALSE,FALSE,FALSE,TRUE,TRUE,5,0.4,FALSE
2,12,,-65.62,1.3,25.04,37.22,28.630769,0.71312,0.999622,-44.923077,0,0,0.828971,-3942.307692,0.999622,0.71312,0.874476,FALSE,FALSE,FALSE,FALSE,TRUE,TRUE,5,0.4,FALSE
2,12,,-65.64,1.3,25.05,38.57,29.669231,0.041793,0.999005,-47,269.230769,269.230769,1.11169,-5192.307692,0.999005,0.041793,0.871741,FALSE,FALSE,FALSE,FALSE,TRUE,TRUE,5,0.4,FALSE
2,12,,-65.66,1.3,25.04,39.88,30.676923,0.686739,0.99939,-48.923077,-76.923077,-76.923077,-0.649214,-4807.692308,0.99939,0.686739,0.896229,FALSE,FALSE,FALSE,FALSE,TRUE,TRUE,5,0.4,FALSE
2,12,,-65.68,1.3,25.03,41.48,31.907692,0.838068,0.997569,-52.307692,557.692308,557.692308,3.271947,-8461.538462,0.997569,0.838068,0.835819,TRUE,FALSE,FALSE,FALSE,TRUE,TRUE,5,0.6,FALSE
2,12,,-65.7,1.3,25.04,42.97,33.053846,0.932196,0.998494,-55.423077,-211.538462,-211.538462,-1.227625,-7788.461538,0.998494,0.932196,0.896443,FALSE,FALSE,FALSE,FALSE,TRUE,TRUE,5,0.4,FALSE
2,12,,-65.72,1.3,25.04,44.91,34.546154,0.922053,0.995589,-60.653846,865.384615,865.384615,4.288842,-13076.92308,0.995589,0.922053,0.842444,TRUE,FALSE,FALSE,FALSE,TRUE,TRUE,5,0.6,FALSE
2,12,,-65.74,1.3,25.03,46.65,35.884615,0.979829,0.997928,-65.269231,-384.615385,-384.615385,-2.407087,-11538.46154,0.997928,0.979829,0.897783,FALSE,FALSE,FALSE,FALSE,FALSE,TRUE,5,0.2,FALSE
2,12,,-65.76,1.3,25.03,48.9,37.615385,0.984849,0.99561,-71.230769,980.769231,980.769231,2.133962,-14903.84615,0.99561,0.984849,0.873686,TRUE,FALSE,FALSE,FALSE,FALSE,TRUE,5,0.4,FALSE
2,12,,-65.78,1.3,25.04,51.15,39.346154,0.994169,0.997195,-78.269231,0,0,0.898566,-17596.15385,0.997195,0.994169,0.881794,FALSE,FALSE,TRUE,FALSE,FALSE,TRUE,5,0.4,FALSE
2,12,,-65.8,1.3,35.05,56.05,43.115385,0.778884,0.954056,-103,5096.153846,5096.153846,34.445202,-61826.92308,0.954056,0.778884,0.724008,TRUE,FALSE,TRUE,TRUE,TRUE,TRUE,7,1,TRUE
2,12,,-65.82,1.3,35.05,59.99,46.146154,0.888964,0.972393,-130.115385,-1846.153846,-1846.153846,-7.007715,-67788.46154,0.972393,0.888964,0.887363,TRUE,FALSE,TRUE,TRUE,TRUE,TRUE,7,1,TRUE
2,12,,-65.84,1.3,35.05,61.89,47.607692,0.887887,0.979893,-133.923077,-3923.076923,-3923.076923,-42.253641,-9519.230769,0.979893,0.887887,0.81047,TRUE,FALSE,FALSE,FALSE,TRUE,TRUE,7,0.6,FALSE
2,12,,-65.86,1.3,35.04,62.43,48.023077,0.170603,0.906389,-109.230769,-2615.384615,-2615.384615,-35.663594,61730.76923,0.906389,0.170603,0.335174,TRUE,FALSE,TRUE,TRUE,TRUE,TRUE,7,1,TRUE
2,12,,-65.88,1.3,35.05,64.76,49.815385,0.519087,0.92817,-76.384615,3442.307692,3442.307692,-18.67103,82115.38462,0.92817,0.519087,0.870724,TRUE,FALSE,TRUE,TRUE,TRUE,TRUE,7,1,TRUE
2,12,,-65.9,1.3,35.05,66.86,51.430769,0.949762,0.97004,-63.884615,-442.307692,-442.307692,36.398603,31250,0.97004,0.949762,0.873045,TRUE,FALSE,TRUE,TRUE,TRUE,TRUE,7,1,TRUE
3,13,,-64.78,1.3,35.09,19.63,15.1,0,0,0,0,0,0,0,0,0,0,FALSE,FALSE,FALSE,FALSE,FALSE,FALSE,7,0,FALSE
3,13,,-64.8,1.3,35.08,24.67,18.976923,0,0,0,0,0,0,0,0,0,0,FALSE,FALSE,FALSE,FALSE,FALSE,FALSE,7,0,FALSE
3,13,,-64.82,1.3,20.05,26.28,20.215385,0,0,0,0,0,0,0,0,0,0,FALSE,FALSE,FALSE,FALSE,FALSE,FALSE,4,0,FALSE
3,13,,-64.84,1.3,25.04,28.22,21.707692,0,0,0,0,0,0,0,0,0,0,FALSE,FALSE,FALSE,FALSE,FALSE,FALSE,5,0,FALSE
3,13,,-64.86,1.3,20.06,29.33,22.561538,0,0,0,0,0,0,0,0,0,0,FALSE,FALSE,FALSE,FALSE,FALSE,FALSE,4,0,FALSE
3,13,,-64.88,1.3,25.07,30.77,23.669231,0,0,0,0,0,0,0,0,0,0,FALSE,FALSE,FALSE,FALSE,FALSE,FALSE,5,0,FALSE
3,13,,-64.9,1.3,20.06,31.81,24.469231,0,0,0,0,0,0,0,0,0,0,FALSE,FALSE,FALSE,FALSE,FALSE,FALSE,4,0,FALSE
3,13,,-64.92,1.3,25.03,33.16,25.507692,0,0.998032,-47.538462,596.153846,596.153846,6.336612,0,0.998032,0,0,FALSE,FALSE,FALSE,FALSE,FALSE,FALSE,5,0,FALSE
3,13,,-64.94,1.3,20.07,34.13,26.253846,0.770278,0.996093,-46.115385,-730.769231,-730.769231,13.360716,3557.692308,0.996093,0.770278,0,FALSE,FALSE,FALSE,FALSE,TRUE,FALSE,4,0.2,FALSE
3,13,,-64.96,1.3,20.06,35.48,27.292308,0.925542,0.997493,-45.153846,730.769231,730.769231,1.551626,2403.846154,0.997493,0.925542,0.899161,FALSE,FALSE,FALSE,FALSE,TRUE,TRUE,4,0.4,FALSE
3,13,,-64.98,1.3,25.04,36.6,28.153846,0.885566,0.99792,-45.769231,-442.307692,-442.307692,5.075922,-1538.461538,0.99792,0.885566,0.291273,FALSE,FALSE,FALSE,FALSE,TRUE,TRUE,5,0.4,FALSE
3,13,,-65,1.3,25.05,38.13,29.330769,0.830322,0.994897,-47.730769,788.461538,788.461538,3.544125,-4903.846154,0.994897,0.830322,0.739937,FALSE,FALSE,FALSE,FALSE,TRUE,TRUE,5,0.4,FALSE
3,13,,-65.02,1.3,25.04,39.42,30.323077,0.281041,0.998301,-50.884615,-461.538462,-461.538462,2.577563,-7884.615385,0.998301,0.281041,0.848295,FALSE,FALSE,FALSE,FALSE,TRUE,TRUE,5,0.4,FALSE
3,13,,-65.04,1.3,25.03,40.89,31.453846,0.302301,0.998028,-52.461538,346.153846,346.153846,-4.164611,-3942.307692,0.998028,0.302301,0.888889,FALSE,FALSE,FALSE,FALSE,TRUE,TRUE,5,0.4,FALSE
3,13,,-65.06,1.3,25.04,42.48,32.676923,0.891245,0.998925,-55.846154,230.769231,230.769231,4.030407,-8461.538462,0.998925,0.891245,0.805501,FALSE,FALSE,FALSE,FALSE,TRUE,TRUE,5,0.4,FALSE
3,13,,-65.08,1.3,25.07,44.18,33.984615,0.88652,0.997239,-58.307692,211.538462,211.538462,-2.511092,-6153.846154,0.997239,0.88652,0.899925,FALSE,FALSE,FALSE,FALSE,TRUE,TRUE,5,0.4,FALSE
3,13,,-65.1,1.3,25.05,46.07,35.438462,0.801659,0.997641,-63.807692,365.384615,365.384615,6.153441,-13750,0.997641,0.801659,0.799007,FALSE,FALSE,FALSE,FALSE,TRUE,TRUE,5,0.4,FALSE
3,13,,-65.12,1.3,25.04,48.19,37.069231,0.916394,0.996594,-69.961538,442.307692,442.307692,0.4157,-15384.61539,0.996594,0.916394,0.885938,FALSE,FALSE,FALSE,FALSE,TRUE,TRUE,5,0.4,FALSE
3,13,,-65.14,1.3,25.04,50.27,38.669231,0.95856,0.998006,-75.346154,-76.923077,-76.923077,-2.668356,-13461.53846,0.998006,0.95856,0.89801,FALSE,FALSE,FALSE,FALSE,TRUE,TRUE,5,0.4,FALSE
3,13,,-65.16,1.3,30.02,53.23,40.946154,0.97051,0.992466,-85.769231,1692.307692,1692.307692,8.887805,-26057.69231,0.992466,0.97051,0.821705,FALSE,FALSE,TRUE,FALSE,TRUE,TRUE,6,0.6,FALSE
3,13,,-65.18,1.3,35.1,55.51,42.7,0.96995,0.995967,-92,-1307.692308,-1307.692308,-9.874343,-15576.92308,0.995967,0.96995,0.896225,FALSE,FALSE,FALSE,FALSE,TRUE,TRUE,7,0.4,FALSE
3,13,,-65.2,1.3,35.1,56.02,43.092308,0.036374,0.961528,-80.384615,-3403.846154,-3403.846154,-27.889075,29038.46154,0.961528,0.036374,0.021318,TRUE,TRUE,TRUE,TRUE,TRUE,TRUE,7,1,TRUE
3,13,,-65.22,1.3,35.1,57.36,44.123077,0.473291,0.928567,-65.269231,1596.153846,1596.153846,-4.702772,37788.46154,0.928567,0.473291,0.87295,FALSE,FALSE,TRUE,TRUE,TRUE,TRUE,7,0.8,TRUE
3,13,,-65.24,1.3,35.08,59.11,45.469231,0.912083,0.968153,-52.346154,788.461538,788.461538,1.508927,32307.69231,0.968153,0.912083,0.898572,FALSE,FALSE,TRUE,TRUE,TRUE,TRUE,7,0.8,TRUE
3,14,,-64.6,1.3,35.08,13.78,10.6,0,0,0,0,0,0,0,0,0,0,FALSE,FALSE,FALSE,FALSE,FALSE,FALSE,7,0,FALSE
3,14,,-64.62,1.3,35,19.27,14.823077,0,0,0,0,0,0,0,0,0,0,FALSE,FALSE,FALSE,FALSE,FALSE,FALSE,7,0,FALSE
3,14,,-64.64,1.3,35.1,22.83,17.561538,0,0,0,0,0,0,0,0,0,0,FALSE,FALSE,FALSE,FALSE,FALSE,FALSE,7,0,FALSE
3,14,,-64.66,1.3,35.09,25.77,19.823077,0,0,0,0,0,0,0,0,0,0,FALSE,FALSE,FALSE,FALSE,FALSE,FALSE,7,0,FALSE
3,14,,-64.68,1.3,20.05,27.77,21.361538,0,0,0,0,0,0,0,0,0,0,FALSE,FALSE,FALSE,FALSE,FALSE,FALSE,4,0,FALSE
3,14,,-64.7,1.3,20.06,29.02,22.323077,0,0,0,0,0,0,0,0,0,0,FALSE,FALSE,FALSE,FALSE,FALSE,FALSE,4,0,FALSE
3,14,,-64.72,1.3,20.06,30.37,23.361538,0,0,0,0,0,0,0,0,0,0,FALSE,FALSE,FALSE,FALSE,FALSE,FALSE,4,0,FALSE
3,14,,-64.74,1.3,20.06,31.4,24.153846,0,0.985464,-53.307692,-615.384615,-615.384615,38.01363,0,0.985464,0,0,FALSE,FALSE,FALSE,FALSE,FALSE,FALSE,4,0,FALSE
3,14,,-64.76,1.3,20.06,32.61,25.084615,0.897152,0.998342,-46.384615,346.153846,346.153846,42.09962,17307.69231,0.998342,0.897152,0,FALSE,FALSE,FALSE,FALSE,TRUE,FALSE,4,0.2,FALSE
3,14,,-64.78,1.3,20.06,33.7,25.923077,0.876826,0.998412,-44.615385,-230.769231,-230.769231,19.347626,4423.076923,0.998412,0.876826,0.846295,FALSE,FALSE,FALSE,FALSE,TRUE,TRUE,4,0.4,FALSE
3,14,,-64.8,1.3,25.04,35,26.923077,0.807962,0.998628,-44.461538,403.846154,403.846154,5.275153,384.615385,0.998628,0.807962,0.789715,FALSE,FALSE,FALSE,FALSE,TRUE,TRUE,5,0.4,FALSE
3,14,,-64.82,1.3,20.05,36.08,27.753846,0.81126,0.999317,-45.192308,-423.076923,-423.076923,2.944469,-1826.923077,0.999317,0.81126,0.273463,FALSE,FALSE,FALSE,FALSE,TRUE,TRUE,4,0.4,FALSE
3,14,,-64.84,1.3,25.04,37.49,28.838462,0.82872,0.99812,-46.692308,634.615385,634.615385,2.023587,-3750,0.99812,0.82872,0.8126,FALSE,FALSE,FALSE,FALSE,TRUE,TRUE,5,0.4,FALSE
3,14,,-64.86,1.3,25.04,38.78,29.830769,0.657068,0.998618,-48.653846,-230.769231,-230.769231,1.037123,-4903.846154,0.998618,0.657068,0.872462,FALSE,FALSE,FALSE,FALSE,TRUE,TRUE,5,0.4,FALSE
3,14,,-64.88,1.3,25.04,40.34,31.030769,0.052627,0.996613,-51.461538,519.230769,519.230769,1.866915,-7019.230769,0.996613,0.052627,0.862711,FALSE,FALSE,FALSE,FALSE,TRUE,TRUE,5,0.4,FALSE
3,14,,-64.9,1.3,25.04,41.8,32.153846,0.808103,0.999116,-54.961538,-192.307692,-192.307692,1.074226,-8750,0.999116,0.808103,0.877064,FALSE,FALSE,FALSE,FALSE,TRUE,TRUE,5,0.4,FALSE
3,14,,-64.92,1.3,25.05,43.58,33.523077,0.95853,0.997217,-58.461538,615.384615,615.384615,-0.439212,-8750,0.997217,0.95853,0.892857,FALSE,FALSE,FALSE,FALSE,TRUE,TRUE,5,0.4,FALSE
3,14,,-64.94,1.3,25.02,45.28,34.830769,0.997007,0.998661,-62.461538,-153.846154,-153.846154,0.460785,-10000,0.998661,0.997007,0.884367,FALSE,FALSE,FALSE,FALSE,FALSE,TRUE,5,0.2,FALSE
3,14,,-64.96,1.3,25.04,47.5,36.538462,0.96749,0.994776,-68.461538,1000,1000,3.71537,-15000,0.994776,0.96749,0.857143,FALSE,FALSE,FALSE,FALSE,TRUE,TRUE,5,0.4,FALSE
3,14,,-64.98,1.3,25.04,49.62,38.169231,0.962918,0.996765,-75.230769,-192.307692,-192.307692,0.214833,-16923.07692,0.996765,0.962918,0.885333,FALSE,FALSE,FALSE,FALSE,TRUE,TRUE,5,0.4,FALSE
3,14,,-65,1.3,30.01,52.3,40.230769,0.977402,0.994326,-83.769231,1076.923077,1076.923077,2.334405,-21346.15385,0.994326,0.977402,0.875968,FALSE,FALSE,FALSE,FALSE,FALSE,TRUE,6,0.2,FALSE
3,14,,-65.02,1.3,35.08,53.28,40.984615,0.52203,0.985398,-80,-3269.230769,-3269.230769,-22.667153,9423.076923,0.985398,0.52203,0.446992,TRUE,FALSE,FALSE,FALSE,TRUE,TRUE,7,0.6,FALSE
3,14,,-65.04,1.3,35.08,54.41,41.853846,0.250321,0.96144,-67.230769,288.461538,288.461538,-14.127961,31923.07692,0.96144,0.250321,0.729932,FALSE,FALSE,FALSE,TRUE,TRUE,TRUE,7,0.6,FALSE
3,14,,-65.06,1.3,35.08,53.4,41.076923,0.762867,0.7005,-37.192308,-4115.384615,-4115.384615,-18.114269,75096.15385,0.7005,0.762867,0.790575,TRUE,FALSE,TRUE,TRUE,TRUE,TRUE,7,1,TRUE
3,14,,-65.08,1.3,35.09,54.97,42.284615,0.965122,0.686986,-21,4961.538462,4961.538462,10.652174,40480.76923,0.686986,0.965122,0.892359,TRUE,FALSE,FALSE,TRUE,TRUE,TRUE,7,0.8,TRUE
3,14,,-65.1,1.3,35.09,57.22,44.015385,0.814508,0.698087,-32.461538,1307.692308,1307.692308,56.212631,-28653.84615,0.698087,0.814508,0.242623,FALSE,FALSE,FALSE,TRUE,TRUE,TRUE,7,0.6,FALSE
3,14,,-65.12,1.3,35.08,58.52,45.015385,0.230513,0.816698,-46.307692,-1826.923077,-1826.923077,-2.734244,-34615.38462,0.816698,0.230513,0.879862,FALSE,FALSE,FALSE,TRUE,TRUE,TRUE,7,0.6,FALSE
3,14,,-65.14,1.3,35.09,58.29,44.838462,0.292188,0.899609,-51.269231,-2942.307692,-2942.307692,-15.799997,-12403.84615,0.899609,0.292188,0.869115,TRUE,FALSE,FALSE,TRUE,TRUE,TRUE,7,0.8,TRUE
3,14,,-65.16,1.3,35.01,57.59,44.3,0.146614,0.498556,-24.269231,-903.846154,-903.846154,-36.26846,67500,0.498556,0.146614,0.302631,FALSE,FALSE,TRUE,TRUE,TRUE,TRUE,7,0.8,TRUE
3,14,,-65.18,1.3,35.09,57.76,44.430769,0.479414,0.002024,-0.576923,1673.076923,1673.076923,-1.902702,59230.76923,0.002024,0.479414,0.897934,FALSE,FALSE,TRUE,TRUE,TRUE,TRUE,7,0.8,TRUE
3,15,,-64.54,1.3,35.1,23.04,17.723077,0,0,0,0,0,0,0,0,0,0,FALSE,FALSE,FALSE,FALSE,FALSE,FALSE,7,0,FALSE
3,15,,-64.56,1.3,25.03,26.57,20.438462,0,0,0,0,0,0,0,0,0,0,FALSE,FALSE,FALSE,FALSE,FALSE,FALSE,5,0,FALSE
3,15,,-64.58,1.3,20.06,27.98,21.523077,0,0,0,0,0,0,0,0,0,0,FALSE,FALSE,FALSE,FALSE,FALSE,FALSE,4,0,FALSE
3,15,,-64.6,1.3,25.04,29.78,22.907692,0,0,0,0,0,0,0,0,0,0,FALSE,FALSE,FALSE,FALSE,FALSE,FALSE,5,0,FALSE
3,15,,-64.62,1.3,20.04,31.2,24,0,0,0,0,0,0,0,0,0,0,FALSE,FALSE,FALSE,FALSE,FALSE,FALSE,4,0,FALSE
3,15,,-64.64,1.3,25.04,32.61,25.084615,0,0,0,0,0,0,0,0,0,0,FALSE,FALSE,FALSE,FALSE,FALSE,FALSE,5,0,FALSE
3,15,,-64.66,1.3,20.06,33.8,26,0,0,0,0,0,0,0,0,0,0,FALSE,FALSE,FALSE,FALSE,FALSE,FALSE,4,0,FALSE
3,15,,-64.68,1.3,25.04,35.04,26.953846,0,0.998395,-50.461538,96.153846,96.153846,-4.525411,0,0.998395,0,0,FALSE,FALSE,FALSE,FALSE,FALSE,FALSE,5,0,FALSE
3,15,,-64.7,1.3,25.04,36.18,27.830769,0.877024,0.998627,-47.653846,-192.307692,-192.307692,9.104726,7019.230769,0.998627,0.877024,0,FALSE,FALSE,FALSE,FALSE,TRUE,FALSE,5,0.2,FALSE
3,15,,-64.72,1.3,25.06,37.64,28.953846,0.952016,0.998338,-47.846154,615.384615,615.384615,8.834742,-480.769231,0.998338,0.952016,0.713415,FALSE,FALSE,FALSE,FALSE,TRUE,TRUE,5,0.4,FALSE
3,15,,-64.74,1.3,25.04,38.93,29.946154,0.823925,0.998495,-49.461538,-326.923077,-326.923077,3.959044,-4038.461538,0.998495,0.823925,0.60906,FALSE,FALSE,FALSE,FALSE,TRUE,TRUE,5,0.4,FALSE
3,15,,-64.76,1.3,25.04,40.46,31.123077,0.569739,0.997904,-52.269231,461.538462,461.538462,2.75389,-7019.230769,0.997904,0.569739,0.837605,FALSE,FALSE,FALSE,FALSE,TRUE,TRUE,5,0.4,FALSE
3,15,,-64.78,1.3,25.04,41.89,32.223077,0.002613,0.999466,-54.769231,-192.307692,-192.307692,-1.156265,-6250,0.999466,0.002613,0.897523,FALSE,FALSE,FALSE,FALSE,TRUE,TRUE,5,0.4,FALSE
3,15,,-64.8,1.3,25.03,43.58,33.523077,0.90564,0.998095,-57.076923,500,500,-0.697495,-5769.230769,0.998095,0.90564,0.896341,FALSE,FALSE,FALSE,FALSE,TRUE,TRUE,5,0.4,FALSE
3,15,,-64.82,1.3,25.04,45.27,34.823077,0.946523,0.998779,-60.769231,0,0,2.717914,-9230.769231,0.998779,0.946523,0.84894,FALSE,FALSE,FALSE,FALSE,TRUE,TRUE,5,0.4,FALSE
3,15,,-64.84,1.3,25.04,47.49,36.530769,0.803932,0.993645,-67.076923,1019.230769,1019.230769,5.093048,-15769.23077,0.993645,0.803932,0.84004,FALSE,FALSE,FALSE,FALSE,TRUE,TRUE,5,0.4,FALSE
3,15,,-64.86,1.3,25.04,49.44,38.030769,0.912143,0.996929,-73.115385,-519.230769,-519.230769,-2.01587,-15096.15385,0.996929,0.912143,0.894904,FALSE,FALSE,FALSE,FALSE,TRUE,TRUE,5,0.4,FALSE
3,15,,-64.88,1.3,25.04,51.92,39.938462,0.986562,0.996352,-80.192308,1019.230769,1019.230769,1.105096,-17692.30769,0.996352,0.986562,0.882394,FALSE,FALSE,FALSE,FALSE,FALSE,TRUE,5,0.2,FALSE
3,15,,-64.9,1.3,30,54.49,41.915385,0.998715,0.997274,-87.961538,173.076923,173.076923,-0.014804,-19423.07692,0.997274,0.998715,0.887275,FALSE,FALSE,FALSE,FALSE,FALSE,TRUE,6,0.2,FALSE
3,15,,-64.92,1.3,30.01,58.78,45.215385,0.894334,0.976615,-106.269231,3307.692308,3307.692308,18.218724,-45769.23077,0.976615,0.894334,0.790293,TRUE,FALSE,TRUE,FALSE,TRUE,TRUE,6,0.8,TRUE
3,15,,-64.94,1.3,25.04,57.8,44.461538,0.371608,0.904569,-90.692308,-10134.61539,-10134.61539,-53.397038,38942.30769,0.904569,0.371608,0.153453,TRUE,TRUE,TRUE,TRUE,TRUE,TRUE,5,1,TRUE
3,15,,-64.96,1.3,35,58.08,44.676923,0.238616,0.718683,-60.115385,2423.076923,2423.076923,-17.237542,76442.30769,0.718683,0.238616,0.81956,TRUE,FALSE,TRUE,TRUE,TRUE,TRUE,7,1,TRUE
3,16,,-64.64,1.3,35.1,13.5,10.384615,0,0,0,0,0,0,0,0,0,0,FALSE,FALSE,FALSE,FALSE,FALSE,FALSE,7,0,FALSE
3,16,,-64.66,1.3,35.1,19.1,14.692308,0,0,0,0,0,0,0,0,0,0,FALSE,FALSE,FALSE,FALSE,FALSE,FALSE,7,0,FALSE
3,16,,-64.68,1.3,35.09,23.02,17.707692,0,0,0,0,0,0,0,0,0,0,FALSE,FALSE,FALSE,FALSE,FALSE,FALSE,7,0,FALSE
3,16,,-64.7,1.3,35.1,26,20,0,0,0,0,0,0,0,0,0,0,FALSE,FALSE,FALSE,FALSE,FALSE,FALSE,7,0,FALSE
3,16,,-64.72,1.3,25.03,28.59,21.992308,0,0,0,0,0,0,0,0,0,0,FALSE,FALSE,FALSE,FALSE,FALSE,FALSE,5,0,FALSE
3,16,,-64.74,1.3,20.06,30.42,23.4,0,0,0,0,0,0,0,0,0,0,FALSE,FALSE,FALSE,FALSE,FALSE,FALSE,4,0,FALSE
3,16,,-64.76,1.3,20.07,31.99,24.607692,0,0,0,0,0,0,0,0,0,0,FALSE,FALSE,FALSE,FALSE,FALSE,FALSE,4,0,FALSE
3,16,,-64.78,1.3,25.03,33.32,25.630769,0,0.98242,-69.384615,-461.538462,-461.538462,40.192961,0,0.98242,0,0,FALSE,FALSE,FALSE,FALSE,FALSE,FALSE,5,0,FALSE
3,16,,-64.8,1.3,20.06,34.63,26.638462,0.91907,0.994533,-57.615385,-38.461538,-38.461538,23.881634,29423.07692,0.994533,0.91907,0,FALSE,FALSE,FALSE,FALSE,TRUE,FALSE,4,0.2,FALSE
3,16,,-64.82,1.3,25.05,35.9,27.615385,0.929381,0.998258,-52.307692,-76.923077,-76.923077,24.653744,13269.23077,0.998258,0.929381,0.883399,FALSE,FALSE,FALSE,FALSE,TRUE,TRUE,5,0.4,FALSE
3,16,,-64.84,1.3,25.05,37.32,28.707692,0.896831,0.999719,-50.923077,288.461538,288.461538,12.784644,3461.538462,0.999719,0.896831,0.847674,FALSE,FALSE,FALSE,FALSE,TRUE,TRUE,5,0.4,FALSE
3,16,,-64.86,1.3,25.04,38.73,29.792308,0.829989,0.99942,-51.961538,-19.230769,-19.230769,7.153071,-2596.153846,0.99942,0.829989,0.214286,FALSE,FALSE,FALSE,FALSE,TRUE,TRUE,5,0.4,FALSE
3,16,,-64.88,1.3,25.03,40.26,30.969231,0.749505,0.999,-54.192308,230.769231,230.769231,2.976096,-5576.923077,0.999,0.749505,0.805366,FALSE,FALSE,FALSE,FALSE,TRUE,TRUE,5,0.4,FALSE
3,16,,-64.9,1.3,25.02,41.78,32.138462,0.553477,0.999617,-56.538462,-19.230769,-19.230769,0.019418,-5865.384615,0.999617,0.553477,0.890045,FALSE,FALSE,FALSE,FALSE,TRUE,TRUE,5,0.4,FALSE
3,16,,-64.92,1.3,25.03,43.63,33.561538,0.243658,0.997496,-60.269231,634.615385,634.615385,2.909692,-9326.923077,0.997496,0.243658,0.849749,FALSE,FALSE,FALSE,FALSE,TRUE,TRUE,5,0.4,FALSE
3,16,,-64.94,1.3,25.03,45.28,34.830769,0.904276,0.998615,-63.346154,-384.615385,-384.615385,-2.058345,-7692.307692,0.998615,0.904276,0.899256,FALSE,FALSE,FALSE,FALSE,TRUE,TRUE,5,0.4,FALSE
3,16,,-64.96,1.3,25.06,47.41,36.469231,0.925508,0.996933,-68.461538,923.076923,923.076923,3.917318,-12788.46154,0.996933,0.925508,0.8438,FALSE,FALSE,FALSE,FALSE,TRUE,TRUE,5,0.4,FALSE
3,16,,-64.98,1.3,25.04,49.41,38.007692,0.973836,0.998135,-73.230769,-250,-250,-1.616872,-11923.07692,0.998135,0.973836,0.895972,FALSE,FALSE,FALSE,FALSE,TRUE,TRUE,5,0.4,FALSE
3,16,,-65,1.3,30.08,52.1,40.076923,0.937485,0.993172,-81.038462,1326.923077,1326.923077,5.31262,-19519.23077,0.993172,0.937485,0.845889,TRUE,FALSE,FALSE,FALSE,TRUE,TRUE,6,0.6,FALSE
3,16,,-65.02,1.3,30.09,54.95,42.269231,0.936008,0.99383,-92.423077,307.692308,307.692308,4.808627,-28461.53846,0.99383,0.936008,0.860549,FALSE,FALSE,FALSE,FALSE,TRUE,TRUE,6,0.4,FALSE
3,16,,-65.04,1.3,30.09,56.99,43.838462,0.88434,0.996214,-95,-1557.692308,-1557.692308,-17.201124,-6442.307692,0.996214,0.88434,0.838297,TRUE,FALSE,FALSE,FALSE,TRUE,TRUE,6,0.6,FALSE
3,16,,-65.06,1.3,35.05,57.79,44.453846,0.000498,0.964901,-83.269231,-2384.615385,-2384.615385,-20.733959,29326.92308,0.964901,0.000498,0.263606,TRUE,FALSE,FALSE,TRUE,TRUE,TRUE,7,0.8,TRUE
3,16,,-65.08,1.3,35.05,56.08,43.138462,0.598653,0.594208,-41.538462,-4826.923077,-4826.923077,-30.466245,104326.9231,0.594208,0.598653,0.722014,TRUE,FALSE,TRUE,TRUE,TRUE,TRUE,7,1,TRUE
3,16,,-65.1,1.3,35.04,55.63,42.792308,0.913383,0.004038,-1.730769,2423.076923,2423.076923,9.886357,99519.23077,0.004038,0.913383,0.895055,TRUE,FALSE,TRUE,TRUE,TRUE,TRUE,7,1,TRUE
3,17,,-64.6,1.3,35.04,27.07,20.823077,0,0,0,0,0,0,0,0,0,0,FALSE,FALSE,FALSE,FALSE,FALSE,FALSE,7,0,FALSE
3,17,,-64.62,1.3,20.09,28.38,21.830769,0,0,0,0,0,0,0,0,0,0,FALSE,FALSE,FALSE,FALSE,FALSE,FALSE,4,0,FALSE
3,17,,-64.64,1.3,20.08,29.52,22.707692,0,0,0,0,0,0,0,0,0,0,FALSE,FALSE,FALSE,FALSE,FALSE,FALSE,4,0,FALSE
3,17,,-64.66,1.3,20.09,30.47,23.438462,0,0,0,0,0,0,0,0,0,0,FALSE,FALSE,FALSE,FALSE,FALSE,FALSE,4,0,FALSE
3,17,,-64.68,1.3,20.09,31.56,24.276923,0,0,0,0,0,0,0,0,0,0,FALSE,FALSE,FALSE,FALSE,FALSE,FALSE,4,0,FALSE
3,17,,-64.7,1.3,20.01,32.44,24.953846,0,0,0,0,0,0,0,0,0,0,FALSE,FALSE,FALSE,FALSE,FALSE,FALSE,4,0,FALSE
3,17,,-64.72,1.3,20.08,33.57,25.823077,0,0,0,0,0,0,0,0,0,0,FALSE,FALSE,FALSE,FALSE,FALSE,FALSE,4,0,FALSE
3,17,,-64.74,1.3,20.08,34.55,26.576923,0,0.998939,-39.115385,-288.461538,-288.461538,2.504246,0,0.998939,0,0,FALSE,FALSE,FALSE,FALSE,FALSE,FALSE,4,0,FALSE
3,17,,-64.76,1.3,25.05,35.75,27.5,0.764548,0.997669,-40.346154,423.076923,423.076923,2.379346,-3076.923077,0.997669,0.764548,0,FALSE,FALSE,FALSE,FALSE,TRUE,FALSE,5,0.2,FALSE
3,17,,-64.78,1.3,25.04,36.86,28.353846,0.488711,0.999236,-42.384615,-173.076923,-173.076923,1.981344,-5096.153846,0.999236,0.488711,0.844314,FALSE,FALSE,FALSE,FALSE,TRUE,TRUE,5,0.4,FALSE
3,17,,-64.8,1.3,25.04,38.08,29.292308,0.000021,0.998771,-43.576923,211.538462,211.538462,-2.401165,-2980.769231,0.998771,0.000021,0.895508,FALSE,FALSE,FALSE,FALSE,TRUE,TRUE,5,0.4,FALSE
3,17,,-64.82,1.3,25.03,39.38,30.292308,0.809009,0.999269,-46.115385,153.846154,153.846154,3.225351,-6346.153846,0.999269,0.809009,0.806799,FALSE,FALSE,FALSE,FALSE,TRUE,TRUE,5,0.4,FALSE
3,17,,-64.84,1.3,25.05,40.85,31.423077,0.879371,0.997148,-48.923077,326.923077,326.923077,0.329504,-7019.230769,0.997148,0.879371,0.886757,FALSE,FALSE,FALSE,FALSE,TRUE,TRUE,5,0.4,FALSE
3,17,,-64.86,1.3,25.04,42.28,32.523077,0.899423,0.998513,-52.346154,-76.923077,-76.923077,0.898274,-8557.692308,0.998513,0.899423,0.879063,FALSE,FALSE,FALSE,FALSE,TRUE,TRUE,5,0.4,FALSE
3,17,,-64.88,1.3,25.03,44.01,33.853846,0.976325,0.997526,-56.769231,576.923077,576.923077,1.749817,-11057.69231,0.997526,0.976325,0.873651,FALSE,FALSE,FALSE,FALSE,FALSE,TRUE,5,0.2,FALSE
3,17,,-64.9,1.3,25.04,45.54,35.030769,0.976083,0.998948,-59.538462,-384.615385,-384.615385,-4.319646,-6923.076923,0.998948,0.976083,0.897561,FALSE,FALSE,FALSE,FALSE,FALSE,TRUE,5,0.2,FALSE
3,17,,-64.92,1.3,25.03,47.62,36.630769,0.977366,0.995942,-64.615385,1057.692308,1057.692308,4.546248,-12692.30769,0.995942,0.977366,0.829876,FALSE,FALSE,FALSE,FALSE,FALSE,TRUE,5,0.2,FALSE
3,17,,-64.94,1.3,25.03,49.47,38.053846,0.977433,0.997592,-69.192308,-442.307692,-442.307692,-1.965537,-11442.30769,0.997592,0.977433,0.897143,FALSE,FALSE,FALSE,FALSE,FALSE,TRUE,5,0.2,FALSE
3,17,,-64.96,1.3,25.04,52.05,40.038462,0.937894,0.992655,-76.961538,1403.846154,1403.846154,5.647403,-19423.07692,0.992655,0.937894,0.840929,TRUE,FALSE,FALSE,FALSE,TRUE,TRUE,5,0.6,FALSE
3,17,,-64.98,1.3,30.09,54.57,41.976923,0.963582,0.995438,-86.5,-115.384615,-115.384615,1.474405,-23846.15385,0.995438,0.963582,0.878445,FALSE,FALSE,FALSE,FALSE,TRUE,TRUE,6,0.4,FALSE
3,17,,-65,1.3,35.05,58.21,44.776923,0.943099,0.986351,-101.076923,2153.846154,2153.846154,7.593554,-36442.30769,0.986351,0.943099,0.854835,TRUE,FALSE,TRUE,FALSE,TRUE,TRUE,7,0.8,TRUE
3,17,,-65.02,1.3,35.04,58.37,44.9,0.555476,0.956109,-92.153846,-6692.307692,-6692.307692,-38.453063,22307.69231,0.956109,0.555476,0.31218,TRUE,TRUE,FALSE,TRUE,TRUE,TRUE,7,1,TRUE
3,17,,-65.04,1.3,35.04,60.52,46.553846,0.09191,0.938959,-79.769231,3826.923077,3826.923077,-5.77246,30961.53846,0.938959,0.09191,0.866188,TRUE,FALSE,TRUE,TRUE,TRUE,TRUE,7,1,TRUE
3,18,,-64.26,1.3,35.05,0.06,0.046154,0,0,0,0,0,0,0,0,0,0,FALSE,FALSE,FALSE,FALSE,FALSE,FALSE,7,0,FALSE
3,18,,-64.28,1.3,35.06,0.1,0.076923,0,0,0,0,0,0,0,0,0,0,FALSE,FALSE,FALSE,FALSE,FALSE,FALSE,7,0,FALSE
3,18,,-64.3,1.3,35.06,0.1,0.076923,0,0,0,0,0,0,0,0,0,0,FALSE,FALSE,FALSE,FALSE,FALSE,FALSE,7,0,FALSE
3,18,,-64.32,1.3,35.04,0.12,0.092308,0,0,0,0,0,0,0,0,0,0,FALSE,FALSE,FALSE,FALSE,FALSE,FALSE,7,0,FALSE
3,18,,-64.34,1.3,25.05,0.14,0.107692,0,0,0,0,0,0,0,0,0,0,FALSE,FALSE,FALSE,FALSE,FALSE,FALSE,5,0,FALSE
3,18,,-64.36,1.3,30.01,0.14,0.107692,0,0,0,0,0,0,0,0,0,0,FALSE,FALSE,FALSE,FALSE,FALSE,FALSE,6,0,FALSE
3,18,,-64.38,1.3,25.04,0.09,0.069231,0,0,0,0,0,0,0,0,0,0,FALSE,FALSE,FALSE,FALSE,FALSE,FALSE,5,0,FALSE
3,18,,-64.4,1.3,15.03,0.12,0.092308,0,0.14881,0.192308,153.846154,153.846154,-115.941641,0,0.14881,0,0,FALSE,FALSE,FALSE,TRUE,FALSE,FALSE,3,0.2,FALSE
3,18,,-64.42,1.3,35.06,0.06,0.046154,0.019003,0.675,0.692308,-173.076923,-173.076923,385.057171,1250,0.675,0.019003,0,FALSE,FALSE,FALSE,TRUE,TRUE,FALSE,7,0.4,FALSE
3,18,,-64.44,1.3,35.06,0.09,0.069231,0.726993,0.444737,0.5,173.076923,173.076923,-343.534184,-480.769231,0.444737,0.726993,0.492389,FALSE,FALSE,FALSE,TRUE,TRUE,TRUE,7,0.6,FALSE
3,18,,-64.46,1.3,35.05,0.09,0.069231,0.288387,0.05,0.115385,-57.692308,-57.692308,-147.179808,-961.538462,0.05,0.288387,0.816667,FALSE,FALSE,FALSE,TRUE,TRUE,TRUE,7,0.6,FALSE
3,18,,-64.48,1.3,35.05,0.42,0.323077,0.552442,0.446356,-2.423077,634.615385,634.615385,1772.23592,-6346.153846,0.446356,0.552442,0.635017,FALSE,FALSE,FALSE,TRUE,TRUE,TRUE,7,0.6,FALSE
3,18,,-64.5,1.3,35.05,2.59,1.992308,0.739068,0.606288,-20.730769,3538.461538,3538.461538,18.019707,-45769.23077,0.606288,0.739068,0.624939,TRUE,FALSE,FALSE,TRUE,TRUE,TRUE,7,0.8,TRUE
3,18,,-64.52,1.3,35.06,4.9,3.769231,0.752806,0.824273,-46.615385,269.230769,269.230769,-2476.27748,-64711.53846,0.824273,0.752806,0.864117,FALSE,FALSE,FALSE,TRUE,TRUE,TRUE,7,0.6,FALSE
3,18,,-64.54,1.3,35.06,6.01,4.623077,0.269394,0.959216,-62.769231,-2307.692308,-2307.692308,33.692731,-40384.61539,0.959216,0.269394,0.897476,TRUE,FALSE,FALSE,TRUE,TRUE,TRUE,7,0.8,TRUE
3,18,,-64.56,1.3,35.07,8.06,6.2,0.279102,0.989107,-71.923077,1807.692308,1807.692308,224.1513,-22884.61539,0.989107,0.279102,0.894369,TRUE,FALSE,FALSE,FALSE,TRUE,TRUE,7,0.6,FALSE
3,18,,-64.58,1.3,35.06,9.6,7.384615,0.989039,0.991353,-66.076923,-980.769231,-980.769231,57.0017,14615.38462,0.991353,0.989039,0.292271,FALSE,FALSE,FALSE,FALSE,FALSE,TRUE,7,0.2,FALSE
3,18,,-64.6,1.3,20.09,10.82,8.323077,0.971363,0.991538,-59.346154,-615.384615,-615.384615,249.861351,16826.92308,0.991538,0.971363,0.883801,FALSE,FALSE,FALSE,FALSE,TRUE,TRUE,4,0.4,FALSE
3,18,,-64.62,1.3,20.09,11.4,8.769231,0.94622,0.959968,-52.076923,-1230.769231,-1230.769231,120.395926,18173.07692,0.959968,0.94622,0.888373,FALSE,FALSE,FALSE,TRUE,TRUE,TRUE,4,0.6,FALSE
3,18,,-64.64,1.3,30.01,13.66,10.507692,0.901148,0.968743,-50,3230.769231,3230.769231,66.824533,5192.307692,0.968743,0.901148,0.853825,TRUE,FALSE,FALSE,TRUE,TRUE,TRUE,6,0.8,TRUE
3,18,,-64.66,1.3,30,15.34,11.8,0.87505,0.963226,-55.076923,-1115.384615,-1115.384615,84.240378,-12692.30769,0.963226,0.87505,0.08865,FALSE,FALSE,FALSE,TRUE,TRUE,TRUE,6,0.6,FALSE
3,18,,-64.68,1.3,20.09,16.61,12.776923,0.808277,0.977006,-59.692308,-788.461538,-788.461538,-2.869386,-11538.46154,0.977006,0.808277,0.896871,FALSE,FALSE,FALSE,FALSE,TRUE,TRUE,4,0.4,FALSE
3,18,,-64.7,1.3,30.1,18.64,14.338462,0.700921,0.991906,-67.038462,1461.538462,1461.538462,14.627085,-18365.38462,0.991906,0.700921,0.849625,FALSE,FALSE,FALSE,FALSE,TRUE,TRUE,6,0.4,FALSE
3,18,,-64.72,1.3,35.06,21.57,16.592308,0.936347,0.974779,-73.538462,1730.769231,1730.769231,-9.798431,-16250,0.974779,0.936347,0.897705,TRUE,FALSE,FALSE,TRUE,TRUE,TRUE,7,0.8,TRUE
3,18,,-64.74,1.3,20.09,23.62,18.169231,0.829189,0.983982,-82.769231,-1692.307692,-1692.307692,11.548502,-23076.92308,0.983982,0.829189,0.863616,TRUE,FALSE,FALSE,FALSE,TRUE,TRUE,4,0.6,FALSE
3,18,,-64.76,1.3,30.1,26.81,20.623077,0.052925,0.99444,-97.615385,2192.307692,2192.307692,17.596106,-37115.38462,0.99444,0.052925,0.848254,TRUE,FALSE,FALSE,FALSE,TRUE,TRUE,6,0.6,FALSE
3,18,,-64.78,1.3,20.1,28.82,22.169231,0.166412,0.995245,-98.461538,-2269.230769,-2269.230769,-58.859819,-2115.384615,0.995245,0.166412,0.776877,TRUE,FALSE,FALSE,FALSE,TRUE,TRUE,4,0.6,FALSE
3,18,,-64.8,1.3,20.09,30.88,23.753846,0.54283,0.993087,-91.615385,96.153846,96.153846,-19.126984,17115.38462,0.993087,0.54283,0.368937,FALSE,FALSE,FALSE,FALSE,TRUE,TRUE,4,0.4,FALSE
3,18,,-64.82,1.3,20.09,32.64,25.107692,0.853224,0.986338,-85.038462,-576.923077,-576.923077,13.707632,16442.30769,0.986338,0.853224,0.894753,FALSE,FALSE,FALSE,FALSE,TRUE,TRUE,4,0.4,FALSE
3,18,,-64.84,1.3,30.01,36.64,28.184615,0.951261,0.972375,-90.307692,4307.692308,4307.692308,39.719971,-13173.07692,0.972375,0.951261,0.18213,TRUE,FALSE,FALSE,TRUE,TRUE,TRUE,6,0.8,TRUE
3,18,,-64.86,1.3,25.04,39.06,30.046154,0.742063,0.980526,-100.923077,-3038.461538,-3038.461538,14.047548,-26538.46154,0.980526,0.742063,0.815533,TRUE,FALSE,FALSE,FALSE,TRUE,TRUE,5,0.6,FALSE
3,18,,-64.88,1.3,25.04,41.62,32.015385,0.465899,0.988828,-107.307692,269.230769,269.230769,-13.085041,-15961.53846,0.988828,0.465899,0.896416,FALSE,FALSE,FALSE,FALSE,TRUE,TRUE,5,0.4,FALSE
3,18,,-64.9,1.3,35.07,45.81,35.238462,0.410353,0.989405,-120.461538,3134.615385,3134.615385,14.559488,-32884.61539,0.989405,0.410353,0.812017,TRUE,FALSE,FALSE,FALSE,TRUE,TRUE,7,0.6,FALSE
3,18,,-64.92,1.3,20.08,47.27,36.361538,0.265789,0.983471,-107.730769,-5250,-5250,-57.0731,31826.92308,0.983471,0.265789,0.0964,TRUE,FALSE,FALSE,FALSE,TRUE,TRUE,4,0.6,FALSE
3,18,,-64.94,1.3,35.06,50.46,38.815385,0.720355,0.984592,-109.423077,3326.923077,3326.923077,35.759131,-4230.769231,0.984592,0.720355,0.674812,TRUE,FALSE,FALSE,FALSE,TRUE,TRUE,7,0.6,FALSE
3,18,,-64.96,1.3,35.05,53.65,41.269231,0.849965,0.984498,-110.423077,0,0,-0.603266,-2500,0.984498,0.849965,0.895851,FALSE,FALSE,FALSE,FALSE,TRUE,TRUE,7,0.4,FALSE
3,18,,-64.98,1.3,25.04,57.69,44.376923,0.81378,0.977675,-115.923077,1634.615385,1634.615385,9.085876,-13750,0.977675,0.81378,0.657718,TRUE,FALSE,FALSE,FALSE,TRUE,TRUE,5,0.6,FALSE
3,18,,-65,1.3,35.06,58.2,44.769231,0.9704,0.964775,-111.884615,-6788.461538,-6788.461538,-12.752963,10096.15385,0.964775,0.9704,0.224675,TRUE,FALSE,FALSE,TRUE,TRUE,TRUE,7,0.8,TRUE
3,18,,-65.02,1.3,35.06,58.17,44.746154,0.78613,0.831713,-76.807692,-1038.461538,-1038.461538,-41.201959,87692.30769,0.831713,0.78613,0.605816,FALSE,FALSE,FALSE,TRUE,TRUE,TRUE,7,0.6,FALSE
3,18,,-65.04,1.3,35.05,51.57,39.669231,0.892061,0.036163,14.153846,-12634.61539,-12634.61539,40.063274,227403.8462,0.036163,0.892061,0.774379,TRUE,FALSE,TRUE,TRUE,TRUE,TRUE,7,1,TRUE
3,18,,-65.06,1.3,35.06,50.69,38.992308,0.627374,0.739943,79.346154,11000,11000,47.606453,162980.7692,0.739943,0.627374,0.899838,TRUE,FALSE,TRUE,TRUE,TRUE,TRUE,7,1,TRUE
3,18,,-65.08,1.3,35.04,47.09,36.223077,0.022982,0.91909,114.230769,-5230.769231,-5230.769231,21.729242,87211.53846,0.91909,0.022982,0.892043,TRUE,FALSE,FALSE,TRUE,TRUE,TRUE,7,0.8,TRUE
