family,source_file,label,sample_id,cell,session_idx,session_t_min,session_t_max,conc,mw,provider_suffix,provider_bucket,viscosity_bucket_kcp,pathway,regime,n_stress,K_stress,R2_stress,n_idx,mu_app_cP,success,error,n_rpms,forced_newtonian
PEG,PEG.csv,10%300K_7158,PEG|10.0%|300K,2,0,15.0,30.05,10.0,300K,other,other,5-15,mild_shear_thinning,shear-thinning,0.7872914425179979,18.751905617380856,0.9999036461161122,0.7872914425179979,10531.422574004628,True,,10,False
PEG,PEG.csv,10%600K_64250,PEG|10.0%|600K,1,0,5.0,16.0,10.0,600K,other,other,40+,mild_shear_thinning,shear-thinning,0.6869884383536091,11.795269736853855,0.9998929343626466,0.6869884383536091,2765.7271913427826,True,,9,False
PEG,PEG.csv,5%300K_577,PEG|5.0%|300K,1,0,5.01,35.07,5.0,300K,other,other,0-5,mild_shear_thinning,shear-thinning,0.7146582301717974,3.5474942810161774,0.9989842239595341,0.7146582301717974,800.9036100159924,True,,10,False
PEG,PEG.csv,5%600K_3254,PEG|5.0%|600K,3,0,5.01,15.08,5.0,600K,other,other,0-5,strong_shear_thinning,shear-thinning,0.2769748754862526,79.71237294393829,0.6715063332814126,0.2769748754862526,13887.38436401537,True,,4,False
PEG,PEG.csv,6.5%600K_4109,PEG|6.5%|600K,1,0,15.02,35.09,6.5,600K,other,other,0-5,mild_shear_thinning,shear-thinning,0.6866770930264453,11.94425734309414,0.9997111922659315,0.6866770930264453,6757.914729979207,True,,9,False
Carbopol980,carbopol.csv,980carb0.2%_10580,Carbopol980|0.2%,1,0,15.0,15.08,0.2,,other,other,5-15,,undetermined,,,,,,False,No valid RPM sweeps passed quality gate,10,False
Carbopol980,carbopol.csv,980carb0.3%_49810,Carbopol980|0.3%,10,0,15.01,35.1,0.3,,other,other,40+,,undetermined,,,,,,False,No valid RPM sweeps passed quality gate,10,False
Carbopol980,carbopol.csv,980carb0.35%_100800,Carbopol980|0.35%,7,0,25.02,35.07,0.35,,other,other,40+,strong_shear_thinning,shear-thinning,0.45555822789361694,114.10717157055589,0.9930548317568775,0.45555822789361694,288442.15554517775,True,,10,False
Carbopol980,carbopol.csv,980carb0.4%_159700,Carbopol980|0.4%,11,0,25.02,35.06,0.4,,other,other,40+,,undetermined,,,,,,False,No valid RPM sweeps passed quality gate,4,False
Sepineo,sepineo.csv,1%sep_2148,Sepineo|1%,1,0,15.01,35.1,1.0,,other,other,0-5,strong_shear_thinning,shear-thinning,0.2976995160092289,38.431492087272275,0.9997482916027205,0.2976995160092289,4397.5610781200685,True,,10,False
Sepineo,sepineo.csv,1.5%sep_17240,Sepineo|1.5%,2,0,15.03,35.1,1.5,,other,other,15-40,strong_shear_thinning,shear-thinning,0.24701697780050735,71.71739207696322,0.9995953534510214,0.24701697780050735,37198.81561027006,True,,11,False
Sepineo,sepineo.csv,1.5%sep_17240,Sepineo|1.5%,7,0,15.0,30.01,1.5,,other,other,15-40,strong_shear_thinning,shear-thinning,0.2439193441519085,86.84576905656436,0.9999261462103542,0.2439193441519085,44736.22114170805,True,,11,False
Sepineo,sepineo.csv,2%sep_50110,Sepineo|2%,3,0,15.02,20.1,2.0,,other,other,40+,strong_shear_thinning,shear-thinning,0.2563773857765846,90.32284467637007,0.9996661566107746,0.2563773857765846,89994.32450033045,True,,11,False
Sepineo,sepineo.csv,2%sep_50110,Sepineo|2%,7,0,15.01,20.1,2.0,,other,other,40+,strong_shear_thinning,shear-thinning,0.2334863231345079,104.13895150622912,0.999930248109012,0.2334863231345079,104105.226687289,True,,4,False
Solagum,solagum.csv,1%sola_522,Solagum|1%,2,0,10.0,11.0,1.0,,other,other,0-5,strong_shear_thinning,shear-thinning,0.3912926137641063,17.41579675157754,0.9984001420553471,0.3912926137641063,1876.4297280404498,True,,10,False
Silicone,silicone.csv,l100000_sig_a124800,l100000_sig_a124800,18,0,35.04,35.06,,,sig,sig,40+,newtonian,Newtonian,,,,1.0,91728.8380683838,True,,1,True
Silicone,silicone.csv,l10000_sdl_a9194,l10000_sdl_a9194,5,0,12.01,12.02,,,sdl,sdl,5-15,newtonian,Newtonian,,,,1.0,10099.04879743851,True,,1,True
Silicone,silicone.csv,l10000_sl_a11860,l10000_sl_a11860,1,0,20.0,20.09,,,sl,sil_sl,5-15,newtonian,Newtonian,,,,1.0,13070.605347030232,True,,1,True
Silicone,silicone.csv,l10000_sl_a11860,l10000_sl_a11860,2,0,20.0,20.09,,,sl,sil_sl,5-15,newtonian,Newtonian,,,,1.0,12701.27939525124,True,,1,True
Silicone,silicone.csv,l10000_sl_a11860,l10000_sl_a11860,3,1,20.08,20.09,,,sl,sil_sl,5-15,newtonian,Newtonian,,,,1.0,11478.500999680602,True,,1,True
Silicone,silicone.csv,l10000_sl_a11860,l10000_sl_a11860,4,0,20.07,20.09,,,sl,sil_sl,5-15,newtonian,Newtonian,,,,1.0,10861.379443127664,True,,1,True
Silicone,silicone.csv,l10000_sl_a11860,l10000_sl_a11860,5,0,20.0,20.09,,,sl,sil_sl,5-15,newtonian,Newtonian,,,,1.0,11869.515603764377,True,,1,True
Silicone,silicone.csv,l10000_sl_a11860,l10000_sl_a11860,6,0,12.01,12.02,,,sl,sil_sl,5-15,newtonian,Newtonian,,,,1.0,11817.783676705061,True,,1,True
Silicone,silicone.csv,l10000_sl_a11860,l10000_sl_a11860,7,0,15.02,15.03,,,sl,sil_sl,5-15,newtonian,Newtonian,,,,1.0,13220.252315695612,True,,1,True
Silicone,silicone.csv,l10000_sl_a11860,l10000_sl_a11860,7,1,20.07,20.1,,,sl,sil_sl,5-15,newtonian,Newtonian,,,,1.0,11318.752399497922,True,,1,True
Silicone,silicone.csv,l10000_sl_a11860,l10000_sl_a11860,8,0,20.07,20.1,,,sl,sil_sl,5-15,newtonian,Newtonian,,,,1.0,11263.581807211836,True,,1,True
Silicone,silicone.csv,l10000_sl_a11860,l10000_sl_a11860,9,0,20.07,20.09,,,sl,sil_sl,5-15,newtonian,Newtonian,,,,1.0,10781.350655658873,True,,1,True
Silicone,silicone.csv,l10000_sl_a11860,l10000_sl_a11860,10,0,20.07,20.09,,,sl,sil_sl,5-15,newtonian,Newtonian,,,,1.0,10198.881397690957,True,,1,True
Silicone,silicone.csv,l10000_sl_a11860,l10000_sl_a11860,11,0,20.07,20.09,,,sl,sil_sl,5-15,newtonian,Newtonian,,,,1.0,11438.660439053501,True,,1,True
Silicone,silicone.csv,l10000_sl_a11860,l10000_sl_a11860,12,0,20.0,20.1,,,sl,sil_sl,5-15,newtonian,Newtonian,,,,1.0,11881.158079989787,True,,1,True
Silicone,silicone.csv,l10000_sl_a11860,l10000_sl_a11860,16,0,15.02,15.02,,,sl,sil_sl,5-15,newtonian,Newtonian,,,,1.0,12875.926272671148,True,,1,True
Silicone,silicone.csv,l10000_sl_a11860,l10000_sl_a11860,16,1,15.03,15.03,,,sl,sil_sl,5-15,newtonian,Newtonian,,,,1.0,12903.57123172351,True,,1,True
Silicone,silicone.csv,l10000_sl_a11860,l10000_sl_a11860,17,0,15.02,15.03,,,sl,sil_sl,5-15,newtonian,Newtonian,,,,1.0,13620.01240739685,True,,1,True
Silicone,silicone.csv,l10000_sl_a11860,l10000_sl_a11860,18,0,15.02,15.05,,,sl,sil_sl,5-15,newtonian,Newtonian,,,,1.0,9780.061013065404,True,,1,True
Silicone,silicone.csv,l1000_b_a1000,l1000_b_a1000,1,0,15.02,15.03,,,b,b,0-5,newtonian,Newtonian,,,,1.0,1479.3919704245027,True,,1,True
Silicone,silicone.csv,l1000_sl_a1154,l1000_sl_a1154,2,0,12.01,15.02,,,sl,sil_sl,0-5,newtonian,Newtonian,,,,1.0,965.5678129578808,True,,1,True
Silicone,silicone.csv,l1000_sl_a1154,l1000_sl_a1154,2,1,15.03,15.03,,,sl,sil_sl,0-5,newtonian,Newtonian,,,,1.0,1548.7988161981632,True,,1,True
Silicone,silicone.csv,l12500_b_14590,l12500_b_14590,1,0,15.03,15.05,,,b,b,5-15,newtonian,Newtonian,,,,1.0,17780.328919244792,True,,1,True
Silicone,silicone.csv,l12500_b_14590,l12500_b_14590,2,0,15.04,15.05,,,b,b,5-15,newtonian,Newtonian,,,,1.0,18020.902870174767,True,,1,True
Silicone,silicone.csv,l12500_b_14590,l12500_b_14590,3,0,15.04,15.05,,,b,b,5-15,newtonian,Newtonian,,,,1.0,16896.223369713585,True,,1,True
Silicone,silicone.csv,l12500_b_14590,l12500_b_14590,4,0,15.04,15.04,,,b,b,5-15,newtonian,Newtonian,,,,1.0,16604.89378089064,True,,1,True
Silicone,silicone.csv,l12500_b_14590,l12500_b_14590,5,0,15.03,15.05,,,b,b,5-15,newtonian,Newtonian,,,,1.0,15609.606008619694,True,,1,True
Silicone,silicone.csv,l12500_b_14590,l12500_b_14590,6,0,15.04,15.05,,,b,b,5-15,newtonian,Newtonian,,,,1.0,15125.470769175561,True,,1,True
Silicone,silicone.csv,l12500_b_14590,l12500_b_14590,8,0,15.02,15.03,,,b,b,5-15,newtonian,Newtonian,,,,1.0,17705.99405134361,True,,1,True
Silicone,silicone.csv,l12500_b_a14570,l12500_b_a14570,7,0,12.01,12.03,,,b,b,5-15,newtonian,Newtonian,,,,1.0,15802.735786026484,True,,1,True
Silicone,silicone.csv,l15000_sdl_a19000,l15000_sdl_a19000,8,1,16.06,16.08,,,sdl,sdl,15-40,newtonian,Newtonian,,,,1.0,21138.283875442743,True,,1,True
Silicone,silicone.csv,l15000_sdl_a19000,l15000_sdl_a19000,9,0,15.02,15.03,,,sdl,sdl,15-40,newtonian,Newtonian,,,,1.0,16276.50837478031,True,,1,True
Silicone,silicone.csv,l15000_sdl_a19000,l15000_sdl_a19000,9,1,20.08,20.09,,,sdl,sdl,15-40,newtonian,Newtonian,,,,1.0,19456.585679937773,True,,1,True
Silicone,silicone.csv,l20000_sdl_a24380,l20000_sdl_a24380,9,0,16.06,20.06,,,sdl,sdl,15-40,newtonian,Newtonian,,,,1.0,26593.908568002993,True,,1,True
Silicone,silicone.csv,l2000_sdl_a3347,l2000_sdl_a3347,3,0,15.01,15.06,,,sdl,sdl,0-5,newtonian,Newtonian,,,,1.0,3913.663612640111,True,,1,True
Silicone,silicone.csv,l25000_sdl_a22730,l25000_sdl_a22730,10,1,20.08,20.09,,,sdl,sdl,15-40,newtonian,Newtonian,,,,1.0,23421.10019810399,True,,1,True
Silicone,silicone.csv,l30000_b_a31870,l30000_b_a31870,11,0,16.06,25.05,,,b,b,15-40,newtonian,Newtonian,,,,1.0,32095.188739221052,True,,1,True
Silicone,silicone.csv,l40000_sdl_a62600,l40000_sdl_a62600,12,0,24.05,28.05,,,sdl,sdl,40+,newtonian,Newtonian,,,,1.0,88720.15375046362,True,,1,True
Silicone,silicone.csv,l40000_sdl_a62600,l40000_sdl_a62600,12,1,32.06,36.03,,,sdl,sdl,40+,newtonian,Newtonian,,,,1.0,85942.9691237014,True,,1,True
Silicone,silicone.csv,l4000_sdl_a6611,l4000_sdl_a6611,4,0,15.01,15.04,,,sdl,sdl,5-15,newtonian,Newtonian,,,,1.0,7618.240018267348,True,,1,True
Silicone,silicone.csv,l45000_sdl_a40600,l45000_sdl_a40600,13,1,24.06,28.03,,,sdl,sdl,40+,newtonian,Newtonian,,,,1.0,42599.501745576585,True,,1,True
Silicone,silicone.csv,l45000_sdl_a40850,l45000_sdl_a40850,12,0,20.0,20.1,,,sdl,sdl,40+,newtonian,Newtonian,,,,1.0,33703.9386060565,True,,1,True
Silicone,silicone.csv,l45000_sdl_a40850,l45000_sdl_a40850,12,1,25.0,25.08,,,sdl,sdl,40+,newtonian,Newtonian,,,,1.0,44981.21974213176,True,,1,True
Silicone,silicone.csv,l50000_sdl_a79700,l50000_sdl_a79700,14,1,32.05,36.04,,,sdl,sdl,40+,newtonian,Newtonian,,,,1.0,85975.74609077825,True,,1,True
Silicone,silicone.csv,l5000_b_5865,l5000_b_5865,4,0,12.01,12.02,,,b,b,5-15,newtonian,Newtonian,,,,1.0,6297.717724177368,True,,1,True
Silicone,silicone.csv,l5000_b_a5856,l5000_b_a5856,5,0,15.01,15.04,,,b,b,5-15,newtonian,Newtonian,,,,1.0,6070.76164698543,True,,1,True
Silicone,silicone.csv,l55000_sdl_a48520,l55000_sdl_a48520,13,1,25.0,25.07,,,sdl,sdl,40+,newtonian,Newtonian,,,,1.0,48624.5605925244,True,,1,True
Silicone,silicone.csv,l60000_b_a69080,l60000_b_a69080,15,1,30.0,30.1,,,b,b,40+,newtonian,Newtonian,,,,1.0,73161.55410489772,True,,1,True
Silicone,silicone.csv,l60000_b_a69080,l60000_b_a69080,15,2,35.07,35.09,,,b,b,40+,newtonian,Newtonian,,,,1.0,79220.33223153674,True,,1,True
Silicone,silicone.csv,l60000_b_a69080,l60000_b_a69080,16,0,24.06,28.04,,,b,b,40+,newtonian,Newtonian,,,,1.0,76704.82489495825,True,,1,True
Silicone,silicone.csv,l60000_sil_a37000,l60000_sil_a37000,15,0,20.0,20.02,,,sil,sil_sl,15-40,newtonian,Newtonian,,,,1.0,35473.59552900056,True,,1,True
Silicone,silicone.csv,l60000_sil_a37020,l60000_sil_a37020,1,1,25.03,25.07,,,sil,sil_sl,15-40,newtonian,Newtonian,,,,1.0,42360.88867052146,True,,1,True
Silicone,silicone.csv,l60000_sil_a37020,l60000_sil_a37020,2,1,25.02,25.05,,,sil,sil_sl,15-40,newtonian,Newtonian,,,,1.0,41431.75916384414,True,,1,True
Silicone,silicone.csv,l60000_sil_a37020,l60000_sil_a37020,3,0,20.08,20.09,,,sil,sil_sl,15-40,newtonian,Newtonian,,,,1.0,39389.17866768221,True,,1,True
Silicone,silicone.csv,l60000_sil_a37020,l60000_sil_a37020,4,0,20.0,20.09,,,sil,sil_sl,15-40,newtonian,Newtonian,,,,1.0,35554.51114047785,True,,1,True
Silicone,silicone.csv,l60000_sil_a37020,l60000_sil_a37020,4,1,25.02,25.04,,,sil,sil_sl,15-40,newtonian,Newtonian,,,,1.0,40333.87712293791,True,,1,True
Silicone,silicone.csv,l60000_sil_a37020,l60000_sil_a37020,5,0,20.08,20.09,,,sil,sil_sl,15-40,newtonian,Newtonian,,,,1.0,33933.29608350221,True,,1,True
Silicone,silicone.csv,l60000_sil_a37020,l60000_sil_a37020,6,0,20.07,20.09,,,sil,sil_sl,15-40,newtonian,Newtonian,,,,1.0,35103.55346308704,True,,1,True
Silicone,silicone.csv,l60000_sil_a37020,l60000_sil_a37020,6,1,25.03,25.08,,,sil,sil_sl,15-40,newtonian,Newtonian,,,,1.0,37959.266490100425,True,,1,True
Silicone,silicone.csv,l60000_sil_a37020,l60000_sil_a37020,7,0,20.07,20.08,,,sil,sil_sl,15-40,newtonian,Newtonian,,,,1.0,33328.66536690189,True,,1,True
Silicone,silicone.csv,l60000_sil_a37020,l60000_sil_a37020,7,1,25.03,25.07,,,sil,sil_sl,15-40,newtonian,Newtonian,,,,1.0,39761.47344917683,True,,1,True
Silicone,silicone.csv,l60000_sil_a37020,l60000_sil_a37020,8,1,25.03,25.05,,,sil,sil_sl,15-40,newtonian,Newtonian,,,,1.0,40101.22925835737,True,,1,True
Silicone,silicone.csv,l60000_sil_a37020,l60000_sil_a37020,9,1,25.03,25.06,,,sil,sil_sl,15-40,newtonian,Newtonian,,,,1.0,39357.31535644615,True,,1,True
Silicone,silicone.csv,l60000_sil_a37020,l60000_sil_a37020,10,1,25.03,25.05,,,sil,sil_sl,15-40,newtonian,Newtonian,,,,1.0,36773.44036220817,True,,1,True
Silicone,silicone.csv,l60000_sil_a37020,l60000_sil_a37020,11,1,25.03,25.05,,,sil,sil_sl,15-40,newtonian,Newtonian,,,,1.0,38720.56335062038,True,,1,True
Silicone,silicone.csv,l60000_sil_a37020,l60000_sil_a37020,12,1,25.03,25.05,,,sil,sil_sl,15-40,newtonian,Newtonian,,,,1.0,39383.00609568282,True,,1,True
Silicone,silicone.csv,l60000_sil_a37020,l60000_sil_a37020,13,1,25.03,25.07,,,sil,sil_sl,15-40,newtonian,Newtonian,,,,1.0,39724.85875416534,True,,1,True
Silicone,silicone.csv,l60000_sil_a37020,l60000_sil_a37020,14,1,25.02,25.05,,,sil,sil_sl,15-40,newtonian,Newtonian,,,,1.0,38342.79282881024,True,,1,True
Silicone,silicone.csv,l60000_sil_a37020,l60000_sil_a37020,16,1,25.02,25.06,,,sil,sil_sl,15-40,newtonian,Newtonian,,,,1.0,38304.02060617897,True,,1,True
Silicone,silicone.csv,l60000_sil_a37020,l60000_sil_a37020,17,1,25.03,25.05,,,sil,sil_sl,15-40,newtonian,Newtonian,,,,1.0,41788.75222416571,True,,1,True
Silicone,silicone.csv,l60000_sl_a37020,l60000_sl_a37020,14,0,20.07,20.1,,,sl,sil_sl,15-40,newtonian,Newtonian,,,,1.0,40558.189781149136,True,,1,True
Silicone,silicone.csv,l70000_sdl_a99220,l70000_sdl_a99220,17,0,32.06,36.02,,,sdl,sdl,40+,newtonian,Newtonian,,,,1.0,123327.163570911,True,,1,True
Silicone,silicone.csv,l75000_sdl_70730,l75000_sdl_70730,16,1,35.06,35.09,,,sdl,sdl,40+,newtonian,Newtonian,,,,1.0,75480.5280046932,True,,1,True
Silicone,silicone.csv,l8000_sdl_a8930,l8000_sdl_a8930,6,0,15.02,15.03,,,sdl,sdl,5-15,newtonian,Newtonian,,,,1.0,10187.12288287844,True,,1,True
Silicone,silicone.csv,l95000_sdl_a93270,l95000_sdl_a93270,17,1,35.06,35.08,,,sdl,sdl,40+,newtonian,Newtonian,,,,1.0,99457.77608341484,True,,1,True
TIMS,TIMS.csv,HY500,HY500,7,0,15.06,165.07,,,other,other,unknown,,undetermined,,,,,,False,No valid RPM sweeps passed quality gate,1,False
TIMS,TIMS.csv,SYY,SYY,1,0,45.0,150.04,,,other,other,unknown,,undetermined,,,,,,False,No valid RPM sweeps passed quality gate,7,False
TIMS,TIMS.csv,sekisuiB41,sekisuiB41,11,0,15.04,255.08,,,other,other,unknown,newtonian,Newtonian,,,,1.0,1915858.159362483,True,,2,False
