family,source_file,label,sample_id,cell,session_idx,session_t_min,session_t_max,conc,mw,hit_point_z,provider_suffix,provider_bucket,viscosity_bucket_kcp,truth_source,benchmark_family,cohort_type,rpm,gamma_dot,n_drag_points,mu_pred_cP,mu_true_cP,mu_true_label_cP,mu_true_master_cP,abs_pct_err,abs_pct_err_label,abs_pct_err_master,pathway,R2_drag,tau_Pa_hit,A,fit_success,n_stress,K_stress
PEG,PEG.csv,10%300K_7158,PEG|10.0%|300K,2,0,15.0,30.05,10.0,300K,,other,other,5-15,,mixed,exploratory,3.0,5.999999999999999,43,10531.422574004628,,7158.0,,,47.1280046661725,,mild_shear_thinning,0.9917449126768051,75.73383716789408,3.159426772201388,True,0.7872914425179979,18.751905617380856
PEG,PEG.csv,10%300K_7158,PEG|10.0%|300K,2,0,15.0,30.05,10.0,300K,,other,other,5-15,master,polymer_reference,benchmark,4.0,7.999999999999999,43,9906.300567030652,7913.0,7158.0,7913.0,25.19020051852208,38.39481093923794,25.19020051852208,mild_shear_thinning,0.990091230220422,96.05142426298787,2.968066586455677,True,0.7872914425179979,18.751905617380856
PEG,PEG.csv,10%300K_7158,PEG|10.0%|300K,2,0,15.0,30.05,10.0,300K,,other,other,5-15,,mixed,exploratory,5.0,9.999999999999998,43,9447.0869309795,,7158.0,,,31.97942066190975,,mild_shear_thinning,0.9891945781692767,115.04232283889273,2.812499355216518,True,0.7872914425179979,18.751905617380856
PEG,PEG.csv,10%300K_7158,PEG|10.0%|300K,2,0,15.0,30.05,10.0,300K,,other,other,5-15,,mixed,exploratory,6.0,11.999999999999998,43,9087.729321486806,,7158.0,,,26.959057299340678,,mild_shear_thinning,0.9885916538364249,133.00177028796256,2.6828591322405866,True,0.7872914425179979,18.751905617380856
PEG,PEG.csv,10%300K_7158,PEG|10.0%|300K,2,0,15.0,30.05,10.0,300K,,other,other,5-15,master,polymer_reference,benchmark,7.0,13.999999999999998,43,8794.582515105976,7158.0,7158.0,7158.0,22.863684200977595,22.863684200977595,22.863684200977595,mild_shear_thinning,0.9879159556710739,150.12601821773117,2.5758060703003145,True,0.7872914425179979,18.751905617380856
PEG,PEG.csv,10%300K_7158,PEG|10.0%|300K,2,0,15.0,30.05,10.0,300K,,other,other,5-15,,mixed,exploratory,8.0,15.999999999999998,43,8548.301760550576,,7158.0,,,19.42304778640089,,mild_shear_thinning,0.9875280498686773,166.51633810797946,2.4834159618018976,True,0.7872914425179979,18.751905617380856
PEG,PEG.csv,10%300K_7158,PEG|10.0%|300K,2,0,15.0,30.05,10.0,300K,,other,other,5-15,,mixed,exploratory,9.0,17.999999999999996,43,8336.797744202293,,7158.0,,,16.46825571671267,,mild_shear_thinning,0.9872270087768249,182.38854279700308,2.40533924662921,True,0.7872914425179979,18.751905617380856
PEG,PEG.csv,10%300K_7158,PEG|10.0%|300K,2,0,15.0,30.05,10.0,300K,,other,other,5-15,master,polymer_reference,benchmark,10.0,19.999999999999996,43,8152.039128807964,6519.0,7158.0,6519.0,25.050454499278473,13.887107136182783,25.050454499278473,mild_shear_thinning,0.9867668588440562,197.69262690065904,2.3344498195113887,True,0.7872914425179979,18.751905617380856
PEG,PEG.csv,10%300K_7158,PEG|10.0%|300K,2,0,15.0,30.05,10.0,300K,,other,other,5-15,,mixed,exploratory,11.0,21.999999999999993,42,7988.434474331698,,7158.0,,,11.601487487170967,,mild_shear_thinning,0.9838680432454217,204.0320538688976,2.138865673748578,True,0.7872914425179979,18.751905617380856
PEG,PEG.csv,10%300K_7158,PEG|10.0%|300K,2,0,15.0,30.05,10.0,300K,,other,other,5-15,,mixed,exploratory,12.0,23.999999999999996,41,7841.943824803431,,7158.0,,,9.554957038326783,,mild_shear_thinning,0.9817933965045497,209.90308190649992,1.9728319042255709,True,0.7872914425179979,18.751905617380856
PEG,PEG.csv,10%600K_64250,PEG|10.0%|600K,1,0,5.0,16.0,10.0,600K,,other,other,40+,,mixed,exploratory,7.0,13.999999999999998,42,2765.7271913427826,,64250.0,,,95.69536623915519,,mild_shear_thinning,0.9973501674307692,71.45586572652381,0.8297181574028347,True,0.6869884383536091,11.795269736853855
PEG,PEG.csv,10%600K_64250,PEG|10.0%|600K,1,0,5.0,16.0,10.0,600K,,other,other,40+,,mixed,exploratory,9.0,17.999999999999996,42,2556.5003627038027,,64250.0,,,96.02101110863222,,mild_shear_thinning,0.998259742784616,85.78073270462225,0.756784721097509,True,0.6869884383536091,11.795269736853855
PEG,PEG.csv,10%600K_64250,PEG|10.0%|600K,1,0,5.0,16.0,10.0,600K,,other,other,40+,,mixed,exploratory,10.0,19.999999999999996,42,2473.5644755501417,,64250.0,,,96.15009420147838,,mild_shear_thinning,0.9982187452979571,92.36685705943319,0.7251181236788224,True,0.6869884383536091,11.795269736853855
PEG,PEG.csv,10%600K_64250,PEG|10.0%|600K,1,0,5.0,16.0,10.0,600K,,other,other,40+,,mixed,exploratory,11.0,21.999999999999993,42,2400.8600555765415,,64250.0,,,96.26325283178748,,mild_shear_thinning,0.9980812848336996,98.76252850693696,0.6994336190394873,True,0.6869884383536091,11.795269736853855
PEG,PEG.csv,10%600K_64250,PEG|10.0%|600K,1,0,5.0,16.0,10.0,600K,,other,other,40+,,mixed,exploratory,12.0,23.999999999999996,42,2336.3536917801835,,64250.0,,,96.36365184158726,,mild_shear_thinning,0.9976096896699513,104.75594743069433,0.6720425163266928,True,0.6869884383536091,11.795269736853855
PEG,PEG.csv,10%600K_64250,PEG|10.0%|600K,1,0,5.0,16.0,10.0,600K,,other,other,40+,,mixed,exploratory,13.0,26.0,42,2278.545201349916,,64250.0,,,96.45362614575888,,mild_shear_thinning,0.9976293550604348,110.71633195055965,0.6526681313525887,True,0.6869884383536091,11.795269736853855
PEG,PEG.csv,10%600K_64250,PEG|10.0%|600K,1,0,5.0,16.0,10.0,600K,,other,other,40+,,mixed,exploratory,14.0,27.999999999999996,42,2226.29889347041,,64250.0,,,96.53494335646629,,mild_shear_thinning,0.9974398445875305,116.42425965202725,0.6335575408209025,True,0.6869884383536091,11.795269736853855
PEG,PEG.csv,10%600K_64250,PEG|10.0%|600K,1,0,5.0,16.0,10.0,600K,,other,other,40+,,mixed,exploratory,15.0,29.999999999999993,42,2178.736128677084,,64250.0,,,96.60897100595007,,mild_shear_thinning,0.9969573167301604,121.78893632476783,0.6134224466214494,True,0.6869884383536091,11.795269736853855
PEG,PEG.csv,10%600K_64250,PEG|10.0%|600K,1,0,5.0,16.0,10.0,600K,,other,other,40+,,mixed,exploratory,16.0,31.999999999999996,42,2135.1644039361013,,64250.0,,,96.67678691994381,,mild_shear_thinning,0.9968259415228113,127.03389181644924,0.5950018567724085,True,0.6869884383536091,11.795269736853855
PEG,PEG.csv,5%300K_577,PEG|5.0%|300K,1,0,5.01,35.07,5.0,300K,,other,other,0-5,master,polymer_reference,benchmark,40.0,79.99999999999999,97,800.9036100159924,711.9,577.0,711.9,12.5022629605271,38.80478509809227,12.5022629605271,mild_shear_thinning,0.9986742943044657,80.5246009848506,0.24027108300479771,True,0.7146582301717974,3.5474942810161774
PEG,PEG.csv,5%300K_577,PEG|5.0%|300K,1,0,5.01,35.07,5.0,300K,,other,other,0-5,,mixed,exploratory,50.0,99.99999999999999,210,751.4979091178445,,577.0,,,30.242271944167165,,mild_shear_thinning,0.9489327565958531,95.41372949798725,0.207001215602726,True,0.7146582301717974,3.5474942810161774
PEG,PEG.csv,5%300K_577,PEG|5.0%|300K,1,0,5.01,35.07,5.0,300K,,other,other,0-5,master,polymer_reference,benchmark,60.0,119.99999999999997,93,713.401568263686,648.2,577.0,648.2,10.058865822845727,23.639786527501915,10.058865822845727,mild_shear_thinning,0.9988619107133022,108.78128266589357,0.21025968073834556,True,0.7146582301717974,3.5474942810161774
PEG,PEG.csv,5%300K_577,PEG|5.0%|300K,1,0,5.01,35.07,5.0,300K,,other,other,0-5,,mixed,exploratory,70.0,139.99999999999997,207,682.7022658789542,,577.0,,,18.319283514550126,,mild_shear_thinning,0.9485060834851039,121.7495441986195,0.1856009191362858,True,0.7146582301717974,3.5474942810161774
PEG,PEG.csv,5%300K_577,PEG|5.0%|300K,1,0,5.01,35.07,5.0,300K,,other,other,0-5,,mixed,exploratory,80.0,159.99999999999997,97,657.1792152963158,,577.0,,,13.895877867645712,,mild_shear_thinning,0.9985626357096652,133.815115525916,0.1902935156178313,True,0.7146582301717974,3.5474942810161774
PEG,PEG.csv,5%300K_577,PEG|5.0%|300K,1,0,5.01,35.07,5.0,300K,,other,other,0-5,master,polymer_reference,benchmark,90.0,179.99999999999997,211,635.4594875542191,576.6,577.0,576.6,10.208027671560712,10.131626959136758,10.208027671560712,mild_shear_thinning,0.9460445434338906,146.58214960445437,0.17179401799796035,True,0.7146582301717974,3.5474942810161774
PEG,PEG.csv,5%300K_577,PEG|5.0%|300K,1,0,5.01,35.07,5.0,300K,,other,other,0-5,,mixed,exploratory,100.0,199.99999999999997,97,616.6395057215756,,577.0,,,6.869931667517431,,mild_shear_thinning,0.9984702502193743,156.1101454318221,0.17444705603600485,True,0.7146582301717974,3.5474942810161774
PEG,PEG.csv,5%300K_577,PEG|5.0%|300K,1,0,5.01,35.07,5.0,300K,,other,other,0-5,,mixed,exploratory,110.0,219.99999999999997,208,600.0953794127925,,577.0,,,4.0026654094960925,,mild_shear_thinning,0.9410691847502891,169.94352275056522,0.163098966713415,True,0.7146582301717974,3.5474942810161774
PEG,PEG.csv,5%300K_577,PEG|5.0%|300K,1,0,5.01,35.07,5.0,300K,,other,other,0-5,,mixed,exploratory,120.0,239.99999999999994,93,585.3796598735878,,577.0,,,1.4522807406564642,,mild_shear_thinning,0.9978591205987063,176.34678531023974,0.16147013795147008,True,0.7146582301717974,3.5474942810161774
PEG,PEG.csv,5%300K_577,PEG|5.0%|300K,1,0,5.01,35.07,5.0,300K,,other,other,0-5,,mixed,exploratory,130.0,259.99999999999994,93,572.1613889489885,,577.0,,,0.8385807714058103,,mild_shear_thinning,0.9978982563182629,186.3525320690425,0.15679803822102914,True,0.7146582301717974,3.5474942810161774
PEG,PEG.csv,5%600K_3254,PEG|5.0%|600K,3,0,5.01,15.08,5.0,600K,,other,other,0-5,master,polymer_reference,benchmark,5.0,9.999999999999998,111,13887.38436401537,4485.0,3254.0,4485.0,209.6406770126058,326.7788679783457,209.6406770126058,strong_shear_thinning,0.9467908541140724,138.87384364015367,2.6544152075132628,True,0.2769748754862526,79.71237294393829
PEG,PEG.csv,5%600K_3254,PEG|5.0%|600K,3,0,5.01,15.08,5.0,600K,,other,other,0-5,master,polymer_reference,benchmark,10.0,19.999999999999996,111,10711.53721230391,3711.0,3254.0,3711.0,188.6428782620294,229.18061500626646,188.6428782620294,strong_shear_thinning,0.9392567571210167,214.2307442460782,1.9362444832848147,True,0.2769748754862526,79.71237294393829
PEG,PEG.csv,5%600K_3254,PEG|5.0%|600K,3,0,5.01,15.08,5.0,600K,,other,other,0-5,master,polymer_reference,benchmark,15.0,29.999999999999993,70,6921.057163656716,3254.0,3254.0,3254.0,112.69382801649402,112.69382801649402,112.69382801649402,strong_shear_thinning,0.9513878580996588,207.63171490970143,1.0010903772490845,True,0.2769748754862526,79.71237294393829
PEG,PEG.csv,5%600K_3254,PEG|5.0%|600K,3,0,5.01,15.08,5.0,600K,,other,other,0-5,master,polymer_reference,benchmark,20.0,39.99999999999999,42,5051.61629188921,2947.0,3254.0,2947.0,71.4155511329898,55.24327879192408,71.4155511329898,strong_shear_thinning,0.9638890412171778,202.06465167556837,0.5717018497716406,True,0.2769748754862526,79.71237294393829
PEG,PEG.csv,6.5%600K_4109,PEG|6.5%|600K,1,0,15.02,35.09,6.5,600K,,other,other,0-5,,mixed,exploratory,7.0,13.999999999999998,14,6757.914729979207,,4109.0,,,64.46616524651269,,mild_shear_thinning,0.9921681820245954,72.77686230436632,2.027374418993762,True,0.6866770930264453,11.94425734309414
PEG,PEG.csv,6.5%600K_4109,PEG|6.5%|600K,1,0,15.02,35.09,6.5,600K,,other,other,0-5,,mixed,exploratory,9.0,17.999999999999996,14,6246.190783715812,,4109.0,,,52.01243085217358,,mild_shear_thinning,0.9939965415918617,87.03186884034982,1.8155738677608895,True,0.6866770930264453,11.94425734309414
PEG,PEG.csv,6.5%600K_4109,PEG|6.5%|600K,1,0,15.02,35.09,6.5,600K,,other,other,0-5,master,polymer_reference,benchmark,10.0,19.999999999999996,14,6043.358740725837,4336.0,4109.0,4336.0,39.37635472153684,47.07614360491208,39.37635472153684,mild_shear_thinning,0.9938746811395397,93.73214418850843,1.7397539150053942,True,0.6866770930264453,11.94425734309414
PEG,PEG.csv,6.5%600K_4109,PEG|6.5%|600K,1,0,15.02,35.09,6.5,600K,,other,other,0-5,,mixed,exploratory,11.0,21.999999999999993,14,5865.5548293516185,,4109.0,,,42.74896153204231,,mild_shear_thinning,0.9948417128209802,100.04022041405035,1.662870677151727,True,0.6866770930264453,11.94425734309414
PEG,PEG.csv,6.5%600K_4109,PEG|6.5%|600K,1,0,15.02,35.09,6.5,600K,,other,other,0-5,master,polymer_reference,benchmark,12.0,23.999999999999996,14,5707.804335958146,4109.0,4109.0,4109.0,38.90981591526275,38.90981591526275,38.90981591526275,mild_shear_thinning,0.9948248149851496,106.15792904849194,1.6000160245077208,True,0.6866770930264453,11.94425734309414
PEG,PEG.csv,6.5%600K_4109,PEG|6.5%|600K,1,0,15.02,35.09,6.5,600K,,other,other,0-5,,mixed,exploratory,13.0,26.0,14,5566.437188391395,,4109.0,,,35.469388863260995,,mild_shear_thinning,0.9953611451022242,112.06344082335094,1.544714578772372,True,0.6866770930264453,11.94425734309414
PEG,PEG.csv,6.5%600K_4109,PEG|6.5%|600K,1,0,15.02,35.09,6.5,600K,,other,other,0-5,,mixed,exploratory,14.0,27.999999999999996,14,5438.675086872914,,4109.0,,,32.360065389946804,,mild_shear_thinning,0.9957038218924732,117.76523369112796,1.4947521620728292,True,0.6866770930264453,11.94425734309414
PEG,PEG.csv,6.5%600K_4109,PEG|6.5%|600K,1,0,15.02,35.09,6.5,600K,,other,other,0-5,master,polymer_reference,benchmark,15.0,29.999999999999993,14,5322.368621868462,3837.0,4109.0,3837.0,38.711718057556986,29.529535698916074,38.711718057556986,mild_shear_thinning,0.9960159244452168,123.23308487848654,1.4498015353287512,True,0.6866770930264453,11.94425734309414
PEG,PEG.csv,6.5%600K_4109,PEG|6.5%|600K,1,0,15.02,35.09,6.5,600K,,other,other,0-5,,mixed,exploratory,16.0,31.999999999999996,14,5215.8237661452895,,4109.0,,,26.936572551601106,,mild_shear_thinning,0.9964617308540553,128.4395307863687,1.401319219484291,True,0.6866770930264453,11.94425734309414
Carbopol980,carbopol.csv,980carb0.2%_10580,Carbopol980|0.2%,1,0,15.0,15.08,0.2,,,other,other,5-15,,mixed,exploratory,1.8,3.5999999999999996,22,,,10580.0,,,,,,0.5671363137221629,110.11509138763977,1.125804791455615,False,,
Carbopol980,carbopol.csv,980carb0.2%_10580,Carbopol980|0.2%,1,0,15.0,15.08,0.2,,,other,other,5-15,master,polymer_reference,benchmark,2.4,4.799999999999999,22,,15630.0,10580.0,15630.0,,,,,0.5732539748454601,122.32803660015526,0.8460077270825991,False,,
Carbopol980,carbopol.csv,980carb0.2%_10580,Carbopol980|0.2%,1,0,15.0,15.08,0.2,,,other,other,5-15,,mixed,exploratory,3.0,5.999999999999999,22,,,10580.0,,,,,,0.5440940107772458,131.72108226766719,0.5846922118712297,False,,
Carbopol980,carbopol.csv,980carb0.2%_10580,Carbopol980|0.2%,1,0,15.0,15.08,0.2,,,other,other,5-15,,mixed,exploratory,3.6,7.199999999999999,22,,,10580.0,,,,,,0.48506490871605445,138.75097268267612,0.3914249791781474,False,,
Carbopol980,carbopol.csv,980carb0.2%_10580,Carbopol980|0.2%,1,0,15.0,15.08,0.2,,,other,other,5-15,,mixed,exploratory,4.2,8.399999999999999,22,,,10580.0,,,,,,0.43391959999376783,144.45034711518332,0.26983479284422324,False,,
Carbopol980,carbopol.csv,980carb0.2%_10580,Carbopol980|0.2%,1,0,15.0,15.08,0.2,,,other,other,5-15,master,polymer_reference,benchmark,4.8,9.599999999999998,22,,10580.0,10580.0,10580.0,,,,,0.38079091311012403,148.95821469768907,0.18703807907780498,False,,
Carbopol980,carbopol.csv,980carb0.2%_10580,Carbopol980|0.2%,1,0,15.0,15.08,0.2,,,other,other,5-15,,mixed,exploratory,5.4,10.799999999999999,22,,,10580.0,,,,,,0.41670528770455395,153.52565762269487,0.1552563523539795,False,,
Carbopol980,carbopol.csv,980carb0.2%_10580,Carbopol980|0.2%,1,0,15.0,15.08,0.2,,,other,other,5-15,,mixed,exploratory,6.0,11.999999999999998,22,,,10580.0,,,,,,0.43364452230895845,156.94131059269918,0.13136039429995722,False,,
Carbopol980,carbopol.csv,980carb0.2%_10580,Carbopol980|0.2%,1,0,15.0,15.08,0.2,,,other,other,5-15,,mixed,exploratory,6.6,13.199999999999998,22,,,10580.0,,,,,,0.4853998730789483,159.959794612703,0.11411791200059054,False,,
Carbopol980,carbopol.csv,980carb0.2%_10580,Carbopol980|0.2%,1,0,15.0,15.08,0.2,,,other,other,5-15,master,polymer_reference,benchmark,7.2,14.399999999999999,22,,7855.0,10580.0,7855.0,,,,,0.4649297707909167,162.83926950020668,0.10738432350781207,False,,
Carbopol980,carbopol.csv,980carb0.3%_49810,Carbopol980|0.3%,10,0,15.01,35.1,0.3,,,other,other,40+,,mixed,exploratory,0.2,0.39999999999999997,18,,,49810.0,,,,,,0.033742175744879144,46.985086785059636,-4.857061615403531,False,,
Carbopol980,carbopol.csv,980carb0.3%_49810,Carbopol980|0.3%,10,0,15.01,35.1,0.3,,,other,other,40+,master,polymer_reference,benchmark,0.4,0.7999999999999999,54,,90540.0,49810.0,90540.0,,,,,0.2076907563901459,119.96488134765225,21.992468312134413,False,,
Carbopol980,carbopol.csv,980carb0.3%_49810,Carbopol980|0.3%,10,0,15.01,35.1,0.3,,,other,other,40+,master,polymer_reference,benchmark,0.6,1.1999999999999997,54,,69120.0,49810.0,69120.0,,,,,0.26262422130577745,132.25726035016785,16.28523667370581,False,,
Carbopol980,carbopol.csv,980carb0.3%_49810,Carbopol980|0.3%,10,0,15.01,35.1,0.3,,,other,other,40+,,mixed,exploratory,0.8,1.5999999999999999,54,,,49810.0,,,,,,0.24707647884654638,140.7963927751787,12.4482982838741,False,,
Carbopol980,carbopol.csv,980carb0.3%_49810,Carbopol980|0.3%,10,0,15.01,35.1,0.3,,,other,other,40+,master,polymer_reference,benchmark,1.0,1.9999999999999998,54,,49810.0,49810.0,49810.0,,,,,0.23044145662231263,143.37799095018198,9.718970102910873,False,,
Carbopol980,carbopol.csv,980carb0.3%_49810,Carbopol980|0.3%,10,0,15.01,35.1,0.3,,,other,other,40+,,mixed,exploratory,1.2,2.3999999999999995,18,,,49810.0,,,,,,0.24571938045670771,94.08932425511942,-3.125891067306002,False,,
Carbopol980,carbopol.csv,980carb0.3%_49810,Carbopol980|0.3%,10,0,15.01,35.1,0.3,,,other,other,40+,,mixed,exploratory,1.4,2.8,18,,,49810.0,,,,,,0.3525464070009461,95.24111421012088,-3.1846079869743593,False,,
Carbopol980,carbopol.csv,980carb0.3%_49810,Carbopol980|0.3%,10,0,15.01,35.1,0.3,,,other,other,40+,master,polymer_reference,benchmark,1.6,3.1999999999999997,18,,36770.0,49810.0,36770.0,,,,,0.226601012629981,101.67525120012905,-2.433237580230704,False,,
Carbopol980,carbopol.csv,980carb0.3%_49810,Carbopol980|0.3%,10,0,15.01,35.1,0.3,,,other,other,40+,,mixed,exploratory,1.8,3.5999999999999996,18,,,49810.0,,,,,,0.2710254726829274,99.98728316262691,-2.059054609470042,False,,
Carbopol980,carbopol.csv,980carb0.3%_49810,Carbopol980|0.3%,10,0,15.01,35.1,0.3,,,other,other,40+,,mixed,exploratory,2.0,3.9999999999999996,18,,,49810.0,,,,,,0.38853526830439455,94.52621010011998,-1.9535497979210437,False,,
Carbopol980,carbopol.csv,980carb0.35%_100800,Carbopol980|0.35%,7,0,25.02,35.07,0.35,,,other,other,40+,,mixed,exploratory,0.1,0.19999999999999998,16,288442.15554517775,,100800.0,,,186.15293208847,,strong_shear_thinning,0.7138365633891928,57.68843110903554,9.62783105862688,True,0.45555822789361694,114.10717157055589
Carbopol980,carbopol.csv,980carb0.35%_100800,Carbopol980|0.35%,7,0,25.02,35.07,0.35,,,other,other,40+,master,polymer_reference,benchmark,0.2,0.39999999999999997,16,183250.8321087045,181600.0,100800.0,181600.0,0.9090485180090802,81.79646042530207,0.9090485180090802,strong_shear_thinning,0.7415022050900988,73.30033284348178,6.0722479998263035,True,0.45555822789361694,114.10717157055589
Carbopol980,carbopol.csv,980carb0.35%_100800,Carbopol980|0.35%,7,0,25.02,35.07,0.35,,,other,other,40+,master,polymer_reference,benchmark,0.3,0.5999999999999999,16,146198.36321302308,135300.0,100800.0,135300.0,8.054961724333394,45.03805874307846,8.054961724333394,strong_shear_thinning,0.773053779182826,87.71901792781382,5.015413707814746,True,0.45555822789361694,114.10717157055589
Carbopol980,carbopol.csv,980carb0.35%_100800,Carbopol980|0.35%,7,0,25.02,35.07,0.35,,,other,other,40+,master,polymer_reference,benchmark,0.4,0.7999999999999999,16,125167.46023051934,114100.0,100800.0,114100.0,9.699789860227293,24.17406768900728,9.699789860227293,strong_shear_thinning,0.8116732654658739,100.13396818441547,4.341936570634737,True,0.45555822789361694,114.10717157055589
Carbopol980,carbopol.csv,980carb0.35%_100800,Carbopol980|0.35%,7,0,25.02,35.07,0.35,,,other,other,40+,master,polymer_reference,benchmark,0.5,0.9999999999999999,16,111772.02245954,100800.0,100800.0,100800.0,10.884942916210324,10.884942916210324,10.884942916210324,strong_shear_thinning,0.7991972511645701,111.77202245954,3.9651713675241678,True,0.45555822789361694,114.10717157055589
Carbopol980,carbopol.csv,980carb0.35%_100800,Carbopol980|0.35%,7,0,25.02,35.07,0.35,,,other,other,40+,,mixed,exploratory,0.6,1.1999999999999997,16,102343.56390451349,,100800.0,,,1.53131339733481,,strong_shear_thinning,0.8099604030604922,122.81227668541615,3.6861414671995534,True,0.45555822789361694,114.10717157055589
Carbopol980,carbopol.csv,980carb0.35%_100800,Carbopol980|0.35%,7,0,25.02,35.07,0.35,,,other,other,40+,,mixed,exploratory,0.7,1.4,16,95124.34013346376,,100800.0,,,5.630614946960556,,strong_shear_thinning,0.8293956982946693,133.17407618684925,3.4193517055923284,True,0.45555822789361694,114.10717157055589
Carbopol980,carbopol.csv,980carb0.35%_100800,Carbopol980|0.35%,7,0,25.02,35.07,0.35,,,other,other,40+,master,polymer_reference,benchmark,0.8,1.5999999999999999,16,89305.71181283353,69580.0,100800.0,69580.0,28.3496864225834,11.403063677744514,28.3496864225834,strong_shear_thinning,0.8177091861758545,142.88913890053362,3.108790162466132,True,0.45555822789361694,114.10717157055589
Carbopol980,carbopol.csv,980carb0.35%_100800,Carbopol980|0.35%,7,0,25.02,35.07,0.35,,,other,other,40+,,mixed,exploratory,0.9,1.7999999999999998,16,84568.73902673286,,100800.0,,,16.102441441733273,,strong_shear_thinning,0.7923072554208379,152.22373024811913,2.858429092978516,True,0.45555822789361694,114.10717157055589
Carbopol980,carbopol.csv,980carb0.35%_100800,Carbopol980|0.35%,7,0,25.02,35.07,0.35,,,other,other,40+,,mixed,exploratory,1.0,1.9999999999999998,16,80703.43865318601,,100800.0,,,19.937064828188483,,strong_shear_thinning,0.8154472717733836,161.406877306372,2.7197450025279077,True,0.45555822789361694,114.10717157055589
Carbopol980,carbopol.csv,980carb0.4%_159700,Carbopol980|0.4%,11,0,25.02,35.06,0.4,,,other,other,40+,master,polymer_reference,benchmark,0.1,0.19999999999999998,32,,354200.0,159700.0,354200.0,,,,,0.38112962530088446,67.53857994758572,8.481362811108081,False,,
Carbopol980,carbopol.csv,980carb0.4%_159700,Carbopol980|0.4%,11,0,25.02,35.06,0.4,,,other,other,40+,master,polymer_reference,benchmark,0.2,0.39999999999999997,32,,2112800.0,159700.0,2112800.0,,,,,0.3367308059182358,85.9473607801091,3.4524000767782477,False,,
Carbopol980,carbopol.csv,980carb0.4%_159700,Carbopol980|0.4%,11,0,25.02,35.06,0.4,,,other,other,40+,master,polymer_reference,benchmark,0.3,0.5999999999999999,32,,159700.0,159700.0,159700.0,,,,,0.28891772186568565,103.74052974013168,2.312146659280374,False,,
Carbopol980,carbopol.csv,980carb0.4%_159700,Carbopol980|0.4%,11,0,25.02,35.06,0.4,,,other,other,40+,master,polymer_reference,benchmark,0.4,0.7999999999999999,32,,132200.0,159700.0,132200.0,,,,,0.28885484856985844,115.9733334001472,1.5016904339174038,False,,
Sepineo,sepineo.csv,1%sep_2148,Sepineo|1%,1,0,15.01,35.1,1.0,,,other,other,0-5,master,polymer_reference,benchmark,11.0,21.999999999999993,27,4397.5610781200685,3527.0,2148.0,3527.0,24.682763768643845,104.72816937244266,24.682763768643845,strong_shear_thinning,0.8871515424746448,96.74634371864147,0.6175512850415356,True,0.2976995160092289,38.431492087272275
Sepineo,sepineo.csv,1%sep_2148,Sepineo|1%,1,0,15.01,35.1,1.0,,,other,other,0-5,,mixed,exploratory,13.0,26.0,27,3904.7868101825975,,2148.0,,,81.7870954461172,,strong_shear_thinning,0.8882716965510161,101.52445706474754,0.550046219470388,True,0.2976995160092289,38.431492087272275
Sepineo,sepineo.csv,1%sep_2148,Sepineo|1%,1,0,15.01,35.1,1.0,,,other,other,0-5,,mixed,exploratory,15.0,29.999999999999993,27,3527.154705552441,,2148.0,,,64.2064574279535,,strong_shear_thinning,0.8946226080735978,105.81464116657321,0.49862441467721097,True,0.2976995160092289,38.431492087272275
Sepineo,sepineo.csv,1%sep_2148,Sepineo|1%,1,0,15.01,35.1,1.0,,,other,other,0-5,,mixed,exploratory,17.0,34.0,27,3223.2268420968935,,2148.0,,,50.057115553859106,,strong_shear_thinning,0.893026561045612,109.58971263129438,0.4507065547735029,True,0.2976995160092289,38.431492087272275
Sepineo,sepineo.csv,1%sep_2148,Sepineo|1%,1,0,15.01,35.1,1.0,,,other,other,0-5,,mixed,exploratory,21.0,41.99999999999999,27,2778.7631492967375,,2148.0,,,29.36513730431739,,strong_shear_thinning,0.8925110184349115,116.70805227046296,0.38987996327272045,True,0.2976995160092289,38.431492087272275
Sepineo,sepineo.csv,1%sep_2148,Sepineo|1%,1,0,15.01,35.1,1.0,,,other,other,0-5,master,polymer_reference,benchmark,23.0,45.99999999999999,27,2602.9536211337568,2148.0,2148.0,2148.0,21.180336179411395,21.180336179411395,21.180336179411395,strong_shear_thinning,0.8936071599675623,119.73586657215279,0.36283569050156095,True,0.2976995160092289,38.431492087272275
Sepineo,sepineo.csv,1%sep_2148,Sepineo|1%,1,0,15.01,35.1,1.0,,,other,other,0-5,,mixed,exploratory,27.0,53.99999999999999,27,2330.8988556572135,,2148.0,,,8.51484430433955,,strong_shear_thinning,0.8930833795688992,125.8685382054895,0.3273180103577487,True,0.2976995160092289,38.431492087272275
Sepineo,sepineo.csv,1%sep_2148,Sepineo|1%,1,0,15.01,35.1,1.0,,,other,other,0-5,,mixed,exploratory,33.0,66.0,27,2024.2669185876734,,2148.0,,,5.7603855406111055,,strong_shear_thinning,0.8870968976411319,133.60161662678644,0.28154209402173647,True,0.2976995160092289,38.431492087272275
Sepineo,sepineo.csv,1%sep_2148,Sepineo|1%,1,0,15.01,35.1,1.0,,,other,other,0-5,,mixed,exploratory,39.0,77.99999999999999,27,1805.6287525828272,,2148.0,,,15.939071108806926,,strong_shear_thinning,0.8858169267380875,140.8390427014605,0.2529016086038686,True,0.2976995160092289,38.431492087272275
Sepineo,sepineo.csv,1%sep_2148,Sepineo|1%,1,0,15.01,35.1,1.0,,,other,other,0-5,master,polymer_reference,benchmark,46.0,91.99999999999999,27,1610.1571703765492,1329.0,2148.0,1329.0,21.155543293946515,25.03923787818672,21.155543293946515,strong_shear_thinning,0.8989422121759565,148.1344596746425,0.22333515535068174,True,0.2976995160092289,38.431492087272275
Sepineo,sepineo.csv,1.5%sep_17240,Sepineo|1.5%,2,0,15.03,35.1,1.5,,,other,other,15-40,,mixed,exploratory,1.2,2.3999999999999995,16,37198.81561027006,,17240.0,,,115.77039217094003,,strong_shear_thinning,0.9698007733244788,89.27715746464813,0.9268738290269147,True,0.24701697780050735,71.71739207696322
Sepineo,sepineo.csv,1.5%sep_17240,Sepineo|1.5%,2,0,15.03,35.1,1.5,,,other,other,15-40,,mixed,exploratory,1.5,2.9999999999999996,16,31249.213172512475,,17240.0,,,81.25993719554799,,strong_shear_thinning,0.900271132590114,93.74763951753741,0.741091344439672,True,0.24701697780050735,71.71739207696322
Sepineo,sepineo.csv,1.5%sep_17240,Sepineo|1.5%,2,0,15.03,35.1,1.5,,,other,other,15-40,,mixed,exploratory,1.8,3.5999999999999996,16,27452.994592750143,,17240.0,,,59.24010784657856,,strong_shear_thinning,0.9743695739870775,98.83078053390051,0.855524158313388,True,0.24701697780050735,71.71739207696322
Sepineo,sepineo.csv,1.5%sep_17240,Sepineo|1.5%,2,0,15.03,35.1,1.5,,,other,other,15-40,,mixed,exploratory,2.1,4.199999999999999,16,24324.281133165357,,17240.0,,,41.09211794179441,,strong_shear_thinning,0.9812647490653884,102.16198075929448,0.7306985454396605,True,0.24701697780050735,71.71739207696322
Sepineo,sepineo.csv,1.5%sep_17240,Sepineo|1.5%,2,0,15.03,35.1,1.5,,,other,other,15-40,,mixed,exploratory,2.4,4.799999999999999,16,21968.690477625736,,17240.0,,,27.42859905815392,,strong_shear_thinning,0.9551454763700452,105.4497142926035,0.6691089256259144,True,0.24701697780050735,71.71739207696322
Sepineo,sepineo.csv,1.5%sep_17240,Sepineo|1.5%,2,0,15.03,35.1,1.5,,,other,other,15-40,,mixed,exploratory,2.7,5.3999999999999995,16,20098.54298778405,,17240.0,,,16.58087579921143,,strong_shear_thinning,0.9531063975533478,108.53213213403386,0.6332374256438694,True,0.24701697780050735,71.71739207696322
Sepineo,sepineo.csv,1.5%sep_17240,Sepineo|1.5%,2,0,15.03,35.1,1.5,,,other,other,15-40,master,polymer_reference,benchmark,2.9,5.799999999999999,16,19054.389881813877,17240.0,17240.0,17240.0,10.524303258781188,10.524303258781188,10.524303258781188,strong_shear_thinning,0.9795244150104516,110.51546131452046,0.6320540280013835,True,0.24701697780050735,71.71739207696322
Sepineo,sepineo.csv,1.5%sep_17240,Sepineo|1.5%,2,0,15.03,35.1,1.5,,,other,other,15-40,,mixed,exploratory,3.4,6.799999999999999,16,16926.711522094665,,17240.0,,,1.8172185493348882,,strong_shear_thinning,0.980175469830338,115.10163835024369,0.6133724778081504,True,0.24701697780050735,71.71739207696322
Sepineo,sepineo.csv,1.5%sep_17240,Sepineo|1.5%,2,0,15.03,35.1,1.5,,,other,other,15-40,,mixed,exploratory,3.9,7.799999999999999,16,15311.47092459625,,17240.0,,,11.186363546425467,,strong_shear_thinning,0.9780960974272812,119.42947321185073,0.5973633477087529,True,0.24701697780050735,71.71739207696322
Sepineo,sepineo.csv,1.5%sep_17240,Sepineo|1.5%,2,0,15.03,35.1,1.5,,,other,other,15-40,,mixed,exploratory,4.9,9.799999999999999,16,12859.850439741138,,17240.0,,,25.406900001501523,,strong_shear_thinning,0.9849772054009251,126.02653430946313,0.5117592415442934,True,0.24701697780050735,71.71739207696322
Sepineo,sepineo.csv,1.5%sep_17240,Sepineo|1.5%,2,0,15.03,35.1,1.5,,,other,other,15-40,master,polymer_reference,benchmark,5.8,11.599999999999998,16,11338.591138946085,10090.0,17240.0,10090.0,12.374540524738208,34.23090986690205,12.374540524738208,strong_shear_thinning,0.9818878171229858,131.52765721177457,0.48210561569261234,True,0.24701697780050735,71.71739207696322
Sepineo,sepineo.csv,1.5%sep_17240,Sepineo|1.5%,7,0,15.0,30.01,1.5,,,other,other,15-40,,mixed,exploratory,1.2,2.3999999999999995,31,44736.22114170805,,17240.0,,,159.4908418892578,,strong_shear_thinning,0.8600906428260539,107.36693074009929,4.184441803846029,True,0.2439193441519085,86.84576905656436
Sepineo,sepineo.csv,1.5%sep_17240,Sepineo|1.5%,7,0,15.0,30.01,1.5,,,other,other,15-40,,mixed,exploratory,1.5,2.9999999999999996,31,37802.06210721986,,17240.0,,,119.26950178201777,,strong_shear_thinning,0.8773813379474693,113.40618632165956,3.547684659882043,True,0.2439193441519085,86.84576905656436
Sepineo,sepineo.csv,1.5%sep_17240,Sepineo|1.5%,7,0,15.0,30.01,1.5,,,other,other,15-40,,mixed,exploratory,1.8,3.5999999999999996,31,33025.98022376077,,17240.0,,,91.56601057865878,,strong_shear_thinning,0.8910282304442394,118.89352880553879,3.158307655047495,True,0.2439193441519085,86.84576905656436
Sepineo,sepineo.csv,1.5%sep_17240,Sepineo|1.5%,7,0,15.0,30.01,1.5,,,other,other,15-40,,mixed,exploratory,2.1,4.199999999999999,31,29376.962876581198,,17240.0,,,70.40001668550579,,strong_shear_thinning,0.9011856752332302,123.383244081641,2.8077808209895423,True,0.2439193441519085,86.84576905656436
Sepineo,sepineo.csv,1.5%sep_17240,Sepineo|1.5%,7,0,15.0,30.01,1.5,,,other,other,15-40,,mixed,exploratory,2.4,4.799999999999999,31,26548.44284754198,,17240.0,,,53.99328797878179,,strong_shear_thinning,0.9135594218448555,127.43252566820148,2.536796300134047,True,0.2439193441519085,86.84576905656436
Sepineo,sepineo.csv,1.5%sep_17240,Sepineo|1.5%,7,0,15.0,30.01,1.5,,,other,other,15-40,,mixed,exploratory,2.7,5.3999999999999995,31,24282.230688109794,,17240.0,,,40.8482058475046,,strong_shear_thinning,0.9213041069041021,131.12404571579287,2.3235642955385725,True,0.2439193441519085,86.84576905656436
Sepineo,sepineo.csv,1.5%sep_17240,Sepineo|1.5%,7,0,15.0,30.01,1.5,,,other,other,15-40,master,polymer_reference,benchmark,2.9,5.799999999999999,31,22980.902121832154,17240.0,17240.0,17240.0,33.29989629833036,33.29989629833036,33.29989629833036,strong_shear_thinning,0.9257069880115333,133.28923230662647,2.2237114456273406,True,0.2439193441519085,86.84576905656436
Sepineo,sepineo.csv,1.5%sep_17240,Sepineo|1.5%,7,0,15.0,30.01,1.5,,,other,other,15-40,,mixed,exploratory,3.4,6.799999999999999,31,20368.510332384332,,17240.0,,,18.14681167276295,,strong_shear_thinning,0.9243302754145277,138.50587026021344,1.9620344203957867,True,0.2439193441519085,86.84576905656436
Sepineo,sepineo.csv,1.5%sep_17240,Sepineo|1.5%,7,0,15.0,30.01,1.5,,,other,other,15-40,,mixed,exploratory,3.9,7.799999999999999,31,18388.774771925833,,17240.0,,,6.663426751309937,,strong_shear_thinning,0.9305831370129218,143.43244322102146,1.7951422080462844,True,0.2439193441519085,86.84576905656436
Sepineo,sepineo.csv,1.5%sep_17240,Sepineo|1.5%,7,0,15.0,30.01,1.5,,,other,other,15-40,,mixed,exploratory,4.9,9.799999999999999,31,15452.498053706997,,17240.0,,,10.36834075575988,,strong_shear_thinning,0.9396186092472255,151.43448092632855,1.518583617151644,True,0.2439193441519085,86.84576905656436
Sepineo,sepineo.csv,1.5%sep_17240,Sepineo|1.5%,7,0,15.0,30.01,1.5,,,other,other,15-40,master,polymer_reference,benchmark,5.8,11.599999999999998,31,13605.237252342378,10090.0,17240.0,10090.0,34.83882311538532,21.083310601262305,34.83882311538532,strong_shear_thinning,0.9415140109180972,157.82075212717157,1.351503216986998,True,0.2439193441519085,86.84576905656436
Sepineo,sepineo.csv,2%sep_50110,Sepineo|2%,3,0,15.02,20.1,2.0,,,other,other,40+,master,polymer_reference,benchmark,0.5,0.9999999999999999,16,89994.32450033045,82550.0,50110.0,82550.0,9.017958207547482,79.59354320560855,9.017958207547482,strong_shear_thinning,0.8525063828361018,89.99432450033044,1.2428246002106689,True,0.2563773857765846,90.32284467637007
Sepineo,sepineo.csv,2%sep_50110,Sepineo|2%,3,0,15.02,20.1,2.0,,,other,other,40+,,mixed,exploratory,0.6,1.1999999999999997,16,78826.2439138379,,50110.0,,,57.30641371749731,,strong_shear_thinning,0.8786673908509328,94.59149269660546,1.2546568843454458,True,0.2563773857765846,90.32284467637007
Sepineo,sepineo.csv,2%sep_50110,Sepineo|2%,3,0,15.02,20.1,2.0,,,other,other,40+,,mixed,exploratory,0.7,1.4,16,70376.54586371139,,50110.0,,,40.44411467513748,,strong_shear_thinning,0.9022037290735432,98.52716420919593,1.201595042183589,True,0.2563773857765846,90.32284467637007
Sepineo,sepineo.csv,2%sep_50110,Sepineo|2%,3,0,15.02,20.1,2.0,,,other,other,40+,,mixed,exploratory,0.8,1.5999999999999999,16,63679.99664226232,,50110.0,,,27.080416368513905,,strong_shear_thinning,0.924670572987555,101.8879946276197,1.1392035746811704,True,0.2563773857765846,90.32284467637007
Sepineo,sepineo.csv,2%sep_50110,Sepineo|2%,3,0,15.02,20.1,2.0,,,other,other,40+,,mixed,exploratory,0.9,1.7999999999999998,16,58456.80085003155,,50110.0,,,16.656956395991916,,strong_shear_thinning,0.9259056961007478,105.22224153005678,1.1576729308710294,True,0.2563773857765846,90.32284467637007
Sepineo,sepineo.csv,2%sep_50110,Sepineo|2%,3,0,15.02,20.1,2.0,,,other,other,40+,master,polymer_reference,benchmark,1.0,1.9999999999999998,16,54151.10219919512,50110.0,50110.0,50110.0,8.064462580712673,8.064462580712673,8.064462580712673,strong_shear_thinning,0.9473665849080973,108.30220439839023,1.1594289375900568,True,0.2563773857765846,90.32284467637007
Sepineo,sepineo.csv,2%sep_50110,Sepineo|2%,3,0,15.02,20.1,2.0,,,other,other,40+,,mixed,exploratory,1.2,2.3999999999999995,16,47176.30812407997,,50110.0,,,5.854503843384608,,strong_shear_thinning,0.9397938415727257,113.22313949779192,1.0001833876708965,True,0.2563773857765846,90.32284467637007
Sepineo,sepineo.csv,2%sep_50110,Sepineo|2%,3,0,15.02,20.1,2.0,,,other,other,40+,,mixed,exploratory,1.4,2.8,16,42013.34330874119,,50110.0,,,16.157766296664956,,strong_shear_thinning,0.9380289802099899,117.63736126447533,0.9311249871599838,True,0.2563773857765846,90.32284467637007
Sepineo,sepineo.csv,2%sep_50110,Sepineo|2%,3,0,15.02,20.1,2.0,,,other,other,40+,,mixed,exploratory,1.6,3.1999999999999997,16,38054.146124085775,,50110.0,,,24.058778439262074,,strong_shear_thinning,0.9619030193554323,121.77326759707448,0.9504750372241383,True,0.2563773857765846,90.32284467637007
Sepineo,sepineo.csv,2%sep_50110,Sepineo|2%,3,0,15.02,20.1,2.0,,,other,other,40+,,mixed,exploratory,1.8,3.5999999999999996,16,34778.17311001676,,50110.0,,,30.596341827945004,,strong_shear_thinning,0.954086514268151,125.20142319606032,0.879119558009577,True,0.2563773857765846,90.32284467637007
Sepineo,sepineo.csv,2%sep_50110,Sepineo|2%,3,0,15.02,20.1,2.0,,,other,other,40+,master,polymer_reference,benchmark,2.0,3.9999999999999996,16,32129.652790411277,30060.0,50110.0,30060.0,6.8850724897248075,35.88175455914732,6.8850724897248075,strong_shear_thinning,0.9672377754291532,128.51861116164508,0.8298306066783239,True,0.2563773857765846,90.32284467637007
Sepineo,sepineo.csv,2%sep_50110,Sepineo|2%,7,0,15.01,20.1,2.0,,,other,other,40+,master,polymer_reference,benchmark,0.5,0.9999999999999999,36,104105.226687289,82550.0,50110.0,82550.0,26.111722213554213,107.7533959035901,26.111722213554213,strong_shear_thinning,0.8364937496295453,104.10522668728899,5.856025320354077,True,0.2334863231345079,104.13895150622912
Sepineo,sepineo.csv,2%sep_50110,Sepineo|2%,7,0,15.01,20.1,2.0,,,other,other,40+,master,polymer_reference,benchmark,1.0,1.9999999999999998,36,61670.543958410475,50110.0,50110.0,50110.0,23.070333183816555,23.070333183816555,23.070333183816555,strong_shear_thinning,0.8558592459759904,123.34108791682094,4.039578806589344,True,0.2334863231345079,104.13895150622912
Sepineo,sepineo.csv,2%sep_50110,Sepineo|2%,7,0,15.01,20.1,2.0,,,other,other,40+,,mixed,exploratory,1.5,2.9999999999999996,36,44933.58642908204,,50110.0,,,10.330100919812335,,strong_shear_thinning,0.8657782223081163,134.8007592872461,3.0105546042668943,True,0.2334863231345079,104.13895150622912
Sepineo,sepineo.csv,2%sep_50110,Sepineo|2%,7,0,15.01,20.1,2.0,,,other,other,40+,master,polymer_reference,benchmark,2.0,3.9999999999999996,36,35940.887706198504,30060.0,50110.0,30060.0,19.563831357945787,28.276017349434238,19.563831357945787,strong_shear_thinning,0.888987594823819,143.76355082479398,2.492519987342492,True,0.2334863231345079,104.13895150622912
Solagum,solagum.csv,1%sola_522,Solagum|1%,2,0,10.0,11.0,1.0,,,other,other,0-5,master,polymer_reference,benchmark,20.0,39.99999999999999,18,1876.4297280404498,1394.0,522.0,1394.0,34.60758450792323,259.46929655947315,34.60758450792323,strong_shear_thinning,0.9945442391766591,75.05718912161798,0.23840890128118433,True,0.3912926137641063,17.41579675157754
Solagum,solagum.csv,1%sola_522,Solagum|1%,2,0,10.0,11.0,1.0,,,other,other,0-5,,mixed,exploratory,35.0,69.99999999999999,18,1306.8381091749047,,522.0,,,150.35212819442617,,strong_shear_thinning,0.9956682315133226,91.47866764224332,0.17035219493240739,True,0.3912926137641063,17.41579675157754
Solagum,solagum.csv,1%sola_522,Solagum|1%,2,0,10.0,11.0,1.0,,,other,other,0-5,,mixed,exploratory,50.0,99.99999999999999,18,1044.2706920582805,,522.0,,,100.05185671614568,,strong_shear_thinning,0.99522947447497,104.42706920582803,0.13812363669401484,True,0.3912926137641063,17.41579675157754
Solagum,solagum.csv,1%sola_522,Solagum|1%,2,0,10.0,11.0,1.0,,,other,other,0-5,,mixed,exploratory,65.0,129.99999999999997,18,889.3825879731012,,522.0,,,70.37980612511517,,strong_shear_thinning,0.9964774965148534,115.61973643650313,0.11910783523276748,True,0.3912926137641063,17.41579675157754
Solagum,solagum.csv,1%sola_522,Solagum|1%,2,0,10.0,11.0,1.0,,,other,other,0-5,,mixed,exploratory,80.0,159.99999999999997,18,785.5664112278382,,522.0,,,50.4916496605054,,strong_shear_thinning,0.9952393701507963,125.6906257964541,0.10656135445726855,True,0.3912926137641063,17.41579675157754
Solagum,solagum.csv,1%sola_522,Solagum|1%,2,0,10.0,11.0,1.0,,,other,other,0-5,master,polymer_reference,benchmark,95.0,189.99999999999997,18,710.4517317363875,522.2,522.0,522.2,36.04973798092444,36.101864317315616,36.04973798092444,strong_shear_thinning,0.9961962954058886,134.98582902991362,0.09796701749768602,True,0.3912926137641063,17.41579675157754
Solagum,solagum.csv,1%sola_522,Solagum|1%,2,0,10.0,11.0,1.0,,,other,other,0-5,,mixed,exploratory,110.0,219.99999999999997,18,652.605028550697,,522.0,,,25.020120412010932,,strong_shear_thinning,0.9959719034631327,143.57310628115331,0.09081927806673837,True,0.3912926137641063,17.41579675157754
Solagum,solagum.csv,1%sola_522,Solagum|1%,2,0,10.0,11.0,1.0,,,other,other,0-5,,mixed,exploratory,125.0,249.99999999999994,18,605.5423065871148,,522.0,,,16.004273292550728,,strong_shear_thinning,0.9950758638009146,151.38557664677867,0.08434710093717368,True,0.3912926137641063,17.41579675157754
Solagum,solagum.csv,1%sola_522,Solagum|1%,2,0,10.0,11.0,1.0,,,other,other,0-5,,mixed,exploratory,140.0,279.99999999999994,18,569.5851839145946,,522.0,,,9.115935615822721,,strong_shear_thinning,0.9969212744798732,159.48385149608646,0.08119408050073176,True,0.3912926137641063,17.41579675157754
Solagum,solagum.csv,1%sola_522,Solagum|1%,2,0,10.0,11.0,1.0,,,other,other,0-5,,mixed,exploratory,155.0,309.99999999999994,18,537.0847945269137,,522.0,,,2.889807380634808,,strong_shear_thinning,0.9965161387025965,166.49628630334323,0.07632580883495846,True,0.3912926137641063,17.41579675157754
Silicone,silicone.csv,l100000_sig_a124800,l100000_sig_a124800,18,0,35.04,35.06,,,,sig,sig,40+,label,silicone_curated,benchmark,0.4,0.7999999999999999,8,91728.8380683838,124800.0,124800.0,,26.49932847084631,26.49932847084631,,newtonian,0.9949498165829933,92.55839293388077,39.368600029349274,True,,
Silicone,silicone.csv,l10000_sdl_a9194,l10000_sdl_a9194,5,0,12.01,12.02,,,,sdl,sdl,5-15,label,silicone_curated,benchmark,5.5,10.999999999999996,14,10099.04879743851,9194.0,9194.0,,9.843906867941163,9.843906867941163,,newtonian,0.9991823933878101,97.67510135503633,4.334355707055154,True,,
Silicone,silicone.csv,l10000_sl_a11860,l10000_sl_a11860,1,0,20.0,20.09,,,,sl,sil_sl,5-15,label,silicone_curated,benchmark,4.2,8.399999999999999,30,13070.605347030232,11860.0,11860.0,,10.207464983391503,10.207464983391503,,newtonian,0.9998623622872355,65.24051879597161,5.609701865678211,True,,
Silicone,silicone.csv,l10000_sl_a11860,l10000_sl_a11860,2,0,20.0,20.09,,,,sl,sil_sl,5-15,label,silicone_curated,benchmark,4.2,8.399999999999999,29,12701.27939525124,11860.0,11860.0,,7.0934181724387875,7.0934181724387875,,newtonian,0.9995757708192057,70.31161338020956,5.451192873498386,True,,
Silicone,silicone.csv,l10000_sl_a11860,l10000_sl_a11860,3,1,20.08,20.09,,,,sl,sil_sl,5-15,label,silicone_curated,benchmark,4.2,8.399999999999999,27,11478.500999680602,11860.0,11860.0,,3.2166863433338784,3.2166863433338784,,newtonian,0.9993585144264129,59.74627421332073,4.926395278832876,True,,
Silicone,silicone.csv,l10000_sl_a11860,l10000_sl_a11860,4,0,20.07,20.09,,,,sl,sil_sl,5-15,label,silicone_curated,benchmark,4.2,8.399999999999999,25,10861.379443127664,11860.0,11860.0,,8.420072149007895,8.420072149007895,,newtonian,0.9978002980997824,64.30042490106462,4.661536241685693,True,,
Silicone,silicone.csv,l10000_sl_a11860,l10000_sl_a11860,5,0,20.0,20.09,,,,sl,sil_sl,5-15,label,silicone_curated,benchmark,4.2,8.399999999999999,26,11869.515603764377,11860.0,11860.0,,0.08023274674854447,0.08023274674854447,,newtonian,0.9993581332971745,65.96758729097354,5.094212705478273,True,,
Silicone,silicone.csv,l10000_sl_a11860,l10000_sl_a11860,6,0,12.01,12.02,,,,sl,sil_sl,5-15,label,silicone_curated,benchmark,4.2,8.399999999999999,17,11817.783676705061,11860.0,11860.0,,0.35595550838902845,0.35595550838902845,,newtonian,0.9996922769980905,79.26663797607759,5.072010161675991,True,,
Silicone,silicone.csv,l10000_sl_a11860,l10000_sl_a11860,7,0,15.02,15.03,,,,sl,sil_sl,5-15,label,silicone_curated,benchmark,4.2,8.399999999999999,26,13220.252315695612,11860.0,11860.0,,11.469243808563341,11.469243808563341,,newtonian,0.9997509266651657,75.046778050225,5.673928032487387,True,,
Silicone,silicone.csv,l10000_sl_a11860,l10000_sl_a11860,7,1,20.07,20.1,,,,sl,sil_sl,5-15,label,silicone_curated,benchmark,4.2,8.399999999999999,26,11318.752399497922,11860.0,11860.0,,4.5636391273362396,4.5636391273362396,,newtonian,0.9986104551209382,70.50521711438961,4.857833647853186,True,,
Silicone,silicone.csv,l10000_sl_a11860,l10000_sl_a11860,8,0,20.07,20.1,,,,sl,sil_sl,5-15,label,silicone_curated,benchmark,4.2,8.399999999999999,23,11263.581807211836,11860.0,11860.0,,5.02882118708401,5.02882118708401,,newtonian,0.997461750734303,70.49987896746822,4.834155282065166,True,,
Silicone,silicone.csv,l10000_sl_a11860,l10000_sl_a11860,9,0,20.07,20.09,,,,sl,sil_sl,5-15,label,silicone_curated,benchmark,4.2,8.399999999999999,15,10781.350655658873,11860.0,11860.0,,9.094851132724514,9.094851132724514,,newtonian,0.9992642710101044,79.75449451847763,4.627189122600375,True,,
Silicone,silicone.csv,l10000_sl_a11860,l10000_sl_a11860,10,0,20.07,20.09,,,,sl,sil_sl,5-15,label,silicone_curated,benchmark,4.2,8.399999999999999,12,10198.881397690957,11860.0,11860.0,,14.006059041391595,14.006059041391595,,newtonian,0.9988317191982491,78.73946355549518,4.377202316605561,True,,
Silicone,silicone.csv,l10000_sl_a11860,l10000_sl_a11860,11,0,20.07,20.09,,,,sl,sil_sl,5-15,label,silicone_curated,benchmark,4.2,8.399999999999999,15,11438.660439053501,11860.0,11860.0,,3.5526101260244416,3.5526101260244416,,newtonian,0.9995158783677252,77.5445026760343,4.909296325774035,True,,
Silicone,silicone.csv,l10000_sl_a11860,l10000_sl_a11860,12,0,20.0,20.1,,,,sl,sil_sl,5-15,label,silicone_curated,benchmark,4.2,8.399999999999999,26,11881.158079989787,11860.0,11860.0,,0.17839865084137807,0.17839865084137807,,newtonian,0.998954314144471,71.3803817708666,5.099209476390467,True,,
Silicone,silicone.csv,l10000_sl_a11860,l10000_sl_a11860,16,0,15.02,15.02,,,,sl,sil_sl,5-15,label,silicone_curated,benchmark,4.2,8.399999999999999,18,12875.926272671148,11860.0,11860.0,,8.565988808357062,8.565988808357062,,newtonian,0.9999511124617703,66.45087813973593,5.526148614880321,True,,
Silicone,silicone.csv,l10000_sl_a11860,l10000_sl_a11860,16,1,15.03,15.03,,,,sl,sil_sl,5-15,label,silicone_curated,benchmark,4.2,8.399999999999999,11,12903.57123172351,11860.0,11860.0,,8.799082898174621,8.799082898174621,,newtonian,0.9999562757499096,86.29297541047272,5.5380134041731806,True,,
Silicone,silicone.csv,l10000_sl_a11860,l10000_sl_a11860,17,0,15.02,15.03,,,,sl,sil_sl,5-15,label,silicone_curated,benchmark,4.2,8.399999999999999,24,13620.01240739685,11860.0,11860.0,,14.839902254610884,14.839902254610884,,newtonian,0.9998636561942099,74.5475544573486,5.845498887294786,True,,
Silicone,silicone.csv,l10000_sl_a11860,l10000_sl_a11860,18,0,15.02,15.05,,,,sl,sil_sl,5-15,label,silicone_curated,benchmark,4.2,8.399999999999999,15,9780.061013065404,11860.0,11860.0,,17.537428220359157,17.537428220359157,,newtonian,0.9964522317398761,65.5276024111723,4.197451078568843,True,,
Silicone,silicone.csv,l1000_b_a1000,l1000_b_a1000,1,0,15.02,15.03,,,,b,b,0-5,label,silicone_curated,benchmark,43.0,85.99999999999999,26,1479.3919704245027,1000.0,1000.0,,47.93919704245027,47.93919704245027,,newtonian,0.9999183063781163,88.51489319324799,0.6349321761478552,True,,
Silicone,silicone.csv,l1000_sl_a1154,l1000_sl_a1154,2,0,12.01,15.02,,,,sl,sil_sl,0-5,label,silicone_curated,benchmark,43.0,85.99999999999999,36,965.5678129578808,1154.0,1154.0,,16.32861239533095,16.32861239533095,,newtonian,0.7350078484562974,133.26807894266776,0.28967034388736423,True,,
Silicone,silicone.csv,l1000_sl_a1154,l1000_sl_a1154,2,1,15.03,15.03,,,,sl,sil_sl,0-5,label,silicone_curated,benchmark,43.0,85.99999999999999,13,1548.7988161981632,1154.0,1154.0,,34.21133589238849,34.21133589238849,,newtonian,0.9990348624351072,76.27301285163776,0.6647205219734605,True,,
Silicone,silicone.csv,l12500_b_14590,l12500_b_14590,1,0,15.03,15.05,,,,b,b,5-15,label,silicone_curated,benchmark,3.5,6.999999999999999,27,17780.328919244792,14590.0,14590.0,,21.866545025666838,21.866545025666838,,newtonian,0.9999308607487356,74.83922209049216,7.6310424546114985,True,,
Silicone,silicone.csv,l12500_b_14590,l12500_b_14590,2,0,15.04,15.05,,,,b,b,5-15,label,silicone_curated,benchmark,3.5,6.999999999999999,22,18020.902870174767,14590.0,14590.0,,23.51544119379552,23.51544119379552,,newtonian,0.9996733310931017,82.11575306512721,7.734293077328225,True,,
Silicone,silicone.csv,l12500_b_14590,l12500_b_14590,3,0,15.04,15.05,,,,b,b,5-15,label,silicone_curated,benchmark,3.5,6.999999999999999,16,16896.223369713585,14590.0,14590.0,,15.80687710564486,15.80687710564486,,newtonian,0.9997071907004026,83.21885492581494,7.251598012752611,True,,
Silicone,silicone.csv,l12500_b_14590,l12500_b_14590,4,0,15.04,15.04,,,,b,b,5-15,label,silicone_curated,benchmark,3.5,6.999999999999999,18,16604.89378089064,14590.0,14590.0,,13.810101308366287,13.810101308366287,,newtonian,0.9998162009263892,82.66053499314629,7.126563854459503,True,,
Silicone,silicone.csv,l12500_b_14590,l12500_b_14590,5,0,15.03,15.05,,,,b,b,5-15,label,silicone_curated,benchmark,3.5,6.999999999999999,15,15609.606008619694,14590.0,14590.0,,6.988389366824497,6.988389366824497,,newtonian,0.999740791428126,85.98780267241897,6.699401720437637,True,,
Silicone,silicone.csv,l12500_b_14590,l12500_b_14590,6,0,15.04,15.05,,,,b,b,5-15,label,silicone_curated,benchmark,3.5,6.999999999999999,13,15125.470769175561,14590.0,14590.0,,3.6701217900998024,3.6701217900998024,,newtonian,0.9996126784553753,90.8883079909162,6.491618355869339,True,,
Silicone,silicone.csv,l12500_b_14590,l12500_b_14590,8,0,15.02,15.03,,,,b,b,5-15,label,silicone_curated,benchmark,4.0,7.999999999999999,22,17705.99405134361,14590.0,14590.0,,21.357053127783473,21.357053127783473,,newtonian,0.9998836017442952,89.40964079388748,7.599139077829874,True,,
Silicone,silicone.csv,l12500_b_a14570,l12500_b_a14570,7,0,12.01,12.03,,,,b,b,5-15,label,silicone_curated,benchmark,3.5,6.999999999999999,16,15802.735786026484,14570.0,14570.0,,8.460780961060285,8.460780961060285,,newtonian,0.9988969792760689,74.50450768346491,6.782290036921237,True,,
Silicone,silicone.csv,l15000_sdl_a19000,l15000_sdl_a19000,8,1,16.06,16.08,,,,sdl,sdl,15-40,label,silicone_curated,benchmark,2.6,5.199999999999999,14,21138.283875442743,19000.0,19000.0,,11.254125660224963,11.254125660224963,,newtonian,0.9998129845113886,89.44567050094244,9.072224839245811,True,,
Silicone,silicone.csv,l15000_sdl_a19000,l15000_sdl_a19000,9,0,15.02,15.03,,,,sdl,sdl,15-40,label,silicone_curated,benchmark,2.6,5.199999999999999,8,16276.50837478031,19000.0,19000.0,,14.334166448524687,14.334166448524687,,newtonian,0.9970320878985721,77.55017751862758,6.98562591192288,True,,
Silicone,silicone.csv,l15000_sdl_a19000,l15000_sdl_a19000,9,1,20.08,20.09,,,,sdl,sdl,15-40,label,silicone_curated,benchmark,2.6,5.199999999999999,9,19456.585679937773,19000.0,19000.0,,2.4030825259882764,2.4030825259882764,,newtonian,0.9996905788098717,113.8639549716625,8.350465957054839,True,,
Silicone,silicone.csv,l20000_sdl_a24380,l20000_sdl_a24380,9,0,16.06,20.06,,,,sdl,sdl,15-40,label,silicone_curated,benchmark,2.1,4.199999999999999,19,26593.908568002993,24380.0,24380.0,,9.080839081226387,9.080839081226387,,newtonian,0.9994896391638535,90.69650993416283,11.413694664378966,True,,
Silicone,silicone.csv,l2000_sdl_a3347,l2000_sdl_a3347,3,0,15.01,15.06,,,,sdl,sdl,0-5,label,silicone_curated,benchmark,15.0,29.999999999999993,24,3913.663612640111,3347.0,3347.0,,16.93049335644191,16.93049335644191,,newtonian,0.9998739672359523,73.44071255239058,1.6796839539227943,True,,
Silicone,silicone.csv,l25000_sdl_a22730,l25000_sdl_a22730,10,1,20.08,20.09,,,,sdl,sdl,15-40,label,silicone_curated,benchmark,2.2,4.4,13,23421.10019810399,22730.0,22730.0,,3.040476014535819,3.040476014535819,,newtonian,0.9994908097655812,94.56474143288457,10.051974333950211,True,,
Silicone,silicone.csv,l30000_b_a31870,l30000_b_a31870,11,0,16.06,25.05,,,,b,b,15-40,label,silicone_curated,benchmark,1.7,3.3999999999999995,28,32095.188739221052,31870.0,31870.0,,0.7065853128994413,0.7065853128994413,,newtonian,0.999083203719454,97.7040931964467,13.774759115545514,True,,
Silicone,silicone.csv,l40000_sdl_a62600,l40000_sdl_a62600,12,0,24.05,28.05,,,,sdl,sdl,40+,label,silicone_curated,benchmark,0.8,1.5999999999999999,18,88720.15375046362,62600.0,62600.0,,41.72548522438278,41.72548522438278,,newtonian,0.9997737637462801,84.72426925649081,38.07731920620756,True,,
Silicone,silicone.csv,l40000_sdl_a62600,l40000_sdl_a62600,12,1,32.06,36.03,,,,sdl,sdl,40+,label,silicone_curated,benchmark,0.8,1.5999999999999999,8,85942.9691237014,62600.0,62600.0,,37.289088057031,37.289088057031,,newtonian,0.9996417628159677,133.38937935510066,36.88539447369159,True,,
Silicone,silicone.csv,l4000_sdl_a6611,l4000_sdl_a6611,4,0,15.01,15.04,,,,sdl,sdl,5-15,label,silicone_curated,benchmark,8.0,15.999999999999998,25,7618.240018267348,6611.0,6611.0,,15.235819365713935,15.235819365713935,,newtonian,0.9996931961104129,86.81881988638058,3.2696309091276174,True,,
Silicone,silicone.csv,l45000_sdl_a40600,l45000_sdl_a40600,13,1,24.06,28.03,,,,sdl,sdl,40+,label,silicone_curated,benchmark,1.2,2.3999999999999995,9,42599.501745576585,40600.0,40600.0,,4.924881146740356,4.924881146740356,,newtonian,0.9972994689037902,118.24718628936424,18.283047959474928,True,,
Silicone,silicone.csv,l45000_sdl_a40850,l45000_sdl_a40850,12,0,20.0,20.1,,,,sdl,sdl,40+,label,silicone_curated,benchmark,1.2,2.3999999999999995,8,33703.9386060565,40850.0,40850.0,,17.493418345026924,17.493418345026924,,newtonian,0.9960709819061387,61.498834768312804,14.465209702170174,True,,
Silicone,silicone.csv,l45000_sdl_a40850,l45000_sdl_a40850,12,1,25.0,25.08,,,,sdl,sdl,40+,label,silicone_curated,benchmark,1.2,2.3999999999999995,10,44981.21974213176,40850.0,40850.0,,10.113145023578364,10.113145023578364,,newtonian,0.9998070290443567,85.4072955065445,19.30524452452007,True,,
Silicone,silicone.csv,l50000_sdl_a79700,l50000_sdl_a79700,14,1,32.05,36.04,,,,sdl,sdl,40+,label,silicone_curated,benchmark,0.6,1.1999999999999997,9,85975.74609077825,79700.0,79700.0,,7.874210904364181,7.874210904364181,,newtonian,0.9992907253426208,99.14303784398115,36.89946184153573,True,,
Silicone,silicone.csv,l5000_b_5865,l5000_b_5865,4,0,12.01,12.02,,,,b,b,5-15,label,silicone_curated,benchmark,9.0,17.999999999999996,21,6297.717724177368,5865.0,5865.0,,7.377966311634577,7.377966311634577,,newtonian,0.9987749931436833,86.55702014399904,2.702883143423763,True,,
Silicone,silicone.csv,l5000_b_a5856,l5000_b_a5856,5,0,15.01,15.04,,,,b,b,5-15,label,silicone_curated,benchmark,9.0,17.999999999999996,21,6070.76164698543,5856.0,5856.0,,3.6673778515271542,3.6673778515271542,,newtonian,0.999693878822386,76.7305587535844,2.605477101710485,True,,
Silicone,silicone.csv,l55000_sdl_a48520,l55000_sdl_a48520,13,1,25.0,25.07,,,,sdl,sdl,40+,label,silicone_curated,benchmark,1.0,1.9999999999999998,12,48624.5605925244,48520.0,48520.0,,0.21549998459274883,0.21549998459274883,,newtonian,0.9952055206447107,73.07392666381321,20.868910125546954,True,,
Silicone,silicone.csv,l60000_b_a69080,l60000_b_a69080,15,1,30.0,30.1,,,,b,b,40+,label,silicone_curated,benchmark,0.8,1.5999999999999999,12,73161.55410489772,69080.0,69080.0,,5.908445432683436,5.908445432683436,,newtonian,0.9985393769598053,80.78008854880483,31.39980862871147,True,,
Silicone,silicone.csv,l60000_b_a69080,l60000_b_a69080,15,2,35.07,35.09,,,,b,b,40+,label,silicone_curated,benchmark,0.8,1.5999999999999999,10,79220.33223153674,69080.0,69080.0,,14.679114405814621,14.679114405814621,,newtonian,0.9993998896823797,133.620415697554,34.000142588642376,True,,
Silicone,silicone.csv,l60000_b_a69080,l60000_b_a69080,16,0,24.06,28.04,,,,b,b,40+,label,silicone_curated,benchmark,0.8,1.5999999999999999,14,76704.82489495825,69080.0,69080.0,,11.037673559580556,11.037673559580556,,newtonian,0.9991007770898855,82.82261999354972,32.92052570599066,True,,
Silicone,silicone.csv,l60000_sil_a37000,l60000_sil_a37000,15,0,20.0,20.02,,,,sil,sil_sl,15-40,label,silicone_curated,benchmark,1.4,2.8,11,35473.59552900056,37000.0,37000.0,,4.125417489187679,4.125417489187679,,newtonian,0.9982394335654825,81.94049907607616,15.224719111159038,True,,
Silicone,silicone.csv,l60000_sil_a37020,l60000_sil_a37020,1,1,25.03,25.07,,,,sil,sil_sl,15-40,label,silicone_curated,benchmark,1.3,2.5999999999999996,11,42360.88867052146,37020.0,37020.0,,14.427035846897518,14.427035846897518,,newtonian,0.9999416551798676,88.37200024983126,18.180638914386893,True,,
Silicone,silicone.csv,l60000_sil_a37020,l60000_sil_a37020,2,1,25.02,25.05,,,,sil,sil_sl,15-40,label,silicone_curated,benchmark,1.3,2.5999999999999996,13,41431.75916384414,37020.0,37020.0,,11.917231668946886,11.917231668946886,,newtonian,0.9984797568701018,92.44923127825643,17.781870885770015,True,,
Silicone,silicone.csv,l60000_sil_a37020,l60000_sil_a37020,3,0,20.08,20.09,,,,sil,sil_sl,15-40,label,silicone_curated,benchmark,1.3,2.5999999999999996,11,39389.17866768221,37020.0,37020.0,,6.399726276829305,6.399726276829305,,newtonian,0.9973766578380825,61.06797758592016,16.905226896000947,True,,
Silicone,silicone.csv,l60000_sil_a37020,l60000_sil_a37020,4,0,20.0,20.09,,,,sil,sil_sl,15-40,label,silicone_curated,benchmark,1.3,2.5999999999999996,9,35554.51114047785,37020.0,37020.0,,3.9586408955217425,3.9586408955217425,,newtonian,0.9972552751866871,59.600154897702474,15.259446841406803,True,,
Silicone,silicone.csv,l60000_sil_a37020,l60000_sil_a37020,4,1,25.02,25.04,,,,sil,sil_sl,15-40,label,silicone_curated,benchmark,1.3,2.5999999999999996,8,40333.87712293791,37020.0,37020.0,,8.951585961474642,8.951585961474642,,newtonian,0.9996740362068066,78.60211618940535,17.310676876797388,True,,
Silicone,silicone.csv,l60000_sil_a37020,l60000_sil_a37020,5,0,20.08,20.09,,,,sil,sil_sl,15-40,label,silicone_curated,benchmark,1.3,2.5999999999999996,10,33933.29608350221,37020.0,37020.0,,8.337936025115587,8.337936025115587,,newtonian,0.9951429869790934,62.47330642947557,14.563646387769188,True,,
Silicone,silicone.csv,l60000_sil_a37020,l60000_sil_a37020,6,0,20.07,20.09,,,,sil,sil_sl,15-40,label,silicone_curated,benchmark,1.3,2.5999999999999996,9,35103.55346308704,37020.0,37020.0,,5.176786971671964,5.176786971671964,,newtonian,0.999324928777973,66.65818953747271,15.065902773857097,True,,
Silicone,silicone.csv,l60000_sil_a37020,l60000_sil_a37020,6,1,25.03,25.08,,,,sil,sil_sl,15-40,label,silicone_curated,benchmark,1.3,2.5999999999999996,9,37959.266490100425,37020.0,37020.0,,2.5371866291205416,2.5371866291205416,,newtonian,0.9987714103264429,92.87266856286972,16.291530682446535,True,,
Silicone,silicone.csv,l60000_sil_a37020,l60000_sil_a37020,7,0,20.07,20.08,,,,sil,sil_sl,15-40,label,silicone_curated,benchmark,1.3,2.5999999999999996,8,33328.66536690189,37020.0,37020.0,,9.971190256883055,9.971190256883055,,newtonian,0.9984433512420313,61.63094897043195,14.304148226138153,True,,
Silicone,silicone.csv,l60000_sil_a37020,l60000_sil_a37020,7,1,25.03,25.07,,,,sil,sil_sl,15-40,label,silicone_curated,benchmark,1.3,2.5999999999999996,11,39761.47344917683,37020.0,37020.0,,7.405384789780746,7.405384789780746,,newtonian,0.9994325088138163,92.93974642842724,17.065010064024392,True,,
Silicone,silicone.csv,l60000_sil_a37020,l60000_sil_a37020,8,1,25.03,25.05,,,,sil,sil_sl,15-40,label,silicone_curated,benchmark,1.3,2.5999999999999996,10,40101.22925835737,37020.0,37020.0,,8.323147645481829,8.323147645481829,,newtonian,0.9997131776697065,100.00616609418515,17.2108280078787,True,,
Silicone,silicone.csv,l60000_sil_a37020,l60000_sil_a37020,9,1,25.03,25.06,,,,sil,sil_sl,15-40,label,silicone_curated,benchmark,1.3,2.5999999999999996,9,39357.31535644615,37020.0,37020.0,,6.313655744046876,6.313655744046876,,newtonian,0.9990407716271601,96.59101640732293,16.891551655127103,True,,
Silicone,silicone.csv,l60000_sil_a37020,l60000_sil_a37020,10,1,25.03,25.05,,,,sil,sil_sl,15-40,label,silicone_curated,benchmark,1.3,2.5999999999999996,10,36773.44036220817,37020.0,37020.0,,0.6660173900373484,0.6660173900373484,,newtonian,0.9996769123547178,94.93428577773469,15.782592430132265,True,,
Silicone,silicone.csv,l60000_sil_a37020,l60000_sil_a37020,11,1,25.03,25.05,,,,sil,sil_sl,15-40,label,silicone_curated,benchmark,1.3,2.5999999999999996,9,38720.56335062038,37020.0,37020.0,,4.593634118369479,4.593634118369479,,newtonian,0.9995728458896793,95.96895779331757,16.6182675324551,True,,
Silicone,silicone.csv,l60000_sil_a37020,l60000_sil_a37020,12,1,25.03,25.05,,,,sil,sil_sl,15-40,label,silicone_curated,benchmark,1.3,2.5999999999999996,8,39383.00609568282,37020.0,37020.0,,6.383052662568386,6.383052662568386,,newtonian,0.999119940647022,92.74882638032842,16.90257772346902,True,,
Silicone,silicone.csv,l60000_sil_a37020,l60000_sil_a37020,13,1,25.03,25.07,,,,sil,sil_sl,15-40,label,silicone_curated,benchmark,1.3,2.5999999999999996,10,39724.85875416534,37020.0,37020.0,,7.3064796168701776,7.3064796168701776,,newtonian,0.9998846524752304,87.71243744902105,17.04929560264607,True,,
Silicone,silicone.csv,l60000_sil_a37020,l60000_sil_a37020,14,1,25.02,25.05,,,,sil,sil_sl,15-40,label,silicone_curated,benchmark,1.3,2.5999999999999996,8,38342.79282881024,37020.0,37020.0,,3.573184302566832,3.573184302566832,,newtonian,0.9990667466439296,94.16088825045702,16.456134261291947,True,,
Silicone,silicone.csv,l60000_sil_a37020,l60000_sil_a37020,16,1,25.02,25.06,,,,sil,sil_sl,15-40,label,silicone_curated,benchmark,1.3,2.5999999999999996,10,38304.02060617897,37020.0,37020.0,,3.468451124200357,3.468451124200357,,newtonian,0.9991284428182493,90.07112024246425,16.439493822394407,True,,
Silicone,silicone.csv,l60000_sil_a37020,l60000_sil_a37020,17,1,25.03,25.05,,,,sil,sil_sl,15-40,label,silicone_curated,benchmark,1.3,2.5999999999999996,10,41788.75222416571,37020.0,37020.0,,12.8815565212472,12.8815565212472,,newtonian,0.9993023669705997,98.34302967597137,17.93508679148743,True,,
Silicone,silicone.csv,l60000_sl_a37020,l60000_sl_a37020,14,0,20.07,20.1,,,,sl,sil_sl,15-40,label,silicone_curated,benchmark,1.4,2.8,19,40558.189781149136,37020.0,37020.0,,9.55750886317973,9.55750886317973,,newtonian,0.9994971669284385,66.53288402362696,17.40694840392667,True,,
Silicone,silicone.csv,l70000_sdl_a99220,l70000_sdl_a99220,17,0,32.06,36.02,,,,sdl,sdl,40+,label,silicone_curated,benchmark,0.5,0.9999999999999999,12,123327.163570911,99220.0,99220.0,,24.296677656632735,24.296677656632735,,newtonian,0.9990650589744665,88.16279507054347,52.93011312056266,True,,
Silicone,silicone.csv,l75000_sdl_70730,l75000_sdl_70730,16,1,35.06,35.09,,,,sdl,sdl,40+,label,silicone_curated,benchmark,0.7,1.4,11,75480.5280046932,70730.0,70730.0,,6.716425851397147,6.716425851397147,,newtonian,0.999720175353227,110.58146722536942,32.395076396864035,True,,
Silicone,silicone.csv,l8000_sdl_a8930,l8000_sdl_a8930,6,0,15.02,15.03,,,,sdl,sdl,5-15,label,silicone_curated,benchmark,5.6,11.2,23,10187.12288287844,8930.0,8930.0,,14.077523884417028,14.077523884417028,,newtonian,0.9993073529676418,81.76240472041047,4.372155743724653,True,,
Silicone,silicone.csv,l95000_sdl_a93270,l95000_sdl_a93270,17,1,35.06,35.08,,,,sdl,sdl,40+,label,silicone_curated,benchmark,0.5,0.9999999999999999,17,99457.77608341484,93270.0,93270.0,,6.634261909954794,6.634261909954794,,newtonian,0.9993988628126599,83.90999467249719,42.68574080833255,True,,
TIMS,TIMS.csv,HY500,HY500,7,0,15.06,165.07,,,,other,other,unknown,,mixed,exploratory,0.1,0.19999999999999998,16,,,,,,,,,0.6702047359240978,197.57169417775074,94.248847203728,False,,
TIMS,TIMS.csv,SYY,SYY,1,0,45.0,150.04,,,,other,other,unknown,,mixed,exploratory,0.1,0.19999999999999998,13,,,,,,,,,0.0032208154516619736,129.49693614766434,2.094746276844436,False,,
TIMS,TIMS.csv,SYY,SYY,1,0,45.0,150.04,,,,other,other,unknown,,mixed,exploratory,0.2,0.39999999999999997,13,,,,,,,,,0.12123430093306375,157.99380831020054,13.229379680014658,False,,
TIMS,TIMS.csv,SYY,SYY,1,0,45.0,150.04,,,,other,other,unknown,,mixed,exploratory,0.3,0.5999999999999999,13,,,,,,,,,0.06405846957993855,146.6347763401861,-9.191120947361425,False,,
TIMS,TIMS.csv,SYY,SYY,1,0,45.0,150.04,,,,other,other,unknown,,mixed,exploratory,0.4,0.7999999999999999,13,,,,,,,,,0.004787839451810272,177.71324667772555,-1.1831559519070822,False,,
TIMS,TIMS.csv,SYY,SYY,1,0,45.0,150.04,,,,other,other,unknown,,mixed,exploratory,0.5,0.9999999999999999,13,,,,,,,,,0.00956145332870284,158.35126036520097,-2.319536863769928,False,,
TIMS,TIMS.csv,SYY,SYY,1,0,45.0,150.04,,,,other,other,unknown,,mixed,exploratory,0.6,1.1999999999999997,13,,,,,,,,,0.03571079380283848,173.06636996271968,2.225273198040536,False,,
TIMS,TIMS.csv,SYY,SYY,1,0,45.0,150.04,,,,other,other,unknown,,mixed,exploratory,0.7,1.4,13,,,,,,,,,0.17387347346913928,194.25533344524655,2.9821197203844916,False,,
TIMS,TIMS.csv,sekisuiB41,sekisuiB41,11,0,15.04,255.08,,,,other,other,unknown,,mixed,exploratory,0.1,0.19999999999999998,29,1915858.159362483,,,,,,,newtonian,0.8974159788087779,148.75383135070024,822.2567207564305,True,,
TIMS,TIMS.csv,sekisuiB41,sekisuiB41,11,0,15.04,255.08,,,,other,other,unknown,,mixed,exploratory,0.2,0.39999999999999997,29,,,,,,,,newtonian,0.369351226942472,194.97023755524748,24.6519488411597,False,,
