family,label,sample_id,cell,conc,mw,rpm,gamma_dot,mu_pred_cP,mu_true_cP,abs_pct_err,pathway,R2_drag,tau_Pa_hit,A,fit_success,n_stress,K_stress
PEG,10%300K_7158,PEG|10.0%|300K,2,10.0,300K,3.0,5.999999999999999,10531.422574004628,,,mild_shear_thinning,0.9917449126768051,75.73383716789408,3.159426772201388,True,0.7872914425179979,18.751905617380856
PEG,10%300K_7158,PEG|10.0%|300K,2,10.0,300K,4.0,7.999999999999999,9906.300567030652,7913.0,25.19020051852208,mild_shear_thinning,0.990091230220422,96.05142426298787,2.968066586455677,True,0.7872914425179979,18.751905617380856
PEG,10%300K_7158,PEG|10.0%|300K,2,10.0,300K,5.0,9.999999999999998,9447.0869309795,,,mild_shear_thinning,0.9891945781692767,115.04232283889273,2.812499355216518,True,0.7872914425179979,18.751905617380856
PEG,10%300K_7158,PEG|10.0%|300K,2,10.0,300K,6.0,11.999999999999998,9087.729321486806,,,mild_shear_thinning,0.9885916538364249,133.00177028796256,2.6828591322405866,True,0.7872914425179979,18.751905617380856
PEG,10%300K_7158,PEG|10.0%|300K,2,10.0,300K,7.0,13.999999999999998,8794.582515105976,7158.0,22.863684200977595,mild_shear_thinning,0.9879159556710739,150.12601821773117,2.5758060703003145,True,0.7872914425179979,18.751905617380856
PEG,10%300K_7158,PEG|10.0%|300K,2,10.0,300K,8.0,15.999999999999998,8548.301760550576,,,mild_shear_thinning,0.9875280498686773,166.51633810797946,2.4834159618018976,True,0.7872914425179979,18.751905617380856
PEG,10%300K_7158,PEG|10.0%|300K,2,10.0,300K,9.0,17.999999999999996,8336.797744202293,,,mild_shear_thinning,0.9872270087768249,182.38854279700308,2.40533924662921,True,0.7872914425179979,18.751905617380856
PEG,10%300K_7158,PEG|10.0%|300K,2,10.0,300K,10.0,19.999999999999996,8152.039128807964,6519.0,25.050454499278473,mild_shear_thinning,0.9867668588440562,197.69262690065904,2.3344498195113887,True,0.7872914425179979,18.751905617380856
PEG,10%300K_7158,PEG|10.0%|300K,2,10.0,300K,11.0,21.999999999999993,7988.434474331698,,,mild_shear_thinning,0.9838680432454217,204.0320538688976,2.138865673748578,True,0.7872914425179979,18.751905617380856
PEG,10%300K_7158,PEG|10.0%|300K,2,10.0,300K,12.0,23.999999999999996,7841.943824803431,,,mild_shear_thinning,0.9817933965045497,209.90308190649992,1.9728319042255709,True,0.7872914425179979,18.751905617380856
PEG,10%600K_64250,PEG|10.0%|600K,1,10.0,600K,7.0,13.999999999999998,2765.7271913427826,,,mild_shear_thinning,0.9973501674307692,71.45586572652381,0.8297181574028347,True,0.6869884383536091,11.795269736853855
PEG,10%600K_64250,PEG|10.0%|600K,1,10.0,600K,9.0,17.999999999999996,2556.5003627038027,,,mild_shear_thinning,0.998259742784616,85.78073270462225,0.756784721097509,True,0.6869884383536091,11.795269736853855
PEG,10%600K_64250,PEG|10.0%|600K,1,10.0,600K,10.0,19.999999999999996,2473.5644755501417,,,mild_shear_thinning,0.9982187452979571,92.36685705943319,0.7251181236788224,True,0.6869884383536091,11.795269736853855
PEG,10%600K_64250,PEG|10.0%|600K,1,10.0,600K,11.0,21.999999999999993,2400.8600555765415,,,mild_shear_thinning,0.9980812848336996,98.76252850693696,0.6994336190394873,True,0.6869884383536091,11.795269736853855
PEG,10%600K_64250,PEG|10.0%|600K,1,10.0,600K,12.0,23.999999999999996,2336.3536917801835,,,mild_shear_thinning,0.9976096896699513,104.75594743069433,0.6720425163266928,True,0.6869884383536091,11.795269736853855
PEG,10%600K_64250,PEG|10.0%|600K,1,10.0,600K,13.0,26.0,2278.545201349916,,,mild_shear_thinning,0.9976293550604348,110.71633195055965,0.6526681313525887,True,0.6869884383536091,11.795269736853855
PEG,10%600K_64250,PEG|10.0%|600K,1,10.0,600K,14.0,27.999999999999996,2226.29889347041,,,mild_shear_thinning,0.9974398445875305,116.42425965202725,0.6335575408209025,True,0.6869884383536091,11.795269736853855
PEG,10%600K_64250,PEG|10.0%|600K,1,10.0,600K,15.0,29.999999999999993,2178.736128677084,,,mild_shear_thinning,0.9969573167301604,121.78893632476783,0.6134224466214494,True,0.6869884383536091,11.795269736853855
PEG,10%600K_64250,PEG|10.0%|600K,1,10.0,600K,16.0,31.999999999999996,2135.1644039361013,,,mild_shear_thinning,0.9968259415228113,127.03389181644924,0.5950018567724085,True,0.6869884383536091,11.795269736853855
PEG,5%300K_577,PEG|5.0%|300K,1,5.0,300K,40.0,79.99999999999999,800.9036100159924,711.9,12.5022629605271,mild_shear_thinning,0.9986742943044657,80.5246009848506,0.24027108300479771,True,0.7146582301717974,3.5474942810161774
PEG,5%300K_577,PEG|5.0%|300K,1,5.0,300K,50.0,99.99999999999999,751.4979091178445,,,mild_shear_thinning,0.9489327565958531,95.41372949798725,0.207001215602726,True,0.7146582301717974,3.5474942810161774
PEG,5%300K_577,PEG|5.0%|300K,1,5.0,300K,60.0,119.99999999999997,713.401568263686,648.2,10.058865822845727,mild_shear_thinning,0.9988619107133022,108.78128266589357,0.21025968073834556,True,0.7146582301717974,3.5474942810161774
PEG,5%300K_577,PEG|5.0%|300K,1,5.0,300K,70.0,139.99999999999997,682.7022658789542,,,mild_shear_thinning,0.9485060834851039,121.7495441986195,0.1856009191362858,True,0.7146582301717974,3.5474942810161774
PEG,5%300K_577,PEG|5.0%|300K,1,5.0,300K,80.0,159.99999999999997,657.1792152963158,,,mild_shear_thinning,0.9985626357096652,133.815115525916,0.1902935156178313,True,0.7146582301717974,3.5474942810161774
PEG,5%300K_577,PEG|5.0%|300K,1,5.0,300K,90.0,179.99999999999997,635.4594875542191,576.6,10.208027671560712,mild_shear_thinning,0.9460445434338906,146.58214960445437,0.17179401799796035,True,0.7146582301717974,3.5474942810161774
PEG,5%300K_577,PEG|5.0%|300K,1,5.0,300K,100.0,199.99999999999997,616.6395057215756,,,mild_shear_thinning,0.9984702502193743,156.1101454318221,0.17444705603600485,True,0.7146582301717974,3.5474942810161774
PEG,5%300K_577,PEG|5.0%|300K,1,5.0,300K,110.0,219.99999999999997,600.0953794127925,,,mild_shear_thinning,0.9410691847502891,169.94352275056522,0.163098966713415,True,0.7146582301717974,3.5474942810161774
PEG,5%300K_577,PEG|5.0%|300K,1,5.0,300K,120.0,239.99999999999994,585.3796598735878,,,mild_shear_thinning,0.9978591205987063,176.34678531023974,0.16147013795147008,True,0.7146582301717974,3.5474942810161774
PEG,5%300K_577,PEG|5.0%|300K,1,5.0,300K,130.0,259.99999999999994,572.1613889489885,,,mild_shear_thinning,0.9978982563182629,186.3525320690425,0.15679803822102914,True,0.7146582301717974,3.5474942810161774
PEG,5%600K_3254,PEG|5.0%|600K,3,5.0,600K,5.0,9.999999999999998,13887.38436401537,4485.0,209.6406770126058,strong_shear_thinning,0.9467908541140724,138.87384364015367,2.6544152075132628,True,0.2769748754862526,79.71237294393829
PEG,5%600K_3254,PEG|5.0%|600K,3,5.0,600K,10.0,19.999999999999996,10711.53721230391,3711.0,188.6428782620294,strong_shear_thinning,0.9392567571210167,214.2307442460782,1.9362444832848147,True,0.2769748754862526,79.71237294393829
PEG,5%600K_3254,PEG|5.0%|600K,3,5.0,600K,15.0,29.999999999999993,6921.057163656716,3254.0,112.69382801649402,strong_shear_thinning,0.9513878580996588,207.63171490970143,1.0010903772490845,True,0.2769748754862526,79.71237294393829
PEG,5%600K_3254,PEG|5.0%|600K,3,5.0,600K,20.0,39.99999999999999,5051.61629188921,2947.0,71.4155511329898,strong_shear_thinning,0.9638890412171778,202.06465167556837,0.5717018497716406,True,0.2769748754862526,79.71237294393829
PEG,6.5%600K_4109,PEG|6.5%|600K,1,6.5,600K,7.0,13.999999999999998,6757.914729979207,,,mild_shear_thinning,0.9921681820245954,72.77686230436632,2.027374418993762,True,0.6866770930264453,11.94425734309414
PEG,6.5%600K_4109,PEG|6.5%|600K,1,6.5,600K,9.0,17.999999999999996,6246.190783715812,,,mild_shear_thinning,0.9939965415918617,87.03186884034982,1.8155738677608895,True,0.6866770930264453,11.94425734309414
PEG,6.5%600K_4109,PEG|6.5%|600K,1,6.5,600K,10.0,19.999999999999996,6043.358740725837,4336.0,39.37635472153684,mild_shear_thinning,0.9938746811395397,93.73214418850843,1.7397539150053942,True,0.6866770930264453,11.94425734309414
PEG,6.5%600K_4109,PEG|6.5%|600K,1,6.5,600K,11.0,21.999999999999993,5865.5548293516185,,,mild_shear_thinning,0.9948417128209802,100.04022041405035,1.662870677151727,True,0.6866770930264453,11.94425734309414
PEG,6.5%600K_4109,PEG|6.5%|600K,1,6.5,600K,12.0,23.999999999999996,5707.804335958146,4109.0,38.90981591526275,mild_shear_thinning,0.9948248149851496,106.15792904849194,1.6000160245077208,True,0.6866770930264453,11.94425734309414
PEG,6.5%600K_4109,PEG|6.5%|600K,1,6.5,600K,13.0,26.0,5566.437188391395,,,mild_shear_thinning,0.9953611451022242,112.06344082335094,1.544714578772372,True,0.6866770930264453,11.94425734309414
PEG,6.5%600K_4109,PEG|6.5%|600K,1,6.5,600K,14.0,27.999999999999996,5438.675086872914,,,mild_shear_thinning,0.9957038218924732,117.76523369112796,1.4947521620728292,True,0.6866770930264453,11.94425734309414
PEG,6.5%600K_4109,PEG|6.5%|600K,1,6.5,600K,15.0,29.999999999999993,5322.368621868462,3837.0,38.711718057556986,mild_shear_thinning,0.9960159244452168,123.23308487848654,1.4498015353287512,True,0.6866770930264453,11.94425734309414
PEG,6.5%600K_4109,PEG|6.5%|600K,1,6.5,600K,16.0,31.999999999999996,5215.8237661452895,,,mild_shear_thinning,0.9964617308540553,128.4395307863687,1.401319219484291,True,0.6866770930264453,11.94425734309414
Carbopol980,980carb0.2%_10580,Carbopol980|0.2%,1,0.2,,1.8,3.5999999999999996,,,,,0.5671363137221629,110.11509138763977,1.125804791455615,False,,
Carbopol980,980carb0.2%_10580,Carbopol980|0.2%,1,0.2,,2.4,4.799999999999999,,15630.0,,,0.5732539748454601,122.32803660015526,0.8460077270825991,False,,
Carbopol980,980carb0.2%_10580,Carbopol980|0.2%,1,0.2,,3.0,5.999999999999999,,,,,0.5440940107772458,131.72108226766719,0.5846922118712297,False,,
Carbopol980,980carb0.2%_10580,Carbopol980|0.2%,1,0.2,,3.6,7.199999999999999,,,,,0.48506490871605445,138.75097268267612,0.3914249791781474,False,,
Carbopol980,980carb0.2%_10580,Carbopol980|0.2%,1,0.2,,4.2,8.399999999999999,,,,,0.43391959999376783,144.45034711518332,0.26983479284422324,False,,
Carbopol980,980carb0.2%_10580,Carbopol980|0.2%,1,0.2,,4.8,9.599999999999998,,10580.0,,,0.38079091311012403,148.95821469768907,0.18703807907780498,False,,
Carbopol980,980carb0.2%_10580,Carbopol980|0.2%,1,0.2,,5.4,10.799999999999999,,,,,0.41670528770455395,153.52565762269487,0.1552563523539795,False,,
Carbopol980,980carb0.2%_10580,Carbopol980|0.2%,1,0.2,,6.0,11.999999999999998,,,,,0.43364452230895845,156.94131059269918,0.13136039429995722,False,,
Carbopol980,980carb0.2%_10580,Carbopol980|0.2%,1,0.2,,6.6,13.199999999999998,,,,,0.4853998730789483,159.959794612703,0.11411791200059054,False,,
Carbopol980,980carb0.2%_10580,Carbopol980|0.2%,1,0.2,,7.2,14.399999999999999,,7855.0,,,0.4649297707909167,162.83926950020668,0.10738432350781207,False,,
Carbopol980,980carb0.3%_49810,Carbopol980|0.3%,10,0.3,,0.2,0.39999999999999997,,,,,0.033742175744879144,46.985086785059636,-4.857061615403531,False,,
Carbopol980,980carb0.3%_49810,Carbopol980|0.3%,10,0.3,,0.4,0.7999999999999999,,90540.0,,,0.2076907563901459,119.96488134765225,21.992468312134413,False,,
Carbopol980,980carb0.3%_49810,Carbopol980|0.3%,10,0.3,,0.6,1.1999999999999997,,69120.0,,,0.26262422130577745,132.25726035016785,16.28523667370581,False,,
Carbopol980,980carb0.3%_49810,Carbopol980|0.3%,10,0.3,,0.8,1.5999999999999999,,,,,0.24707647884654638,140.7963927751787,12.4482982838741,False,,
Carbopol980,980carb0.3%_49810,Carbopol980|0.3%,10,0.3,,1.0,1.9999999999999998,,49810.0,,,0.23044145662231263,143.37799095018198,9.718970102910873,False,,
Carbopol980,980carb0.3%_49810,Carbopol980|0.3%,10,0.3,,1.2,2.3999999999999995,,,,,0.24571938045670771,94.08932425511942,-3.125891067306002,False,,
Carbopol980,980carb0.3%_49810,Carbopol980|0.3%,10,0.3,,1.4,2.8,,,,,0.3525464070009461,95.24111421012088,-3.1846079869743593,False,,
Carbopol980,980carb0.3%_49810,Carbopol980|0.3%,10,0.3,,1.6,3.1999999999999997,,36770.0,,,0.226601012629981,101.67525120012905,-2.433237580230704,False,,
Carbopol980,980carb0.3%_49810,Carbopol980|0.3%,10,0.3,,1.8,3.5999999999999996,,,,,0.2710254726829274,99.98728316262691,-2.059054609470042,False,,
Carbopol980,980carb0.3%_49810,Carbopol980|0.3%,10,0.3,,2.0,3.9999999999999996,,,,,0.38853526830439455,94.52621010011998,-1.9535497979210437,False,,
Carbopol980,980carb0.35%_100800,Carbopol980|0.35%,7,0.35,,0.1,0.19999999999999998,288442.15554517775,,,strong_shear_thinning,0.7138365633891928,57.68843110903554,9.62783105862688,True,0.45555822789361694,114.10717157055589
Carbopol980,980carb0.35%_100800,Carbopol980|0.35%,7,0.35,,0.2,0.39999999999999997,183250.8321087045,181600.0,0.9090485180090802,strong_shear_thinning,0.7415022050900988,73.30033284348178,6.0722479998263035,True,0.45555822789361694,114.10717157055589
Carbopol980,980carb0.35%_100800,Carbopol980|0.35%,7,0.35,,0.3,0.5999999999999999,146198.36321302308,135300.0,8.054961724333394,strong_shear_thinning,0.773053779182826,87.71901792781382,5.015413707814746,True,0.45555822789361694,114.10717157055589
Carbopol980,980carb0.35%_100800,Carbopol980|0.35%,7,0.35,,0.4,0.7999999999999999,125167.46023051934,114100.0,9.699789860227293,strong_shear_thinning,0.8116732654658739,100.13396818441547,4.341936570634737,True,0.45555822789361694,114.10717157055589
Carbopol980,980carb0.35%_100800,Carbopol980|0.35%,7,0.35,,0.5,0.9999999999999999,111772.02245954,100800.0,10.884942916210324,strong_shear_thinning,0.7991972511645701,111.77202245954,3.9651713675241678,True,0.45555822789361694,114.10717157055589
Carbopol980,980carb0.35%_100800,Carbopol980|0.35%,7,0.35,,0.6,1.1999999999999997,102343.56390451349,,,strong_shear_thinning,0.8099604030604922,122.81227668541615,3.6861414671995534,True,0.45555822789361694,114.10717157055589
Carbopol980,980carb0.35%_100800,Carbopol980|0.35%,7,0.35,,0.7,1.4,95124.34013346376,,,strong_shear_thinning,0.8293956982946693,133.17407618684925,3.4193517055923284,True,0.45555822789361694,114.10717157055589
Carbopol980,980carb0.35%_100800,Carbopol980|0.35%,7,0.35,,0.8,1.5999999999999999,89305.71181283353,69580.0,28.3496864225834,strong_shear_thinning,0.8177091861758545,142.88913890053362,3.108790162466132,True,0.45555822789361694,114.10717157055589
Carbopol980,980carb0.35%_100800,Carbopol980|0.35%,7,0.35,,0.9,1.7999999999999998,84568.73902673286,,,strong_shear_thinning,0.7923072554208379,152.22373024811913,2.858429092978516,True,0.45555822789361694,114.10717157055589
Carbopol980,980carb0.35%_100800,Carbopol980|0.35%,7,0.35,,1.0,1.9999999999999998,80703.43865318601,,,strong_shear_thinning,0.8154472717733836,161.406877306372,2.7197450025279077,True,0.45555822789361694,114.10717157055589
Carbopol980,980carb0.4%_159700,Carbopol980|0.4%,11,0.4,,0.1,0.19999999999999998,,354200.0,,,0.38112962530088446,67.53857994758572,8.481362811108081,False,,
Carbopol980,980carb0.4%_159700,Carbopol980|0.4%,11,0.4,,0.2,0.39999999999999997,,2112800.0,,,0.3367308059182358,85.9473607801091,3.4524000767782477,False,,
Carbopol980,980carb0.4%_159700,Carbopol980|0.4%,11,0.4,,0.3,0.5999999999999999,,159700.0,,,0.28891772186568565,103.74052974013168,2.312146659280374,False,,
Carbopol980,980carb0.4%_159700,Carbopol980|0.4%,11,0.4,,0.4,0.7999999999999999,,132200.0,,,0.28885484856985844,115.9733334001472,1.5016904339174038,False,,
Sepineo,1%sep,Sepineo|1%,7,1.0,,11.0,21.999999999999993,3170.328744955686,3527.0,10.11259583340839,strong_shear_thinning,0.9907645691028376,69.74723238902507,0.35435489261999864,True,0.33749676179564825,24.4230122340559
Sepineo,1%sep,Sepineo|1%,7,1.0,,13.0,26.0,2827.1821677071875,,,strong_shear_thinning,0.9904578180627033,73.50673636038687,0.31342787688274476,True,0.33749676179564825,24.4230122340559
Sepineo,1%sep,Sepineo|1%,7,1.0,,15.0,29.999999999999993,2565.388787693289,,,strong_shear_thinning,0.9922159506331958,76.96166363079864,0.28427255666868223,True,0.33749676179564825,24.4230122340559
Sepineo,1%sep,Sepineo|1%,7,1.0,,17.0,34.0,2359.570620231687,,,strong_shear_thinning,0.9922998732003299,80.22540108787736,0.26055775099473605,True,0.33749676179564825,24.4230122340559
Sepineo,1%sep,Sepineo|1%,7,1.0,,21.0,41.99999999999999,2053.1906767933388,,,strong_shear_thinning,0.9912902469440826,86.2340084253202,0.2313017695609954,True,0.33749676179564825,24.4230122340559
Sepineo,1%sep,Sepineo|1%,7,1.0,,23.0,45.99999999999999,1932.8782696416483,2148.0,10.014978135863672,strong_shear_thinning,0.991813322084182,88.91240040351582,0.21918147054422857,True,0.33749676179564825,24.4230122340559
Sepineo,1%sep,Sepineo|1%,7,1.0,,27.0,53.99999999999999,1738.6395974598208,,,strong_shear_thinning,0.9916032662533162,93.88653826283031,0.19945299035312672,True,0.33749676179564825,24.4230122340559
Sepineo,1%sep,Sepineo|1%,7,1.0,,33.0,66.0,1521.3929189050336,,,strong_shear_thinning,0.9918456634063979,100.41193264773223,0.17491742664884516,True,0.33749676179564825,24.4230122340559
Sepineo,1%sep,Sepineo|1%,7,1.0,,39.0,77.99999999999999,1365.011985944463,,,strong_shear_thinning,0.9908016229355684,106.4709349036681,0.1583817471203519,True,0.33749676179564825,24.4230122340559
Sepineo,1%sep,Sepineo|1%,7,1.0,,46.0,91.99999999999999,1227.991471456294,1329.0,7.600340748209632,strong_shear_thinning,0.9919824407770673,112.97521537397904,0.1444482070506731,True,0.33749676179564825,24.4230122340559
Sepineo,1%sep_2148,Sepineo|1%,1,1.0,,11.0,21.999999999999993,4397.5610781200685,3527.0,24.682763768643845,strong_shear_thinning,0.8871515424746448,96.74634371864147,0.6175512850415356,True,0.2976995160092289,38.431492087272275
Sepineo,1%sep_2148,Sepineo|1%,1,1.0,,13.0,26.0,3904.7868101825975,,,strong_shear_thinning,0.8882716965510161,101.52445706474754,0.550046219470388,True,0.2976995160092289,38.431492087272275
Sepineo,1%sep_2148,Sepineo|1%,1,1.0,,15.0,29.999999999999993,3527.154705552441,,,strong_shear_thinning,0.8946226080735978,105.81464116657321,0.49862441467721097,True,0.2976995160092289,38.431492087272275
Sepineo,1%sep_2148,Sepineo|1%,1,1.0,,17.0,34.0,3223.2268420968935,,,strong_shear_thinning,0.893026561045612,109.58971263129438,0.4507065547735029,True,0.2976995160092289,38.431492087272275
Sepineo,1%sep_2148,Sepineo|1%,1,1.0,,21.0,41.99999999999999,2778.7631492967375,,,strong_shear_thinning,0.8925110184349115,116.70805227046296,0.38987996327272045,True,0.2976995160092289,38.431492087272275
Sepineo,1%sep_2148,Sepineo|1%,1,1.0,,23.0,45.99999999999999,2602.9536211337568,2148.0,21.180336179411395,strong_shear_thinning,0.8936071599675623,119.73586657215279,0.36283569050156095,True,0.2976995160092289,38.431492087272275
Sepineo,1%sep_2148,Sepineo|1%,1,1.0,,27.0,53.99999999999999,2330.8988556572135,,,strong_shear_thinning,0.8930833795688992,125.8685382054895,0.3273180103577487,True,0.2976995160092289,38.431492087272275
Sepineo,1%sep_2148,Sepineo|1%,1,1.0,,33.0,66.0,2024.2669185876734,,,strong_shear_thinning,0.8870968976411319,133.60161662678644,0.28154209402173647,True,0.2976995160092289,38.431492087272275
Sepineo,1%sep_2148,Sepineo|1%,1,1.0,,39.0,77.99999999999999,1805.6287525828272,,,strong_shear_thinning,0.8858169267380875,140.8390427014605,0.2529016086038686,True,0.2976995160092289,38.431492087272275
Sepineo,1%sep_2148,Sepineo|1%,1,1.0,,46.0,91.99999999999999,1610.1571703765492,1329.0,21.155543293946515,strong_shear_thinning,0.8989422121759565,148.1344596746425,0.22333515535068174,True,0.2976995160092289,38.431492087272275
Sepineo,1.5%sep,Sepineo|1.5%,7,1.5,,1.2,2.3999999999999995,44308.42197525058,,,strong_shear_thinning,0.934643212642987,106.34021274060137,3.783208734409705,True,0.24690384148303887,85.81247875265792
Sepineo,1.5%sep,Sepineo|1.5%,7,1.5,,1.5,2.9999999999999996,37465.28370682237,,,strong_shear_thinning,0.9370198762337003,112.39585112046709,3.231519341698938,True,0.24690384148303887,85.81247875265792
Sepineo,1.5%sep,Sepineo|1.5%,7,1.5,,1.8,3.5999999999999996,32755.962901602223,,,strong_shear_thinning,0.9423178089205809,117.921466445768,2.9049639395031277,True,0.24690384148303887,85.81247875265792
Sepineo,1.5%sep,Sepineo|1.5%,7,1.5,,2.1,4.199999999999999,29150.870772389535,,,strong_shear_thinning,0.9426978500246149,122.43365724403603,2.5954343645273643,True,0.24690384148303887,85.81247875265792
Sepineo,1.5%sep,Sepineo|1.5%,7,1.5,,2.4,4.799999999999999,26360.40527455951,,,strong_shear_thinning,0.9488267318484209,126.52994531788562,2.360144704070179,True,0.24690384148303887,85.81247875265792
Sepineo,1.5%sep,Sepineo|1.5%,7,1.5,,2.7,5.3999999999999995,24127.431891716777,,,strong_shear_thinning,0.9495301536353052,130.2881322152706,2.1781891075574418,True,0.24690384148303887,85.81247875265792
Sepineo,1.5%sep,Sepineo|1.5%,7,1.5,,2.9,5.799999999999999,22838.74306372014,17240.0,32.47530779420035,strong_shear_thinning,0.9509591417122557,132.46470976957679,2.0901609990853784,True,0.24690384148303887,85.81247875265792
Sepineo,1.5%sep,Sepineo|1.5%,7,1.5,,3.4,6.799999999999999,20239.822423029767,,,strong_shear_thinning,0.9502876472637697,137.6307924766024,1.8410802392016403,True,0.24690384148303887,85.81247875265792
Sepineo,1.5%sep,Sepineo|1.5%,7,1.5,,3.9,7.799999999999999,18280.07374454591,,,strong_shear_thinning,0.9519328792365771,142.58457520745807,1.6929469321382675,True,0.24690384148303887,85.81247875265792
Sepineo,1.5%sep,Sepineo|1.5%,7,1.5,,4.9,9.799999999999999,15374.231250777946,,,strong_shear_thinning,0.9543612920185345,150.66746625762386,1.4450337616015445,True,0.24690384148303887,85.81247875265792
Sepineo,1.5%sep,Sepineo|1.5%,7,1.5,,5.8,11.599999999999998,13534.951788905686,10090.0,34.14223774931305,strong_shear_thinning,0.9564833740527644,157.0054407513059,1.2854051890714422,True,0.24690384148303887,85.81247875265792
Sepineo,1.5%sep_17240,Sepineo|1.5%,2,1.5,,1.2,2.3999999999999995,37198.81561027006,,,strong_shear_thinning,0.9698007733244788,89.27715746464813,0.9268738290269147,True,0.24701697780050735,71.71739207696322
Sepineo,1.5%sep_17240,Sepineo|1.5%,2,1.5,,1.5,2.9999999999999996,31249.213172512475,,,strong_shear_thinning,0.900271132590114,93.74763951753741,0.741091344439672,True,0.24701697780050735,71.71739207696322
Sepineo,1.5%sep_17240,Sepineo|1.5%,2,1.5,,1.8,3.5999999999999996,27452.994592750143,,,strong_shear_thinning,0.9743695739870775,98.83078053390051,0.855524158313388,True,0.24701697780050735,71.71739207696322
Sepineo,1.5%sep_17240,Sepineo|1.5%,2,1.5,,2.1,4.199999999999999,24324.281133165357,,,strong_shear_thinning,0.9812647490653884,102.16198075929448,0.7306985454396605,True,0.24701697780050735,71.71739207696322
Sepineo,1.5%sep_17240,Sepineo|1.5%,2,1.5,,2.4,4.799999999999999,21968.690477625736,,,strong_shear_thinning,0.9551454763700452,105.4497142926035,0.6691089256259144,True,0.24701697780050735,71.71739207696322
Sepineo,1.5%sep_17240,Sepineo|1.5%,2,1.5,,2.7,5.3999999999999995,20098.54298778405,,,strong_shear_thinning,0.9531063975533478,108.53213213403386,0.6332374256438694,True,0.24701697780050735,71.71739207696322
Sepineo,1.5%sep_17240,Sepineo|1.5%,2,1.5,,2.9,5.799999999999999,19054.389881813877,17240.0,10.524303258781188,strong_shear_thinning,0.9795244150104516,110.51546131452046,0.6320540280013835,True,0.24701697780050735,71.71739207696322
Sepineo,1.5%sep_17240,Sepineo|1.5%,2,1.5,,3.4,6.799999999999999,16926.711522094665,,,strong_shear_thinning,0.980175469830338,115.10163835024369,0.6133724778081504,True,0.24701697780050735,71.71739207696322
Sepineo,1.5%sep_17240,Sepineo|1.5%,2,1.5,,3.9,7.799999999999999,15311.47092459625,,,strong_shear_thinning,0.9780960974272812,119.42947321185073,0.5973633477087529,True,0.24701697780050735,71.71739207696322
Sepineo,1.5%sep_17240,Sepineo|1.5%,2,1.5,,4.9,9.799999999999999,12859.850439741138,,,strong_shear_thinning,0.9849772054009251,126.02653430946313,0.5117592415442934,True,0.24701697780050735,71.71739207696322
Sepineo,1.5%sep_17240,Sepineo|1.5%,2,1.5,,5.8,11.599999999999998,11338.591138946085,10090.0,12.374540524738208,strong_shear_thinning,0.9818878171229858,131.52765721177457,0.48210561569261234,True,0.24701697780050735,71.71739207696322
Sepineo,1.5%sep_17240,Sepineo|1.5%,7,1.5,,1.2,2.3999999999999995,44736.22114170805,,,strong_shear_thinning,0.8600906428260539,107.36693074009929,4.184441803846029,True,0.2439193441519085,86.84576905656436
Sepineo,1.5%sep_17240,Sepineo|1.5%,7,1.5,,1.5,2.9999999999999996,37802.06210721986,,,strong_shear_thinning,0.8773813379474693,113.40618632165956,3.547684659882043,True,0.2439193441519085,86.84576905656436
Sepineo,1.5%sep_17240,Sepineo|1.5%,7,1.5,,1.8,3.5999999999999996,33025.98022376077,,,strong_shear_thinning,0.8910282304442394,118.89352880553879,3.158307655047495,True,0.2439193441519085,86.84576905656436
Sepineo,1.5%sep_17240,Sepineo|1.5%,7,1.5,,2.1,4.199999999999999,29376.962876581198,,,strong_shear_thinning,0.9011856752332302,123.383244081641,2.8077808209895423,True,0.2439193441519085,86.84576905656436
Sepineo,1.5%sep_17240,Sepineo|1.5%,7,1.5,,2.4,4.799999999999999,26548.44284754198,,,strong_shear_thinning,0.9135594218448555,127.43252566820148,2.536796300134047,True,0.2439193441519085,86.84576905656436
Sepineo,1.5%sep_17240,Sepineo|1.5%,7,1.5,,2.7,5.3999999999999995,24282.230688109794,,,strong_shear_thinning,0.9213041069041021,131.12404571579287,2.3235642955385725,True,0.2439193441519085,86.84576905656436
Sepineo,1.5%sep_17240,Sepineo|1.5%,7,1.5,,2.9,5.799999999999999,22980.902121832154,17240.0,33.29989629833036,strong_shear_thinning,0.9257069880115333,133.28923230662647,2.2237114456273406,True,0.2439193441519085,86.84576905656436
Sepineo,1.5%sep_17240,Sepineo|1.5%,7,1.5,,3.4,6.799999999999999,20368.510332384332,,,strong_shear_thinning,0.9243302754145277,138.50587026021344,1.9620344203957867,True,0.2439193441519085,86.84576905656436
Sepineo,1.5%sep_17240,Sepineo|1.5%,7,1.5,,3.9,7.799999999999999,18388.774771925833,,,strong_shear_thinning,0.9305831370129218,143.43244322102146,1.7951422080462844,True,0.2439193441519085,86.84576905656436
Sepineo,1.5%sep_17240,Sepineo|1.5%,7,1.5,,4.9,9.799999999999999,15452.498053706997,,,strong_shear_thinning,0.9396186092472255,151.43448092632855,1.518583617151644,True,0.2439193441519085,86.84576905656436
Sepineo,1.5%sep_17240,Sepineo|1.5%,7,1.5,,5.8,11.599999999999998,13605.237252342378,10090.0,34.83882311538532,strong_shear_thinning,0.9415140109180972,157.82075212717157,1.351503216986998,True,0.2439193441519085,86.84576905656436
Sepineo,2%sep,Sepineo|2%,10,2.0,,0.5,0.9999999999999999,93243.23616232237,82550.0,12.953647683007109,strong_shear_thinning,0.9306727907212187,93.24323616232236,6.7365490383788185,True,0.22393372312168067,93.8562404943467
Sepineo,2%sep,Sepineo|2%,10,2.0,,0.6,1.1999999999999997,80959.0909906962,,,strong_shear_thinning,0.9358950052802993,97.15090918883543,5.9138863789950715,True,0.22393372312168067,93.8562404943467
Sepineo,2%sep,Sepineo|2%,10,2.0,,0.7,1.4,72895.81422297719,,,strong_shear_thinning,0.9307843213511681,102.05413991216807,5.373103703858772,True,0.22393372312168067,93.8562404943467
Sepineo,2%sep,Sepineo|2%,10,2.0,,0.8,1.5999999999999999,65969.94391232452,,,strong_shear_thinning,0.9359593171352738,105.55191025971924,4.829273664742465,True,0.22393372312168067,93.8562404943467
Sepineo,2%sep,Sepineo|2%,10,2.0,,0.9,1.7999999999999998,59417.39953296353,,,strong_shear_thinning,0.9256735544838841,106.95131915933435,4.366454065780275,True,0.22393372312168067,93.8562404943467
Sepineo,2%sep,Sepineo|2%,10,2.0,,1.0,1.9999999999999998,54407.2203840112,50110.0,8.575574504113346,strong_shear_thinning,0.9367467681756442,108.81444076802238,4.10532629480863,True,0.22393372312168067,93.8562404943467
Sepineo,2%sep,Sepineo|2%,10,2.0,,1.2,2.3999999999999995,48113.87068760052,,,strong_shear_thinning,0.9373212377064607,115.47328965024123,3.6017358628829785,True,0.22393372312168067,93.8562404943467
Sepineo,2%sep,Sepineo|2%,10,2.0,,1.4,2.8,41794.34216343337,,,strong_shear_thinning,0.9408527409406219,117.02415805761343,3.162484642771452,True,0.22393372312168067,93.8562404943467
Sepineo,2%sep,Sepineo|2%,10,2.0,,1.6,3.1999999999999997,38305.44954677971,,,strong_shear_thinning,0.935875431120566,122.57743854969507,2.8688242049143304,True,0.22393372312168067,93.8562404943467
Sepineo,2%sep,Sepineo|2%,10,2.0,,1.8,3.5999999999999996,34398.41506684962,,,strong_shear_thinning,0.9398423304223711,123.83429424065862,2.6733959672546193,True,0.22393372312168067,93.8562404943467
Sepineo,2%sep,Sepineo|2%,10,2.0,,2.0,3.9999999999999996,32086.58965823838,30060.0,6.74181523033393,strong_shear_thinning,0.9396627609309175,128.3463586329535,2.4646975118275973,True,0.22393372312168067,93.8562404943467
Sepineo,2%sep_50110,Sepineo|2%,3,2.0,,0.5,0.9999999999999999,89994.32450033045,82550.0,9.017958207547482,strong_shear_thinning,0.8525063828361018,89.99432450033044,1.2428246002106689,True,0.2563773857765846,90.32284467637007
Sepineo,2%sep_50110,Sepineo|2%,3,2.0,,0.6,1.1999999999999997,78826.2439138379,,,strong_shear_thinning,0.8786673908509328,94.59149269660546,1.2546568843454458,True,0.2563773857765846,90.32284467637007
Sepineo,2%sep_50110,Sepineo|2%,3,2.0,,0.7,1.4,70376.54586371139,,,strong_shear_thinning,0.9022037290735432,98.52716420919593,1.201595042183589,True,0.2563773857765846,90.32284467637007
Sepineo,2%sep_50110,Sepineo|2%,3,2.0,,0.8,1.5999999999999999,63679.99664226232,,,strong_shear_thinning,0.924670572987555,101.8879946276197,1.1392035746811704,True,0.2563773857765846,90.32284467637007
Sepineo,2%sep_50110,Sepineo|2%,3,2.0,,0.9,1.7999999999999998,58456.80085003155,,,strong_shear_thinning,0.9259056961007478,105.22224153005678,1.1576729308710294,True,0.2563773857765846,90.32284467637007
Sepineo,2%sep_50110,Sepineo|2%,3,2.0,,1.0,1.9999999999999998,54151.10219919512,50110.0,8.064462580712673,strong_shear_thinning,0.9473665849080973,108.30220439839023,1.1594289375900568,True,0.2563773857765846,90.32284467637007
Sepineo,2%sep_50110,Sepineo|2%,3,2.0,,1.2,2.3999999999999995,47176.30812407997,,,strong_shear_thinning,0.9397938415727257,113.22313949779192,1.0001833876708965,True,0.2563773857765846,90.32284467637007
Sepineo,2%sep_50110,Sepineo|2%,3,2.0,,1.4,2.8,42013.34330874119,,,strong_shear_thinning,0.9380289802099899,117.63736126447533,0.9311249871599838,True,0.2563773857765846,90.32284467637007
Sepineo,2%sep_50110,Sepineo|2%,3,2.0,,1.6,3.1999999999999997,38054.146124085775,,,strong_shear_thinning,0.9619030193554323,121.77326759707448,0.9504750372241383,True,0.2563773857765846,90.32284467637007
Sepineo,2%sep_50110,Sepineo|2%,3,2.0,,1.8,3.5999999999999996,34778.17311001676,,,strong_shear_thinning,0.954086514268151,125.20142319606032,0.879119558009577,True,0.2563773857765846,90.32284467637007
Sepineo,2%sep_50110,Sepineo|2%,3,2.0,,2.0,3.9999999999999996,32129.652790411277,30060.0,6.8850724897248075,strong_shear_thinning,0.9672377754291532,128.51861116164508,0.8298306066783239,True,0.2563773857765846,90.32284467637007
Sepineo,2%sep_50110,Sepineo|2%,7,2.0,,0.5,0.9999999999999999,104105.226687289,82550.0,26.111722213554213,strong_shear_thinning,0.8364937496295453,104.10522668728899,5.856025320354077,True,0.2334863231345079,104.13895150622912
Sepineo,2%sep_50110,Sepineo|2%,7,2.0,,1.0,1.9999999999999998,61670.543958410475,50110.0,23.070333183816555,strong_shear_thinning,0.8558592459759904,123.34108791682094,4.039578806589344,True,0.2334863231345079,104.13895150622912
Sepineo,2%sep_50110,Sepineo|2%,7,2.0,,1.5,2.9999999999999996,44933.58642908204,,,strong_shear_thinning,0.8657782223081163,134.8007592872461,3.0105546042668943,True,0.2334863231345079,104.13895150622912
Sepineo,2%sep_50110,Sepineo|2%,7,2.0,,2.0,3.9999999999999996,35940.887706198504,30060.0,19.563831357945787,strong_shear_thinning,0.888987594823819,143.76355082479398,2.492519987342492,True,0.2334863231345079,104.13895150622912
Solagum,1%sola_522,Solagum|1%,2,1.0,,20.0,39.99999999999999,1876.4297280404498,1394.0,34.60758450792323,strong_shear_thinning,0.9945442391766591,75.05718912161798,0.23840890128118433,True,0.3912926137641063,17.41579675157754
Solagum,1%sola_522,Solagum|1%,2,1.0,,35.0,69.99999999999999,1306.8381091749047,,,strong_shear_thinning,0.9956682315133226,91.47866764224332,0.17035219493240739,True,0.3912926137641063,17.41579675157754
Solagum,1%sola_522,Solagum|1%,2,1.0,,50.0,99.99999999999999,1044.2706920582805,,,strong_shear_thinning,0.99522947447497,104.42706920582803,0.13812363669401484,True,0.3912926137641063,17.41579675157754
Solagum,1%sola_522,Solagum|1%,2,1.0,,65.0,129.99999999999997,889.3825879731012,,,strong_shear_thinning,0.9964774965148534,115.61973643650313,0.11910783523276748,True,0.3912926137641063,17.41579675157754
Solagum,1%sola_522,Solagum|1%,2,1.0,,80.0,159.99999999999997,785.5664112278382,,,strong_shear_thinning,0.9952393701507963,125.6906257964541,0.10656135445726855,True,0.3912926137641063,17.41579675157754
Solagum,1%sola_522,Solagum|1%,2,1.0,,95.0,189.99999999999997,710.4517317363875,522.2,36.04973798092444,strong_shear_thinning,0.9961962954058886,134.98582902991362,0.09796701749768602,True,0.3912926137641063,17.41579675157754
Solagum,1%sola_522,Solagum|1%,2,1.0,,110.0,219.99999999999997,652.605028550697,,,strong_shear_thinning,0.9959719034631327,143.57310628115331,0.09081927806673837,True,0.3912926137641063,17.41579675157754
Solagum,1%sola_522,Solagum|1%,2,1.0,,125.0,249.99999999999994,605.5423065871148,,,strong_shear_thinning,0.9950758638009146,151.38557664677867,0.08434710093717368,True,0.3912926137641063,17.41579675157754
Solagum,1%sola_522,Solagum|1%,2,1.0,,140.0,279.99999999999994,569.5851839145946,,,strong_shear_thinning,0.9969212744798732,159.48385149608646,0.08119408050073176,True,0.3912926137641063,17.41579675157754
Solagum,1%sola_522,Solagum|1%,2,1.0,,155.0,309.99999999999994,537.0847945269137,,,strong_shear_thinning,0.9965161387025965,166.49628630334323,0.07632580883495846,True,0.3912926137641063,17.41579675157754
Solagum,2%sola,Solagum|2%,1,2.0,,0.4,0.7999999999999999,87496.61422832562,,,strong_shear_thinning,0.9335899908274441,69.99729138266049,5.158382966350975,True,0.26123101279732264,74.8364459156104
Solagum,2%sola,Solagum|2%,1,2.0,,0.6,1.1999999999999997,65523.989737763724,,,strong_shear_thinning,0.9425760947928815,78.62878768531645,4.282712439731694,True,0.26123101279732264,74.8364459156104
Solagum,2%sola,Solagum|2%,1,2.0,,0.8,1.5999999999999999,53063.39821336456,,,strong_shear_thinning,0.9469017094287102,84.9014371413833,3.643115955338493,True,0.26123101279732264,74.8364459156104
Solagum,2%sola,Solagum|2%,1,2.0,,1.0,1.9999999999999998,45051.898052032586,,,strong_shear_thinning,0.94921476657512,90.10379610406515,3.1988020917844393,True,0.26123101279732264,74.8364459156104
Solagum,2%sola,Solagum|2%,1,2.0,,1.2,2.3999999999999995,39362.509282931256,,,strong_shear_thinning,0.9509841716325926,94.47002227903499,2.8854967044311217,True,0.26123101279732264,74.8364459156104
Solagum,2%sola,Solagum|2%,1,2.0,,1.4,2.8,35070.53292453086,35860.0,2.2015255869189616,strong_shear_thinning,0.9540990561372154,98.1974921886864,2.614159496451884,True,0.26123101279732264,74.8364459156104
Solagum,2%sola,Solagum|2%,1,2.0,,1.6,3.1999999999999997,31723.358848064716,,,strong_shear_thinning,0.9551817997976491,101.51474831380709,2.4040905092270073,True,0.26123101279732264,74.8364459156104
Solagum,2%sola,Solagum|2%,1,2.0,,1.8,3.5999999999999996,29029.168103484113,,,strong_shear_thinning,0.957279766530132,104.5050051725428,2.2463405665747787,True,0.26123101279732264,74.8364459156104
Solagum,2%sola,Solagum|2%,1,2.0,,2.0,3.9999999999999996,26836.409001747437,,,strong_shear_thinning,0.9582580363362491,107.34563600698974,2.1046540943762553,True,0.26123101279732264,74.8364459156104
Solagum,2%sola,Solagum|2%,1,2.0,,2.4,4.799999999999999,23421.41843772182,,,strong_shear_thinning,0.9599308491077481,112.42280850106471,1.8683696896503579,True,0.26123101279732264,74.8364459156104
Solagum,2%sola,Solagum|2%,1,2.0,,2.8,5.6,20867.604805373358,20910.0,0.2027508112225848,strong_shear_thinning,0.960368814384408,116.85858691009079,1.6954137078991403,True,0.26123101279732264,74.8364459156104
Solagum,2.5%sola,Solagum|2.5%,7,2.5,,0.2,0.39999999999999997,260063.71752329756,,,strong_shear_thinning,0.8661111111692352,104.02548700931901,10.898295655249164,True,0.23537805011987137,129.99788239265615
Solagum,2.5%sola,Solagum|2.5%,7,2.5,,0.3,0.5999999999999999,192466.65761744286,,,strong_shear_thinning,0.8486821886191106,115.47999457046569,8.32225858689086,True,0.23537805011987137,129.99788239265615
Solagum,2.5%sola,Solagum|2.5%,7,2.5,,0.4,0.7999999999999999,154687.00910117937,,,strong_shear_thinning,0.827438336324213,123.74960728094348,6.638422961427766,True,0.23537805011987137,129.99788239265615
Solagum,2.5%sola,Solagum|2.5%,7,2.5,,0.5,0.9999999999999999,130499.14431611063,,,strong_shear_thinning,0.8195753039775636,130.4991443161106,5.647904325437386,True,0.23537805011987137,129.99788239265615
Solagum,2.5%sola,Solagum|2.5%,7,2.5,,0.6,1.1999999999999997,113396.83145645409,,,strong_shear_thinning,0.8198501029618022,136.07619774774489,4.9137270611775286,True,0.23537805011987137,129.99788239265615
Solagum,2.5%sola,Solagum|2.5%,7,2.5,,0.7,1.4,100609.16376623845,,,strong_shear_thinning,0.8150427826674487,140.8528292727338,4.286336894820432,True,0.23537805011987137,129.99788239265615
Solagum,2.5%sola,Solagum|2.5%,7,2.5,,0.8,1.5999999999999999,90833.17178722558,,,strong_shear_thinning,0.8158301851526618,145.33307485956092,3.9591564348182366,True,0.23537805011987137,129.99788239265615
Solagum,2.5%sola,Solagum|2.5%,7,2.5,,0.9,1.7999999999999998,82971.95376387214,,,strong_shear_thinning,0.8207441125697145,149.34951677496983,3.6705141237873393,True,0.23537805011987137,129.99788239265615
Solagum,2.5%sola,Solagum|2.5%,7,2.5,,1.0,1.9999999999999998,76482.54682785257,,,strong_shear_thinning,0.8348318047004887,152.9650936557051,3.3790434571145296,True,0.23537805011987137,129.99788239265615
Solagum,2.5%sola,Solagum|2.5%,7,2.5,,1.2,2.3999999999999995,66388.5164734821,,,strong_shear_thinning,0.835780606765653,159.332439536357,2.9500631016767223,True,0.23537805011987137,129.99788239265615
Solagum,2.5%sola,Solagum|2.5%,7,2.5,,1.4,2.8,58938.554490215756,,,strong_shear_thinning,0.8332863310049897,165.0279525726041,2.679498310827342,True,0.23537805011987137,129.99788239265615
Silicone,l100000_sig_a124800,l100000_sig_a124800,18,,,0.4,0.7999999999999999,92375.18896952459,124800.0,25.981419094932217,newtonian,0.997644871623921,92.67991823650225,27.712556690857376,True,,
Silicone,l10000_sig_a11700,l10000_sig_a11700,9,,,4.3,8.6,13224.177340831564,11700.0,13.027156759244136,newtonian,0.9620801231717462,121.75581686360503,3.967253202249469,True,,
Silicone,l10000_sig_a11700,l10000_sig_a11700,10,,,4.3,8.6,12503.377068604332,11700.0,6.8664706718318955,newtonian,0.980850025642395,123.97986490656321,3.751013120581299,True,,
Silicone,l10000_sl_a11860,l10000_sl_a11860,1,,,4.2,8.399999999999999,8747.425841089558,11860.0,26.244301508519747,newtonian,0.992397991070527,98.66019556833498,2.6242277523268673,True,,
Silicone,l10000_sl_a11860,l10000_sl_a11860,2,,,4.2,8.399999999999999,9713.946865857832,11860.0,18.094883087202092,newtonian,0.9901254247433526,105.13421971752787,2.9141840597573494,True,,
Silicone,l10000_sl_a11860,l10000_sl_a11860,3,,,4.2,8.399999999999999,7704.250023631857,11860.0,35.04005039096241,newtonian,0.9911765036062896,87.40919951165611,2.311275007089557,True,,
Silicone,l10000_sl_a11860,l10000_sl_a11860,4,,,4.2,8.399999999999999,8045.577477027353,11860.0,32.16207860853834,newtonian,0.9818777974439397,90.62356360759674,2.4136732431082057,True,,
Silicone,l10000_sl_a11860,l10000_sl_a11860,5,,,4.2,8.399999999999999,8265.866249573219,11860.0,30.304669059247736,newtonian,0.9888811545118303,93.58777296747228,2.4797598748719656,True,,
Silicone,l10000_sl_a11860,l10000_sl_a11860,7,,,4.2,8.399999999999999,9268.682365230123,11860.0,21.84922120379323,newtonian,0.9824093932584259,101.56740917374186,2.7806047095690367,True,,
Silicone,l10000_sl_a11860,l10000_sl_a11860,8,,,4.2,8.399999999999999,8752.212953728967,11860.0,26.203937995539903,newtonian,0.9843739320692289,97.1952722054794,2.6256638861186903,True,,
Silicone,l10000_sl_a11860,l10000_sl_a11860,9,,,4.2,8.399999999999999,8589.010059559469,11860.0,27.580016361218647,newtonian,0.9903883154046161,95.89970328903941,2.5767030178678403,True,,
Silicone,l10000_sl_a11860,l10000_sl_a11860,10,,,4.2,8.399999999999999,8260.675857492131,11860.0,30.3484329047881,newtonian,0.9861859966420264,91.14964671105115,2.4782027572476393,True,,
Silicone,l10000_sl_a11860,l10000_sl_a11860,11,,,4.2,8.399999999999999,7810.7781231497875,11860.0,34.14183707293603,newtonian,0.9946571069786253,92.50963563702152,2.343233436944936,True,,
Silicone,l10000_sl_a11860,l10000_sl_a11860,12,,,4.2,8.399999999999999,9489.459849790808,11860.0,19.987690979841414,newtonian,0.9883043854194604,102.98200584650574,2.8468379549372425,True,,
Silicone,l10000_sl_a11860,l10000_sl_a11860,16,,,4.2,8.399999999999999,9045.729297003652,11860.0,23.72909530351052,newtonian,0.992900044037432,101.0641046399983,2.713718789101095,True,,
Silicone,l10000_sl_a11860,l10000_sl_a11860,17,,,4.2,8.399999999999999,8763.217231551604,11860.0,26.111153190964554,newtonian,0.9929199065732304,102.175792382013,2.6289651694654808,True,,
Silicone,l10000_sl_a11860,l10000_sl_a11860,18,,,4.2,8.399999999999999,7462.363679361062,11860.0,37.079564254965746,newtonian,0.9873604237807238,84.49258221034627,2.2387091038083184,True,,
Silicone,l1000_b_a1000,l1000_b_a1000,1,,,43.0,85.99999999999999,1208.9478002039768,1000.0,20.894780020397683,newtonian,0.9978472018403182,131.4755016694248,0.36268434006119304,True,,
Silicone,l1000_sig_a1116,l1000_sig_a1116,1,,,45.0,89.99999999999999,1210.5018872453456,1116.0,8.467911043489753,newtonian,0.9741533951378178,125.84840690376537,0.3631505661736037,True,,
Silicone,l1000_sig_a1116,l1000_sig_a1116,2,,,45.0,89.99999999999999,1222.0804818817994,1116.0,9.50541952345873,newtonian,0.9938570686971846,132.59857142601413,0.3666241445645398,True,,
Silicone,l1000_sl_a1154,l1000_sl_a1154,2,,,43.0,85.99999999999999,1245.0883481041938,1154.0,7.893271066221296,newtonian,0.9965524757852744,137.2357962313174,0.37352650443125807,True,,
Silicone,l10_sdl_a9.194,l10_sdl_a9.194,5,,,5.5,10.999999999999996,7897.144105192014,9194.0,14.105458938524976,newtonian,0.9957609275640267,114.04486176362624,2.369143231557604,True,,
Silicone,l10_sil_a11.86,l10_sil_a11.86,6,,,4.2,8.399999999999999,8893.100289311242,11860.0,25.016017796701163,newtonian,0.9898563814819349,99.37095848390169,2.667930086793372,True,,
Silicone,l12.5_b_a14.57,l12.5_b_a14.57,7,,,3.5,6.999999999999999,12239.931952732195,14570.0,15.992230935262905,newtonian,0.9893274513172706,113.44891052924288,3.6719795858196584,True,,
Silicone,l12500_b_14590,l12500_b_14590,1,,,3.5,6.999999999999999,14044.563362019884,14590.0,3.7384279505148448,newtonian,0.9964105658943073,124.68692997874116,4.213369008605965,True,,
Silicone,l12500_b_14590,l12500_b_14590,2,,,3.5,6.999999999999999,13281.231930822101,14590.0,8.970308904577784,newtonian,0.9970009114614637,122.80211910918646,3.9843695792466303,True,,
Silicone,l12500_b_14590,l12500_b_14590,3,,,3.5,6.999999999999999,10459.607506283537,14590.0,28.309749785582337,newtonian,0.9981494342514544,106.27353770760848,3.1378822518850606,True,,
Silicone,l12500_b_14590,l12500_b_14590,4,,,3.5,6.999999999999999,10608.130297789081,14590.0,27.291773147436043,newtonian,0.995092586177428,105.68748793290456,3.182439089336724,True,,
Silicone,l12500_b_14590,l12500_b_14590,5,,,3.5,6.999999999999999,11521.800445503255,14590.0,21.029469187777554,newtonian,0.9956654057016292,108.18320691992062,3.456540133650976,True,,
Silicone,l12500_b_14590,l12500_b_14590,6,,,3.5,6.999999999999999,11755.22186107711,14590.0,19.429596565612677,newtonian,0.9969761998055684,110.07767377883368,3.526566558323133,True,,
Silicone,l12500_b_14590,l12500_b_14590,8,,,4.0,7.999999999999999,12298.14478416035,14590.0,15.708397641121662,newtonian,0.9949519839906209,132.1389845028679,3.6894434352481045,True,,
Silicone,l15000_sdl_a19000,l15000_sdl_a19000,9,,,2.6,5.199999999999999,18537.36320190081,19000.0,2.434930516311521,newtonian,0.9921798648016327,116.42681461065817,5.561208960570243,True,,
Silicone,l15_sdl_a19,l15_sdl_a19,8,,,2.6,5.199999999999999,15651.470260339996,19000.0,17.62384073505265,newtonian,0.988744648705281,107.91485281444986,4.695441078101998,True,,
Silicone,l1_b,l1_b,1,,,40.0,79.99999999999999,1118.592356937725,,,newtonian,0.9952036629243957,115.66265957759353,0.3355777070813175,True,,
Silicone,l1_sil_a1.154,l1_sil_a1.154,2,,,43.0,85.99999999999999,1128.6387130065311,1154.0,2.1976851814097804,newtonian,0.9975778255905301,130.3892359388029,0.3385916139019593,True,,
Silicone,l2000_sdl_a3347,l2000_sdl_a3347,3,,,15.0,29.999999999999993,2328.034597273891,3347.0,30.444141103259906,newtonian,0.9908560171683312,99.43790703303875,0.6984103791821672,True,,
Silicone,l20_sdl_a24.38,l20_sdl_a24.38,9,,,2.1,4.199999999999999,21973.943015499684,24380.0,9.868978607466431,newtonian,0.9952831286125391,119.37295060712212,6.5921829046499045,True,,
Silicone,l25000_sdl_a22730,l25000_sdl_a22730,10,,,2.2,4.4,20910.98611197865,22730.0,8.002700783199952,newtonian,0.9946676118662623,115.73629274809458,6.273295833593594,True,,
Silicone,l30000_b_a31870,l30000_b_a31870,11,,,1.7,3.3999999999999995,25211.54844197714,31870.0,20.892537050589464,newtonian,0.9938264649866255,113.49717044543604,7.563464532593141,True,,
Silicone,l30_b_a31.87,l30_b_a31.87,11,,,1.7,3.3999999999999995,24999.051782915307,31870.0,21.559297825807008,newtonian,0.9958527889454526,112.72387406694078,7.499715534874591,True,,
Silicone,l4000_sdl_a6611,l4000_sdl_a6611,4,,,8.0,15.999999999999998,5805.82390928695,6611.0,12.179338840009835,newtonian,0.9919902100469199,121.50071984838178,1.7417471727860847,True,,
Silicone,l40_sdl_a62.6,l40_sdl_a62.6,12,,,0.8,1.5999999999999999,64465.38223544914,62600.0,2.9798438265960736,newtonian,0.9943058594167057,137.03456809776696,19.33961467063474,True,,
Silicone,l45000_sdl_a40850,l45000_sdl_a40850,12,,,1.2,2.3999999999999995,34373.34450335964,40850.0,15.85472581796905,newtonian,0.9907452839460643,107.78100023242166,10.312003351007892,True,,
Silicone,l45_sdl_a40.6,l45_sdl_a40.6,13,,,1.2,2.3999999999999995,39026.01183490137,40600.0,3.876818140637015,newtonian,0.9983931234780228,119.29445990541058,11.70780355047041,True,,
Silicone,l5000_b_a5856,l5000_b_a5856,5,,,9.0,17.999999999999996,4126.041908911887,5856.0,29.541634069127614,newtonian,0.992936216335265,102.16573954135542,1.2378125726735658,True,,
Silicone,l50_sdl_a79.7,l50_sdl_a79.7,14,,,0.6,1.1999999999999997,58152.53605114803,79700.0,27.035713863051402,newtonian,0.9969708398669953,100.20919073807143,17.445760815344407,True,,
Silicone,l55000_sdl_a48520,l55000_sdl_a48520,13,,,1.0,1.9999999999999998,39227.40341901953,48520.0,19.15209517926725,newtonian,0.9882914652108276,104.58525792840192,11.768221025705857,True,,
Silicone,l5_b_5.865,l5_b_5.865,4,,,9.0,17.999999999999996,4967.170705402489,5865.0,15.30825736739149,newtonian,0.991310209988938,116.97868777818205,1.4901512116207465,True,,
Silicone,l60000_b_a69080,l60000_b_a69080,15,,,0.8,1.5999999999999999,69972.94072783865,69080.0,1.2926183089731467,newtonian,0.992746944284689,137.57030943550816,20.99188221835159,True,,
Silicone,l60000_sig_a74560,l60000_sig_a74560,16,,,0.7,1.4,80535.11650984798,74560.0,8.013836520718861,newtonian,0.9964670903595906,139.8235333580813,24.160534952954393,True,,
Silicone,l60000_sig_a74560,l60000_sig_a74560,17,,,0.7,1.4,74615.47101879638,74560.0,0.07439782563892061,newtonian,0.9928749861506154,131.94931689984176,22.38464130563891,True,,
Silicone,l60000_sil_a37020,l60000_sil_a37020,1,,,1.3,2.5999999999999996,29326.370807868014,37020.0,20.782358703760092,newtonian,0.998762995140717,106.2868588664059,8.797911242360403,True,,
Silicone,l60000_sil_a37020,l60000_sil_a37020,2,,,1.3,2.5999999999999996,31048.560875690255,37020.0,16.130305576201366,newtonian,0.9968275612748637,107.78975639751427,9.314568262707075,True,,
Silicone,l60000_sil_a37020,l60000_sil_a37020,3,,,1.3,2.5999999999999996,21630.207096675345,37020.0,41.57156375830539,newtonian,0.9908432320463891,85.64897792267921,6.489062129002603,True,,
Silicone,l60000_sil_a37020,l60000_sil_a37020,4,,,1.3,2.5999999999999996,23533.902455635958,37020.0,36.42922081135614,newtonian,0.9932278733767349,89.97026109246931,7.060170736690787,True,,
Silicone,l60000_sil_a37020,l60000_sil_a37020,5,,,1.3,2.5999999999999996,24565.654530235675,37020.0,33.64220818412837,newtonian,0.9869787536599435,90.21049756059845,7.369696359070701,True,,
Silicone,l60000_sil_a37020,l60000_sil_a37020,6,,,1.3,2.5999999999999996,27085.304537897442,37020.0,26.83602231794316,newtonian,0.9897940532168171,95.13128057347535,8.125591361369231,True,,
Silicone,l60000_sil_a37020,l60000_sil_a37020,7,,,1.3,2.5999999999999996,30437.728241623554,37020.0,17.780312691454473,newtonian,0.9925936311941755,104.01433512439742,9.131318472487065,True,,
Silicone,l60000_sil_a37020,l60000_sil_a37020,8,,,1.3,2.5999999999999996,28603.166387662317,37020.0,22.73590927157667,newtonian,0.9940547767215591,101.88361345267874,8.580949916298694,True,,
Silicone,l60000_sil_a37020,l60000_sil_a37020,9,,,1.3,2.5999999999999996,28392.172030007474,37020.0,23.30585621283773,newtonian,0.9901303474490374,98.80496238993959,8.517651609002241,True,,
Silicone,l60000_sil_a37020,l60000_sil_a37020,10,,,1.3,2.5999999999999996,27797.570004443765,37020.0,24.912020517439856,newtonian,0.9923988235833029,96.50387295727008,8.33927100133313,True,,
Silicone,l60000_sil_a37020,l60000_sil_a37020,11,,,1.3,2.5999999999999996,27210.838029965318,37020.0,26.496925905009945,newtonian,0.993508072767332,97.56180151179471,8.163251408989595,True,,
Silicone,l60000_sil_a37020,l60000_sil_a37020,12,,,1.3,2.5999999999999996,25921.01654584945,37020.0,29.981046607646004,newtonian,0.990332105892124,94.61817117279591,7.776304963754834,True,,
Silicone,l60000_sil_a37020,l60000_sil_a37020,13,,,1.3,2.5999999999999996,26565.903142204574,37020.0,28.239051479728328,newtonian,0.9938568629392406,97.01375583737868,7.969770942661372,True,,
Silicone,l60000_sil_a37020,l60000_sil_a37020,14,,,1.3,2.5999999999999996,26078.09613636123,37020.0,29.55673653062877,newtonian,0.9942306672290157,95.51117659186929,7.8234288409083685,True,,
Silicone,l60000_sil_a37020,l60000_sil_a37020,16,,,1.3,2.5999999999999996,31162.426454190267,37020.0,15.822727028119214,newtonian,0.9925155094618586,105.00819861622462,9.34872793625708,True,,
Silicone,l60000_sil_a37020,l60000_sil_a37020,17,,,1.3,2.5999999999999996,27913.289401882226,37020.0,24.59943435472116,newtonian,0.9910389176274108,100.57717813023056,8.373986820564667,True,,
Silicone,l60000_sl_a37020,l60000_sl_a37020,14,,,1.4,2.8,26051.492949117717,37020.0,29.628598192550736,newtonian,0.9900986840238766,101.38126397295382,7.815447884735314,True,,
Silicone,l60_b_a69.08,l60_b_a69.08,16,,,0.8,1.5999999999999999,62460.10922510995,69080.0,9.582933953228217,newtonian,0.996094258724389,129.28810274673225,18.73803276753298,True,,
Silicone,l60_sil_a37,l60_sil_a37,15,,,1.4,2.8,33354.397146493146,37000.0,9.852980685153662,newtonian,0.9955331297035799,117.41578462656774,10.006319143947943,True,,
Silicone,l70_sdl_a99.22,l70_sdl_a99.22,17,,,0.5,0.9999999999999999,60861.90107250616,99220.0,38.659644151878496,newtonian,0.9964801292644894,99.36488085601984,18.258570321751847,True,,
Silicone,l75000_sdl_70730,l75000_sdl_70730,16,,,0.7,1.4,73857.33841396752,70730.0,4.421516208069445,newtonian,0.9927982219499745,124.52395964734694,22.157201524190253,True,,
Silicone,l8000_sdl_a8930,l8000_sdl_a8930,6,,,5.6,11.2,7713.310926284518,8930.0,13.624737667586583,newtonian,0.9919627417457363,113.97042898671017,2.313993277885355,True,,
Silicone,l95000_sdl_a93270,l95000_sdl_a93270,17,,,0.5,0.9999999999999999,81040.10150459986,93270.0,13.11236034673543,newtonian,0.9916893397423581,105.6383757676076,24.312030451379957,True,,
TIMS,HY500,HY500,7,,,0.1,0.19999999999999998,,,,newtonian,0.6702047359240978,197.57169417775074,94.248847203728,False,,
TIMS,HY500,HY500,7,,,0.2,0.39999999999999997,270388.5066004914,,,newtonian,0.9188051404893804,200.61670845643542,81.11655198014742,True,,
TIMS,HY500,HY500,7,,,0.3,0.5999999999999999,,,,newtonian,,195.7050001127484,,False,,
TIMS,SYY,SYY,1,,,0.1,0.19999999999999998,,,,,0.0032208154516619736,129.49693614766434,2.094746276844436,False,,
TIMS,SYY,SYY,1,,,0.2,0.39999999999999997,,,,,0.12123430093306375,157.99380831020054,13.229379680014658,False,,
TIMS,SYY,SYY,1,,,0.3,0.5999999999999999,,,,,0.06405846957993855,146.6347763401861,-9.191120947361425,False,,
TIMS,SYY,SYY,1,,,0.4,0.7999999999999999,,,,,0.004787839451810272,177.71324667772555,-1.1831559519070822,False,,
TIMS,SYY,SYY,1,,,0.5,0.9999999999999999,,,,,0.00956145332870284,158.35126036520097,-2.319536863769928,False,,
TIMS,SYY,SYY,1,,,0.6,1.1999999999999997,,,,,0.03571079380283848,173.06636996271968,2.225273198040536,False,,
TIMS,SYY,SYY,1,,,0.7,1.4,,,,,0.17387347346913928,194.25533344524655,2.9821197203844916,False,,
TIMS,sekisuiB41,sekisuiB41,11,,,0.1,0.19999999999999998,367261.22169348435,,,newtonian,0.7972571285961363,174.68110284930856,110.17836650804529,True,,
TIMS,sekisuiB41,sekisuiB41,11,,,0.2,0.39999999999999997,,,,newtonian,0.369351226942472,194.97023755524748,24.6519488411597,False,,
TIMS,sekisuiB41,sekisuiB41,11,,,0.3,0.5999999999999999,,,,newtonian,0.052639096831875065,194.65250239524704,-3.630030314810596,False,,
