pathway_name,sample_id,label,cell,rpm,provider_bucket,viscosity_bucket_kcp,mu_true_cP,mu_pred_cP,abs_pct_err,R2_drag,A
current_fixed_logic,l100000_sig_a124800,l100000_sig_a124800,18,0.4,sig,40+,124800.0,91728.8380683838,26.49932847084631,0.9949498165829933,39.368600029349274
old_app_v6_p2007,l100000_sig_a124800,l100000_sig_a124800,18,0.4,sig,40+,124800.0,65963.3218097003,47.14477419094527,0.997644871623921,27.712556690857376
linear_plus_middle_trim,l100000_sig_a124800,l100000_sig_a124800,18,0.4,sig,40+,124800.0,92403.96342349706,25.95836264142864,0.9934348327006866,27.721189027049114
app_v4_reference,l100000_sig_a124800,l100000_sig_a124800,18,0.4,sig,40+,124800.0,91728.8380683838,26.49932847084631,,39.368600029349274
current_fixed_logic,l10000_sdl_a9194,l10000_sdl_a9194,5,5.5,sdl,5-15,9194.0,10099.04879743851,9.843906867941163,0.9991823933878101,4.334355707055154
old_app_v6_p2007,l10000_sdl_a9194,l10000_sdl_a9194,5,5.5,sdl,5-15,9194.0,19430.30450209998,111.33679032086123,0.9959242912568619,2.3840480910131014
linear_plus_middle_trim,l10000_sdl_a9194,l10000_sdl_a9194,5,5.5,sdl,5-15,9194.0,5749.526797055155,37.4643593968332,0.9969490382081454,1.7248580391165464
app_v4_reference,l10000_sdl_a9194,l10000_sdl_a9194,5,5.5,sdl,5-15,9194.0,10099.04879743851,9.843906867941163,,4.334355707055154
current_fixed_logic,l10000_sl_a11860,l10000_sl_a11860,1,4.2,sil_sl,5-15,11860.0,13070.605347030232,10.207464983391503,0.9998623622872355,5.609701865678211
old_app_v6_p2007,l10000_sl_a11860,l10000_sl_a11860,1,4.2,sil_sl,5-15,11860.0,20382.1580948931,71.85630771410709,0.992397991070527,2.6242277523268673
linear_plus_middle_trim,l10000_sl_a11860,l10000_sl_a11860,1,4.2,sil_sl,5-15,11860.0,4084.490033723632,65.56079229575352,0.9885798187343704,1.2253470101170896
app_v4_reference,l10000_sl_a11860,l10000_sl_a11860,1,4.2,sil_sl,5-15,11860.0,13070.605347030232,10.207464983391503,,5.609701865678211
current_fixed_logic,l10000_sl_a11860,l10000_sl_a11860,2,4.2,sil_sl,5-15,11860.0,12701.27939525124,7.0934181724387875,0.9995757708192057,5.451192873498386
old_app_v6_p2007,l10000_sl_a11860,l10000_sl_a11860,2,4.2,sil_sl,5-15,11860.0,21367.958281072348,80.16828230246499,0.9915490541935511,2.885166204841396
linear_plus_middle_trim,l10000_sl_a11860,l10000_sl_a11860,2,4.2,sil_sl,5-15,11860.0,4737.5341028852,60.054518525419894,0.9876549610188347,1.4212602308655597
app_v4_reference,l10000_sl_a11860,l10000_sl_a11860,2,4.2,sil_sl,5-15,11860.0,12701.27939525124,7.0934181724387875,,5.451192873498386
current_fixed_logic,l10000_sl_a11860,l10000_sl_a11860,3,4.2,sil_sl,5-15,11860.0,11478.500999680602,3.2166863433338784,0.9993585144264129,4.926395278832876
old_app_v6_p2007,l10000_sl_a11860,l10000_sl_a11860,3,4.2,sil_sl,5-15,11860.0,19213.228220051875,62.000237943101816,0.9902837786614177,2.3308929397424594
linear_plus_middle_trim,l10000_sl_a11860,l10000_sl_a11860,3,4.2,sil_sl,5-15,11860.0,3788.0113334302696,68.06061270294882,0.9863069194197924,1.1364034000290808
app_v4_reference,l10000_sl_a11860,l10000_sl_a11860,3,4.2,sil_sl,5-15,11860.0,11478.500999680602,3.2166863433338784,,4.926395278832876
current_fixed_logic,l10000_sl_a11860,l10000_sl_a11860,4,4.2,sil_sl,5-15,11860.0,10861.379443127664,8.420072149007895,0.9978002980997824,4.661536241685693
old_app_v6_p2007,l10000_sl_a11860,l10000_sl_a11860,4,4.2,sil_sl,5-15,11860.0,19550.235153812093,64.84178038627397,0.9818777974439397,2.4136732431082057
linear_plus_middle_trim,l10000_sl_a11860,l10000_sl_a11860,4,4.2,sil_sl,5-15,11860.0,4399.919582079212,62.90118396223261,0.9843714812893725,1.3199758746237635
app_v4_reference,l10000_sl_a11860,l10000_sl_a11860,4,4.2,sil_sl,5-15,11860.0,10861.379443127664,8.420072149007895,,4.661536241685693
current_fixed_logic,l10000_sl_a11860,l10000_sl_a11860,5,4.2,sil_sl,5-15,11860.0,11869.515603764377,0.08023274674854447,0.9993581332971745,5.094212705478273
old_app_v6_p2007,l10000_sl_a11860,l10000_sl_a11860,5,4.2,sil_sl,5-15,11860.0,19815.138114515223,67.07536352879615,0.9888811545118303,2.4797598748719656
linear_plus_middle_trim,l10000_sl_a11860,l10000_sl_a11860,5,4.2,sil_sl,5-15,11860.0,4310.600698411666,63.65429427983418,0.9886132573137666,1.2931802095234997
app_v4_reference,l10000_sl_a11860,l10000_sl_a11860,5,4.2,sil_sl,5-15,11860.0,11869.515603764377,0.08023274674854447,,5.094212705478273
current_fixed_logic,l10000_sl_a11860,l10000_sl_a11860,6,4.2,sil_sl,5-15,11860.0,11817.783676705061,0.35595550838902845,0.9996922769980905,5.072010161675991
old_app_v6_p2007,l10000_sl_a11860,l10000_sl_a11860,6,4.2,sil_sl,5-15,11860.0,20425.54363822148,72.22212173879831,0.9905076571003524,2.6354507527766664
linear_plus_middle_trim,l10000_sl_a11860,l10000_sl_a11860,6,4.2,sil_sl,5-15,11860.0,5552.996851511337,53.17877865504775,0.9955638826269566,1.665899055453401
app_v4_reference,l10000_sl_a11860,l10000_sl_a11860,6,4.2,sil_sl,5-15,11860.0,11817.783676705061,0.35595550838902845,,5.072010161675991
current_fixed_logic,l10000_sl_a11860,l10000_sl_a11860,7,4.2,sil_sl,5-15,11860.0,13220.252315695612,11.469243808563341,0.9997509266651657,5.673928032487387
old_app_v6_p2007,l10000_sl_a11860,l10000_sl_a11860,7,4.2,sil_sl,5-15,11860.0,21594.15831064228,82.07553381654537,0.9931012179183355,2.9467911503855966
linear_plus_middle_trim,l10000_sl_a11860,l10000_sl_a11860,7,4.2,sil_sl,5-15,11860.0,4980.000932156281,58.01011018417976,0.9906987362039007,1.494000279646884
app_v4_reference,l10000_sl_a11860,l10000_sl_a11860,7,4.2,sil_sl,5-15,11860.0,13220.252315695612,11.469243808563341,,5.673928032487387
current_fixed_logic,l10000_sl_a11860,l10000_sl_a11860,7,4.2,sil_sl,5-15,11860.0,11318.752399497922,4.5636391273362396,0.9986104551209382,4.857833647853186
old_app_v6_p2007,l10000_sl_a11860,l10000_sl_a11860,7,4.2,sil_sl,5-15,11860.0,21341.42244658673,79.94454002181054,0.9885193166587055,2.8779797236203435
linear_plus_middle_trim,l10000_sl_a11860,l10000_sl_a11860,7,4.2,sil_sl,5-15,11860.0,5002.538432036981,57.820080674224435,0.9877221676899818,1.5007615296110943
app_v4_reference,l10000_sl_a11860,l10000_sl_a11860,7,4.2,sil_sl,5-15,11860.0,11318.752399497922,4.5636391273362396,,4.857833647853186
current_fixed_logic,l10000_sl_a11860,l10000_sl_a11860,8,4.2,sil_sl,5-15,11860.0,11263.581807211836,5.02882118708401,0.997461750734303,4.834155282065166
old_app_v6_p2007,l10000_sl_a11860,l10000_sl_a11860,8,4.2,sil_sl,5-15,11860.0,20387.715045768688,71.9031622746095,0.9843739320692289,2.6256638861186903
linear_plus_middle_trim,l10000_sl_a11860,l10000_sl_a11860,8,4.2,sil_sl,5-15,11860.0,4940.6279665315005,58.34209134459106,0.9865143531318469,1.48218838995945
app_v4_reference,l10000_sl_a11860,l10000_sl_a11860,8,4.2,sil_sl,5-15,11860.0,11263.581807211836,5.02882118708401,,4.834155282065166
current_fixed_logic,l10000_sl_a11860,l10000_sl_a11860,9,4.2,sil_sl,5-15,11860.0,10781.350655658873,9.094851132724514,0.9992642710101044,4.627189122600375
old_app_v6_p2007,l10000_sl_a11860,l10000_sl_a11860,9,4.2,sil_sl,5-15,11860.0,20197.398230429597,70.29846737293083,0.9903883154046161,2.5767030178678403
linear_plus_middle_trim,l10000_sl_a11860,l10000_sl_a11860,9,4.2,sil_sl,5-15,11860.0,5925.090724158682,50.041393556840795,0.99548653184116,1.7775272172476044
app_v4_reference,l10000_sl_a11860,l10000_sl_a11860,9,4.2,sil_sl,5-15,11860.0,10781.350655658873,9.094851132724514,,4.627189122600375
current_fixed_logic,l10000_sl_a11860,l10000_sl_a11860,10,4.2,sil_sl,5-15,11860.0,10198.881397690957,14.006059041391595,0.9988317191982491,4.377202316605561
old_app_v6_p2007,l10000_sl_a11860,l10000_sl_a11860,10,4.2,sil_sl,5-15,11860.0,19808.93756822809,67.0230823628001,0.9861859966420264,2.4782027572476393
linear_plus_middle_trim,l10000_sl_a11860,l10000_sl_a11860,10,4.2,sil_sl,5-15,11860.0,5846.962646082372,50.70014632308287,0.9959901298780564,1.7540887938247114
app_v4_reference,l10000_sl_a11860,l10000_sl_a11860,10,4.2,sil_sl,5-15,11860.0,10198.881397690957,14.006059041391595,,4.377202316605561
current_fixed_logic,l10000_sl_a11860,l10000_sl_a11860,11,4.2,sil_sl,5-15,11860.0,11438.660439053501,3.5526101260244416,0.9995158783677252,4.909296325774035
old_app_v6_p2007,l10000_sl_a11860,l10000_sl_a11860,11,4.2,sil_sl,5-15,11860.0,19263.84419590165,62.42701682885033,0.9946571069786253,2.343233436944936
linear_plus_middle_trim,l10000_sl_a11860,l10000_sl_a11860,11,4.2,sil_sl,5-15,11860.0,5377.167785096669,54.661317157700935,0.9967622279359893,1.6131503355290007
app_v4_reference,l10000_sl_a11860,l10000_sl_a11860,11,4.2,sil_sl,5-15,11860.0,11438.660439053501,3.5526101260244416,,4.909296325774035
current_fixed_logic,l10000_sl_a11860,l10000_sl_a11860,12,4.2,sil_sl,5-15,11860.0,11881.158079989787,0.17839865084137807,0.998954314144471,5.099209476390467
old_app_v6_p2007,l10000_sl_a11860,l10000_sl_a11860,12,4.2,sil_sl,5-15,11860.0,21226.04649654627,78.97172425418441,0.9883043854194604,2.8468379549372425
linear_plus_middle_trim,l10000_sl_a11860,l10000_sl_a11860,12,4.2,sil_sl,5-15,11860.0,4935.337072955952,58.386702588904285,0.9886039215983995,1.4806011218867854
app_v4_reference,l10000_sl_a11860,l10000_sl_a11860,12,4.2,sil_sl,5-15,11860.0,11881.158079989787,0.17839865084137807,,5.099209476390467
current_fixed_logic,l10000_sl_a11860,l10000_sl_a11860,16,4.2,sil_sl,5-15,11860.0,12875.926272671148,8.565988808357062,0.9999511124617703,5.526148614880321
old_app_v6_p2007,l10000_sl_a11860,l10000_sl_a11860,16,4.2,sil_sl,5-15,11860.0,20576.245050542107,73.49279131991659,0.9928441055999625,2.6746210042680216
linear_plus_middle_trim,l10000_sl_a11860,l10000_sl_a11860,16,4.2,sil_sl,5-15,11860.0,4121.073618545966,65.25233036639152,0.99154996400679,1.2363220855637898
app_v4_reference,l10000_sl_a11860,l10000_sl_a11860,16,4.2,sil_sl,5-15,11860.0,12875.926272671148,8.565988808357062,,5.526148614880321
current_fixed_logic,l10000_sl_a11860,l10000_sl_a11860,16,4.2,sil_sl,5-15,11860.0,12903.57123172351,8.799082898174621,0.9999562757499096,5.5380134041731806
old_app_v6_p2007,l10000_sl_a11860,l10000_sl_a11860,16,4.2,sil_sl,5-15,11860.0,18432.298254506397,55.41566825047553,0.9906142906509265,2.144640365468396
linear_plus_middle_trim,l10000_sl_a11860,l10000_sl_a11860,16,4.2,sil_sl,5-15,11860.0,6507.372470874185,45.13176668740148,0.9936680607247764,1.9522117412622553
app_v4_reference,l10000_sl_a11860,l10000_sl_a11860,16,4.2,sil_sl,5-15,11860.0,12903.57123172351,8.799082898174621,,5.5380134041731806
current_fixed_logic,l10000_sl_a11860,l10000_sl_a11860,17,4.2,sil_sl,5-15,11860.0,13620.01240739685,14.839902254610884,0.9998636561942099,5.845498887294786
old_app_v6_p2007,l10000_sl_a11860,l10000_sl_a11860,17,4.2,sil_sl,5-15,11860.0,20400.48319441445,72.01081951445573,0.9929199065732304,2.6289651694654808
linear_plus_middle_trim,l10000_sl_a11860,l10000_sl_a11860,17,4.2,sil_sl,5-15,11860.0,4729.680065200565,60.12074144013014,0.9924502589048401,1.4189040195601694
app_v4_reference,l10000_sl_a11860,l10000_sl_a11860,17,4.2,sil_sl,5-15,11860.0,13620.01240739685,14.839902254610884,,5.845498887294786
current_fixed_logic,l10000_sl_a11860,l10000_sl_a11860,18,4.2,sil_sl,5-15,11860.0,9780.061013065404,17.537428220359157,0.9964522317398761,4.197451078568843
old_app_v6_p2007,l10000_sl_a11860,l10000_sl_a11860,18,4.2,sil_sl,5-15,11860.0,18162.614133502135,53.14177178332322,0.9829441532689686,2.082127894142734
linear_plus_middle_trim,l10000_sl_a11860,l10000_sl_a11860,18,4.2,sil_sl,5-15,11860.0,4505.325250105219,62.01243465341299,0.9888831887903387,1.3515975750315656
app_v4_reference,l10000_sl_a11860,l10000_sl_a11860,18,4.2,sil_sl,5-15,11860.0,9780.061013065404,17.537428220359157,,4.197451078568843
current_fixed_logic,l1000_b_a1000,l1000_b_a1000,1,43.0,b,0-5,1000.0,1479.3919704245027,47.93919704245027,0.9999183063781163,0.6349321761478552
old_app_v6_p2007,l1000_b_a1000,l1000_b_a1000,1,43.0,b,0-5,1000.0,7603.484015119298,660.3484015119299,0.9978472018403182,0.36268434006119304
linear_plus_middle_trim,l1000_b_a1000,l1000_b_a1000,1,43.0,b,0-5,1000.0,585.7941021597212,41.420589784027875,0.9941523887811103,0.17573823064791635
app_v4_reference,l1000_b_a1000,l1000_b_a1000,1,43.0,b,0-5,1000.0,1479.3919704245027,47.93919704245027,,0.6349321761478552
current_fixed_logic,l1000_sl_a1154,l1000_sl_a1154,2,43.0,sil_sl,0-5,1154.0,965.5678129578808,16.32861239533095,0.7350078484562974,0.28967034388736423
old_app_v6_p2007,l1000_sl_a1154,l1000_sl_a1154,2,43.0,sil_sl,0-5,1154.0,7100.092244352156,515.2592932714173,0.7420279743177863,0.3160991086846833
linear_plus_middle_trim,l1000_sl_a1154,l1000_sl_a1154,2,43.0,sil_sl,0-5,1154.0,700.2935819664154,39.31598076547527,0.41379880844519157,0.21008807458992462
app_v4_reference,l1000_sl_a1154,l1000_sl_a1154,2,43.0,sil_sl,0-5,1154.0,2281.31896229284,97.68795167182321,,0.979106850769459
current_fixed_logic,l1000_sl_a1154,l1000_sl_a1154,2,43.0,sil_sl,0-5,1154.0,1548.7988161981632,34.21133589238849,0.9990348624351072,0.6647205219734605
old_app_v6_p2007,l1000_sl_a1154,l1000_sl_a1154,2,43.0,sil_sl,0-5,1154.0,7404.602695410869,541.6466807115138,0.9953875084704733,0.34389548578031115
linear_plus_middle_trim,l1000_sl_a1154,l1000_sl_a1154,2,43.0,sil_sl,0-5,1154.0,417.685037032108,63.80545606307555,0.9887553429584599,0.1253055111096324
app_v4_reference,l1000_sl_a1154,l1000_sl_a1154,2,43.0,sil_sl,0-5,1154.0,1548.7988161981632,34.21133589238849,,0.6647205219734605
current_fixed_logic,l12500_b_14590,l12500_b_14590,1,3.5,b,5-15,14590.0,17780.328919244792,21.866545025666838,0.9999308607487356,7.6310424546114985
old_app_v6_p2007,l12500_b_14590,l12500_b_14590,1,3.5,b,5-15,14590.0,22426.465792921077,53.7112117403775,0.9916400231240128,3.179167742361453
linear_plus_middle_trim,l12500_b_14590,l12500_b_14590,1,3.5,b,5-15,14590.0,5571.384405016166,61.813677827168156,0.9915213479857347,1.6714153215048497
app_v4_reference,l12500_b_14590,l12500_b_14590,1,3.5,b,5-15,14590.0,17780.328919244792,21.866545025666838,,7.6310424546114985
current_fixed_logic,l12500_b_14590,l12500_b_14590,2,3.5,b,5-15,14590.0,18020.902870174767,23.51544119379552,0.9996733310931017,7.734293077328225
old_app_v6_p2007,l12500_b_14590,l12500_b_14590,2,3.5,b,5-15,14590.0,22412.999035540848,53.61891045607161,0.9943489289675748,3.1753374520908437
linear_plus_middle_trim,l12500_b_14590,l12500_b_14590,2,3.5,b,5-15,14590.0,6127.44498246272,58.00243329360714,0.9945565984557623,1.8382334947388157
app_v4_reference,l12500_b_14590,l12500_b_14590,2,3.5,b,5-15,14590.0,18020.902870174767,23.51544119379552,,7.734293077328225
current_fixed_logic,l12500_b_14590,l12500_b_14590,3,3.5,b,5-15,14590.0,16896.223369713585,15.80687710564486,0.9997071907004026,7.251598012752611
old_app_v6_p2007,l12500_b_14590,l12500_b_14590,3,3.5,b,5-15,14590.0,21313.47193991057,46.082741191984724,0.9972839364561445,2.8704198428477867
linear_plus_middle_trim,l12500_b_14590,l12500_b_14590,3,3.5,b,5-15,14590.0,6202.1947897944365,57.490097396885275,0.9976174690329557,1.8606584369383308
app_v4_reference,l12500_b_14590,l12500_b_14590,3,3.5,b,5-15,14590.0,16896.223369713585,15.80687710564486,,7.251598012752611
current_fixed_logic,l12500_b_14590,l12500_b_14590,4,3.5,b,5-15,14590.0,16604.89378089064,13.810101308366287,0.9998162009263892,7.126563854459503
old_app_v6_p2007,l12500_b_14590,l12500_b_14590,4,3.5,b,5-15,14590.0,22437.960940845667,53.78999959455563,0.995092586177428,3.182439089336724
linear_plus_middle_trim,l12500_b_14590,l12500_b_14590,4,3.5,b,5-15,14590.0,6347.13080839718,56.49670453463208,0.9952604769797756,1.904139242519154
app_v4_reference,l12500_b_14590,l12500_b_14590,4,3.5,b,5-15,14590.0,16604.89378089064,13.810101308366287,,7.126563854459503
current_fixed_logic,l12500_b_14590,l12500_b_14590,5,3.5,b,5-15,14590.0,15609.606008619694,6.988389366824497,0.999740791428126,6.699401720437637
old_app_v6_p2007,l12500_b_14590,l12500_b_14590,5,3.5,b,5-15,14590.0,22163.741280039427,51.910495408083804,0.9958416790111003,3.104860458529431
linear_plus_middle_trim,l12500_b_14590,l12500_b_14590,5,3.5,b,5-15,14590.0,7013.193522075768,51.93150430379872,0.9969302687250149,2.10395805662273
app_v4_reference,l12500_b_14590,l12500_b_14590,5,3.5,b,5-15,14590.0,15609.606008619694,6.988389366824497,,6.699401720437637
current_fixed_logic,l12500_b_14590,l12500_b_14590,6,3.5,b,5-15,14590.0,15125.470769175561,3.6701217900998024,0.9996126784553753,6.491618355869339
old_app_v6_p2007,l12500_b_14590,l12500_b_14590,6,3.5,b,5-15,14590.0,22624.507899404456,55.06859423855008,0.9963108059657904,3.235763550550788
linear_plus_middle_trim,l12500_b_14590,l12500_b_14590,6,3.5,b,5-15,14590.0,7798.600399630624,46.548318028576944,0.9971163979989246,2.3395801198891872
app_v4_reference,l12500_b_14590,l12500_b_14590,6,3.5,b,5-15,14590.0,15125.470769175561,3.6701217900998024,,6.491618355869339
current_fixed_logic,l12500_b_14590,l12500_b_14590,8,4.0,b,5-15,14590.0,17705.99405134361,21.357053127783473,0.9998836017442952,7.599139077829874
old_app_v6_p2007,l12500_b_14590,l12500_b_14590,8,4.0,b,5-15,14590.0,21661.64862686393,48.46914754533194,0.9909264403848228,2.965304491418774
linear_plus_middle_trim,l12500_b_14590,l12500_b_14590,8,4.0,b,5-15,14590.0,5701.135517922906,60.924362454263836,0.9930215375166977,1.7103406553768716
app_v4_reference,l12500_b_14590,l12500_b_14590,8,4.0,b,5-15,14590.0,17705.99405134361,21.357053127783473,,7.599139077829874
current_fixed_logic,l12500_b_a14570,l12500_b_a14570,7,3.5,b,5-15,14570.0,15802.735786026484,8.460780961060285,0.9988969792760689,6.782290036921237
old_app_v6_p2007,l12500_b_a14570,l12500_b_a14570,7,3.5,b,5-15,14570.0,19286.794572627667,32.37333268790437,0.9808909358080763,2.3488396581080777
linear_plus_middle_trim,l12500_b_a14570,l12500_b_a14570,7,3.5,b,5-15,14570.0,5357.423201098024,63.22976526356882,0.9918091836824143,1.6072269603294072
app_v4_reference,l12500_b_a14570,l12500_b_a14570,7,3.5,b,5-15,14570.0,15802.735786026484,8.460780961060285,,6.782290036921237
current_fixed_logic,l15000_sdl_a19000,l15000_sdl_a19000,8,2.6,sdl,15-40,19000.0,21138.283875442743,11.254125660224963,0.9998129845113886,9.072224839245811
old_app_v6_p2007,l15000_sdl_a19000,l15000_sdl_a19000,8,2.6,sdl,15-40,19000.0,26246.71182616372,38.14058855875641,0.9944388304903373,4.3593302522887765
linear_plus_middle_trim,l15000_sdl_a19000,l15000_sdl_a19000,8,2.6,sdl,15-40,19000.0,9892.397523065149,47.93474987860448,0.9971032932738935,2.9677192569195445
app_v4_reference,l15000_sdl_a19000,l15000_sdl_a19000,8,2.6,sdl,15-40,19000.0,21138.283875442743,11.254125660224963,,9.072224839245811
current_fixed_logic,l15000_sdl_a19000,l15000_sdl_a19000,9,2.6,sdl,15-40,19000.0,16276.50837478031,14.334166448524687,0.9970320878985721,6.98562591192288
old_app_v6_p2007,l15000_sdl_a19000,l15000_sdl_a19000,9,2.6,sdl,15-40,19000.0,21539.797060762983,13.367352951384122,0.9916018001728426,2.9319215580553424
linear_plus_middle_trim,l15000_sdl_a19000,l15000_sdl_a19000,9,2.6,sdl,15-40,19000.0,9448.147585581091,50.27290744431004,0.9922877967795988,2.834444275674327
app_v4_reference,l15000_sdl_a19000,l15000_sdl_a19000,9,2.6,sdl,15-40,19000.0,16276.50837478031,14.334166448524687,,6.98562591192288
current_fixed_logic,l15000_sdl_a19000,l15000_sdl_a19000,9,2.6,sdl,15-40,19000.0,19456.585679937773,2.4030825259882764,0.9996905788098717,8.350465957054839
old_app_v6_p2007,l15000_sdl_a19000,l15000_sdl_a19000,9,2.6,sdl,15-40,19000.0,27941.35518174019,47.05976411442205,0.9989748415047391,4.942595908302022
linear_plus_middle_trim,l15000_sdl_a19000,l15000_sdl_a19000,9,2.6,sdl,15-40,19000.0,15886.998252732044,16.384219722462927,0.9992008111108395,4.766099475819613
app_v4_reference,l15000_sdl_a19000,l15000_sdl_a19000,9,2.6,sdl,15-40,19000.0,19456.585679937773,2.4030825259882764,,8.350465957054839
current_fixed_logic,l20000_sdl_a24380,l20000_sdl_a24380,9,2.1,sdl,15-40,24380.0,26593.908568002993,9.080839081226387,0.9994896391638535,11.413694664378966
old_app_v6_p2007,l20000_sdl_a24380,l20000_sdl_a24380,9,2.1,sdl,15-40,24380.0,32252.725570658484,32.29173736939493,0.9952831286125391,6.5921829046499045
linear_plus_middle_trim,l20000_sdl_a24380,l20000_sdl_a24380,9,2.1,sdl,15-40,24380.0,13095.878267172007,46.28433852677602,0.9941114388088342,3.9287634801516016
app_v4_reference,l20000_sdl_a24380,l20000_sdl_a24380,9,2.1,sdl,15-40,24380.0,26593.908568002993,9.080839081226387,,11.413694664378966
current_fixed_logic,l2000_sdl_a3347,l2000_sdl_a3347,3,15.0,sdl,0-5,3347.0,3913.663612640111,16.93049335644191,0.9998739672359523,1.6796839539227943
old_app_v6_p2007,l2000_sdl_a3347,l2000_sdl_a3347,3,15.0,sdl,0-5,3347.0,10539.191512441408,214.88471802932202,0.9908560171683312,0.6984103791821672
linear_plus_middle_trim,l2000_sdl_a3347,l2000_sdl_a3347,3,15.0,sdl,0-5,3347.0,1265.0682824814667,62.20291955537895,0.9916318649003656,0.37952048474444
app_v4_reference,l2000_sdl_a3347,l2000_sdl_a3347,3,15.0,sdl,0-5,3347.0,3913.663612640111,16.93049335644191,,1.6796839539227943
current_fixed_logic,l25000_sdl_a22730,l25000_sdl_a22730,10,2.2,sdl,15-40,22730.0,23421.10019810399,3.040476014535819,0.9994908097655812,10.051974333950211
old_app_v6_p2007,l25000_sdl_a22730,l25000_sdl_a22730,10,2.2,sdl,15-40,22730.0,29907.41339367209,31.576829712591685,0.993089979179092,5.665322022345839
linear_plus_middle_trim,l25000_sdl_a22730,l25000_sdl_a22730,10,2.2,sdl,15-40,22730.0,13620.45901979886,40.077171052358736,0.9969144617727306,4.086137705939658
app_v4_reference,l25000_sdl_a22730,l25000_sdl_a22730,10,2.2,sdl,15-40,22730.0,23421.10019810399,3.040476014535819,,10.051974333950211
current_fixed_logic,l30000_b_a31870,l30000_b_a31870,11,1.7,b,15-40,31870.0,32095.188739221052,0.7065853128994413,0.999083203719454,13.774759115545514
old_app_v6_p2007,l30000_b_a31870,l30000_b_a31870,11,1.7,b,15-40,31870.0,34602.64688411692,8.574354829359645,0.918336968446706,7.5915218794522294
linear_plus_middle_trim,l30000_b_a31870,l30000_b_a31870,11,1.7,b,15-40,31870.0,18801.846610012297,41.00456037021557,0.8850376291726123,5.640553983003689
app_v4_reference,l30000_b_a31870,l30000_b_a31870,11,1.7,b,15-40,31870.0,32095.188739221052,0.7065853128994413,,13.774759115545514
current_fixed_logic,l40000_sdl_a62600,l40000_sdl_a62600,12,0.8,sdl,40+,62600.0,88720.15375046362,41.72548522438278,0.9997737637462801,38.07731920620756
old_app_v6_p2007,l40000_sdl_a62600,l40000_sdl_a62600,12,0.8,sdl,40+,62600.0,42025.93862673286,32.86591273684847,0.9884363213542006,11.213363659837551
linear_plus_middle_trim,l40000_sdl_a62600,l40000_sdl_a62600,12,0.8,sdl,40+,62600.0,24715.51924343788,60.518339866712644,0.9941512772721577,7.414655773031363
app_v4_reference,l40000_sdl_a62600,l40000_sdl_a62600,12,0.8,sdl,40+,62600.0,88720.15375046362,41.72548522438278,,38.07731920620756
current_fixed_logic,l40000_sdl_a62600,l40000_sdl_a62600,12,0.8,sdl,40+,62600.0,85942.9691237014,37.289088057031,0.9996417628159677,36.88539447369159
old_app_v6_p2007,l40000_sdl_a62600,l40000_sdl_a62600,12,0.8,sdl,40+,62600.0,50970.538916406054,18.577413871555823,0.9988848306087313,16.516808236727712
linear_plus_middle_trim,l40000_sdl_a62600,l40000_sdl_a62600,12,0.8,sdl,40+,62600.0,53421.11240641076,14.662759734168121,0.9982392041526853,16.026333721923226
app_v4_reference,l40000_sdl_a62600,l40000_sdl_a62600,12,0.8,sdl,40+,62600.0,85942.9691237014,37.289088057031,,36.88539447369159
current_fixed_logic,l4000_sdl_a6611,l4000_sdl_a6611,4,8.0,sdl,5-15,6611.0,7618.240018267348,15.235819365713935,0.9996931961104129,3.2696309091276174
old_app_v6_p2007,l4000_sdl_a6611,l4000_sdl_a6611,4,8.0,sdl,5-15,6611.0,16616.991708765036,151.35367884987195,0.9919902100469199,1.7417471727860847
linear_plus_middle_trim,l4000_sdl_a6611,l4000_sdl_a6611,4,8.0,sdl,5-15,6611.0,3141.4281325233774,52.48180105092456,0.9913211664710966,0.9424284397570132
app_v4_reference,l4000_sdl_a6611,l4000_sdl_a6611,4,8.0,sdl,5-15,6611.0,7618.240018267348,15.235819365713935,,3.2696309091276174
current_fixed_logic,l45000_sdl_a40600,l45000_sdl_a40600,13,1.2,sdl,40+,40600.0,42599.501745576585,4.924881146740356,0.9972994689037902,18.283047959474928
old_app_v6_p2007,l45000_sdl_a40600,l45000_sdl_a40600,13,1.2,sdl,40+,40600.0,41979.818357148615,3.398567382139446,0.9993476472804039,11.188679539312302
linear_plus_middle_trim,l45000_sdl_a40600,l45000_sdl_a40600,13,1.2,sdl,40+,40600.0,36502.77417085517,10.091689234346873,0.9982075890223371,10.95083225125655
app_v4_reference,l45000_sdl_a40600,l45000_sdl_a40600,13,1.2,sdl,40+,40600.0,42599.501745576585,4.924881146740356,,18.283047959474928
current_fixed_logic,l45000_sdl_a40850,l45000_sdl_a40850,12,1.2,sdl,40+,40850.0,33703.9386060565,17.493418345026924,0.9960709819061387,14.465209702170174
old_app_v6_p2007,l45000_sdl_a40850,l45000_sdl_a40850,12,1.2,sdl,40+,40850.0,30039.488444114668,26.463920577442675,0.9824736137109057,5.715646410770481
linear_plus_middle_trim,l45000_sdl_a40850,l45000_sdl_a40850,12,1.2,sdl,40+,40850.0,13306.338335220848,67.42634434462461,0.9905685543160702,3.991901500566254
app_v4_reference,l45000_sdl_a40850,l45000_sdl_a40850,12,1.2,sdl,40+,40850.0,33703.9386060565,17.493418345026924,,14.465209702170174
current_fixed_logic,l45000_sdl_a40850,l45000_sdl_a40850,12,1.2,sdl,40+,40850.0,44981.21974213176,10.113145023578364,0.9998070290443567,19.30524452452007
old_app_v6_p2007,l45000_sdl_a40850,l45000_sdl_a40850,12,1.2,sdl,40+,40850.0,36744.61436528698,10.049903634548398,0.9954405675202624,8.564069530036141
linear_plus_middle_trim,l45000_sdl_a40850,l45000_sdl_a40850,12,1.2,sdl,40+,40850.0,20452.15075676607,49.93353547915283,0.9966475083351242,6.13564522702982
app_v4_reference,l45000_sdl_a40850,l45000_sdl_a40850,12,1.2,sdl,40+,40850.0,44981.21974213176,10.113145023578364,,19.30524452452007
current_fixed_logic,l50000_sdl_a79700,l50000_sdl_a79700,14,0.6,sdl,40+,79700.0,85975.74609077825,7.874210904364181,0.9992907253426208,36.89946184153573
old_app_v6_p2007,l50000_sdl_a79700,l50000_sdl_a79700,14,0.6,sdl,40+,79700.0,51030.20690729234,35.972136879181505,0.9988069952746745,16.555636824357112
linear_plus_middle_trim,l50000_sdl_a79700,l50000_sdl_a79700,14,0.6,sdl,40+,79700.0,52485.333140196686,34.1463825091635,0.9993263735503116,15.745599942059005
app_v4_reference,l50000_sdl_a79700,l50000_sdl_a79700,14,0.6,sdl,40+,79700.0,85975.74609077825,7.874210904364181,,36.89946184153573
current_fixed_logic,l5000_b_5865,l5000_b_5865,4,9.0,b,5-15,5865.0,6297.717724177368,7.377966311634577,0.9987749931436833,2.702883143423763
old_app_v6_p2007,l5000_b_5865,l5000_b_5865,4,9.0,b,5-15,5865.0,15374.222905775881,162.13508790751715,0.991310209988938,1.4901512116207465
linear_plus_middle_trim,l5000_b_5865,l5000_b_5865,4,9.0,b,5-15,5865.0,2833.784970379176,51.683120709647476,0.9902082810301003,0.8501354911137526
app_v4_reference,l5000_b_5865,l5000_b_5865,4,9.0,b,5-15,5865.0,6297.717724177368,7.377966311634577,,2.702883143423763
current_fixed_logic,l5000_b_a5856,l5000_b_a5856,5,9.0,b,5-15,5856.0,6070.76164698543,3.6673778515271542,0.999693878822386,2.605477101710485
old_app_v6_p2007,l5000_b_a5856,l5000_b_a5856,5,9.0,b,5-15,5856.0,14016.70597577497,139.35631789233213,0.992936216335265,1.2378125726735658
linear_plus_middle_trim,l5000_b_a5856,l5000_b_a5856,5,9.0,b,5-15,5856.0,2358.904454162115,59.7181616434065,0.9926701111127878,0.7076713362486345
app_v4_reference,l5000_b_a5856,l5000_b_a5856,5,9.0,b,5-15,5856.0,6070.76164698543,3.6673778515271542,,2.605477101710485
current_fixed_logic,l55000_sdl_a48520,l55000_sdl_a48520,13,1.0,sdl,40+,48520.0,48624.5605925244,0.21549998459274883,0.9952055206447107,20.868910125546954
old_app_v6_p2007,l55000_sdl_a48520,l55000_sdl_a48520,13,1.0,sdl,40+,48520.0,35230.748703941645,27.389223611002382,0.9844043943764258,7.87061446740421
linear_plus_middle_trim,l55000_sdl_a48520,l55000_sdl_a48520,13,1.0,sdl,40+,48520.0,19242.528087778177,60.34103856599717,0.989934258486459,5.772758426333453
app_v4_reference,l55000_sdl_a48520,l55000_sdl_a48520,13,1.0,sdl,40+,48520.0,48624.5605925244,0.21549998459274883,,20.868910125546954
current_fixed_logic,l60000_b_a69080,l60000_b_a69080,15,0.8,b,40+,69080.0,73161.55410489772,5.908445432683436,0.9985393769598053,31.39980862871147
old_app_v6_p2007,l60000_b_a69080,l60000_b_a69080,15,0.8,b,40+,69080.0,40696.558855685005,41.087783937919795,0.9792556569482949,10.512807737484263
linear_plus_middle_trim,l60000_b_a69080,l60000_b_a69080,15,0.8,b,40+,69080.0,24712.785593559052,64.22584598500427,0.9960338533472807,7.4138356780677155
app_v4_reference,l60000_b_a69080,l60000_b_a69080,15,0.8,b,40+,69080.0,73161.55410489772,5.908445432683436,,31.39980862871147
current_fixed_logic,l60000_b_a69080,l60000_b_a69080,15,0.8,b,40+,69080.0,79220.33223153674,14.679114405814621,0.9993998896823797,34.000142588642376
old_app_v6_p2007,l60000_b_a69080,l60000_b_a69080,15,0.8,b,40+,69080.0,53786.56812485059,22.13872593391634,0.9982015865137097,18.399195227387654
linear_plus_middle_trim,l60000_b_a69080,l60000_b_a69080,15,0.8,b,40+,69080.0,58229.45162384417,15.707221158303168,0.9981295479939786,17.46883548715325
app_v4_reference,l60000_b_a69080,l60000_b_a69080,15,0.8,b,40+,69080.0,79220.33223153674,14.679114405814621,,34.000142588642376
current_fixed_logic,l60000_b_a69080,l60000_b_a69080,16,0.8,b,40+,69080.0,76704.82489495825,11.037673559580556,0.9991007770898855,32.92052570599066
old_app_v6_p2007,l60000_b_a69080,l60000_b_a69080,16,0.8,b,40+,69080.0,41768.890016589525,39.53548057818541,0.9893200597737938,11.07613601481112
linear_plus_middle_trim,l60000_b_a69080,l60000_b_a69080,16,0.8,b,40+,69080.0,25489.282947471504,63.10179075351548,0.9954848861817195,7.64678488424145
app_v4_reference,l60000_b_a69080,l60000_b_a69080,16,0.8,b,40+,69080.0,76704.82489495825,11.037673559580556,,32.92052570599066
current_fixed_logic,l60000_sil_a37000,l60000_sil_a37000,15,1.4,sil_sl,15-40,37000.0,35473.59552900056,4.125417489187679,0.9982394335654825,15.224719111159038
old_app_v6_p2007,l60000_sil_a37000,l60000_sil_a37000,15,1.4,sil_sl,15-40,37000.0,33739.21174919624,8.812941218388536,0.9921906590227494,7.216111738844498
linear_plus_middle_trim,l60000_sil_a37000,l60000_sil_a37000,15,1.4,sil_sl,15-40,37000.0,16678.31534744727,54.923472033926295,0.9957157995578083,5.003494604234181
app_v4_reference,l60000_sil_a37000,l60000_sil_a37000,15,1.4,sil_sl,15-40,37000.0,35473.59552900056,4.125417489187679,,15.224719111159038
current_fixed_logic,l60000_sil_a37020,l60000_sil_a37020,1,1.3,sil_sl,15-40,37020.0,42360.88867052146,14.427035846897518,0.9999416551798676,18.180638914386893
old_app_v6_p2007,l60000_sil_a37020,l60000_sil_a37020,1,1.3,sil_sl,15-40,37020.0,33543.2449275683,9.391558812619387,0.9972489599388888,7.132237939849771
linear_plus_middle_trim,l60000_sil_a37020,l60000_sil_a37020,1,1.3,sil_sl,15-40,37020.0,18919.817011269053,48.89298484260115,0.9981608202160643,5.675945103380715
app_v4_reference,l60000_sil_a37020,l60000_sil_a37020,1,1.3,sil_sl,15-40,37020.0,42360.88867052146,14.427035846897518,,18.180638914386893
current_fixed_logic,l60000_sil_a37020,l60000_sil_a37020,2,1.3,sil_sl,15-40,37020.0,41431.75916384414,11.917231668946886,0.9984797568701018,17.781870885770015
old_app_v6_p2007,l60000_sil_a37020,l60000_sil_a37020,2,1.3,sil_sl,15-40,37020.0,37369.66586686482,0.9445323254047091,0.9981019438200435,8.85895519129914
linear_plus_middle_trim,l60000_sil_a37020,l60000_sil_a37020,2,1.3,sil_sl,15-40,37020.0,21358.921041530597,42.30437319953918,0.9947656618887728,6.407676312459179
app_v4_reference,l60000_sil_a37020,l60000_sil_a37020,2,1.3,sil_sl,15-40,37020.0,41431.75916384414,11.917231668946886,,17.781870885770015
current_fixed_logic,l60000_sil_a37020,l60000_sil_a37020,3,1.3,sil_sl,15-40,37020.0,39389.17866768221,6.399726276829305,0.9973766578380825,16.905226896000947
old_app_v6_p2007,l60000_sil_a37020,l60000_sil_a37020,3,1.3,sil_sl,15-40,37020.0,26127.825380775645,29.4224057785639,0.9839523285257555,4.319790586634478
linear_plus_middle_trim,l60000_sil_a37020,l60000_sil_a37020,3,1.3,sil_sl,15-40,37020.0,10121.066530116273,72.6605442190268,0.9931780936714796,3.036319959034882
app_v4_reference,l60000_sil_a37020,l60000_sil_a37020,3,1.3,sil_sl,15-40,37020.0,39389.17866768221,6.399726276829305,,16.905226896000947
current_fixed_logic,l60000_sil_a37020,l60000_sil_a37020,4,1.3,sil_sl,15-40,37020.0,35554.51114047785,3.9586408955217425,0.9972552751866871,15.259446841406803
old_app_v6_p2007,l60000_sil_a37020,l60000_sil_a37020,4,1.3,sil_sl,15-40,37020.0,27811.687170423822,24.873886627704422,0.9860572401788626,4.896668502822176
linear_plus_middle_trim,l60000_sil_a37020,l60000_sil_a37020,4,1.3,sil_sl,15-40,37020.0,10281.438316087442,72.2273411234807,0.9921269699156733,3.0844314948262324
app_v4_reference,l60000_sil_a37020,l60000_sil_a37020,4,1.3,sil_sl,15-40,37020.0,35554.51114047785,3.9586408955217425,,15.259446841406803
current_fixed_logic,l60000_sil_a37020,l60000_sil_a37020,4,1.3,sil_sl,15-40,37020.0,40333.87712293791,8.951585961474642,0.9996740362068066,17.310676876797388
old_app_v6_p2007,l60000_sil_a37020,l60000_sil_a37020,4,1.3,sil_sl,15-40,37020.0,31605.392728037114,14.62616767142865,0.9987483448289883,6.329321434869473
linear_plus_middle_trim,l60000_sil_a37020,l60000_sil_a37020,4,1.3,sil_sl,15-40,37020.0,15853.149698270914,57.17679714135356,0.9990998395549675,4.755944909481274
app_v4_reference,l60000_sil_a37020,l60000_sil_a37020,4,1.3,sil_sl,15-40,37020.0,40333.87712293791,8.951585961474642,,17.310676876797388
current_fixed_logic,l60000_sil_a37020,l60000_sil_a37020,5,1.3,sil_sl,15-40,37020.0,33933.29608350221,8.337936025115587,0.9951429869790934,14.563646387769188
old_app_v6_p2007,l60000_sil_a37020,l60000_sil_a37020,5,1.3,sil_sl,15-40,37020.0,29088.235367204892,21.425620293881977,0.971283062613671,5.358178951663993
linear_plus_middle_trim,l60000_sil_a37020,l60000_sil_a37020,5,1.3,sil_sl,15-40,37020.0,11716.28033798092,68.35148477044592,0.9884572778457976,3.5148841013942755
app_v4_reference,l60000_sil_a37020,l60000_sil_a37020,5,1.3,sil_sl,15-40,37020.0,33933.29608350221,8.337936025115587,,14.563646387769188
current_fixed_logic,l60000_sil_a37020,l60000_sil_a37020,6,1.3,sil_sl,15-40,37020.0,35103.55346308704,5.176786971671964,0.999324928777973,15.065902773857097
old_app_v6_p2007,l60000_sil_a37020,l60000_sil_a37020,6,1.3,sil_sl,15-40,37020.0,26880.73374980826,27.38861763963193,0.9861603332123137,4.573248150895705
linear_plus_middle_trim,l60000_sil_a37020,l60000_sil_a37020,6,1.3,sil_sl,15-40,37020.0,12848.686121774292,65.29258205895653,0.9962757308580333,3.8546058365322873
app_v4_reference,l60000_sil_a37020,l60000_sil_a37020,6,1.3,sil_sl,15-40,37020.0,35103.55346308704,5.176786971671964,,15.065902773857097
current_fixed_logic,l60000_sil_a37020,l60000_sil_a37020,6,1.3,sil_sl,15-40,37020.0,37959.266490100425,2.5371866291205416,0.9987714103264429,16.291530682446535
old_app_v6_p2007,l60000_sil_a37020,l60000_sil_a37020,6,1.3,sil_sl,15-40,37020.0,33418.57930517281,9.728310899046972,0.9979402439903444,7.0791371003873085
linear_plus_middle_trim,l60000_sil_a37020,l60000_sil_a37020,6,1.3,sil_sl,15-40,37020.0,22301.83439281215,39.75733551374352,0.9975995781144588,6.690550317843645
app_v4_reference,l60000_sil_a37020,l60000_sil_a37020,6,1.3,sil_sl,15-40,37020.0,37959.266490100425,2.5371866291205416,,16.291530682446535
current_fixed_logic,l60000_sil_a37020,l60000_sil_a37020,7,1.3,sil_sl,15-40,37020.0,33328.66536690189,9.971190256883055,0.9984433512420313,14.304148226138153
old_app_v6_p2007,l60000_sil_a37020,l60000_sil_a37020,7,1.3,sil_sl,15-40,37020.0,26618.56074270502,28.096810527539116,0.9876666078316045,4.484167970690215
linear_plus_middle_trim,l60000_sil_a37020,l60000_sil_a37020,7,1.3,sil_sl,15-40,37020.0,11604.085418218658,68.65455046402307,0.9941054847526042,3.481225625465597
app_v4_reference,l60000_sil_a37020,l60000_sil_a37020,7,1.3,sil_sl,15-40,37020.0,33328.66536690189,9.971190256883055,,14.304148226138153
current_fixed_logic,l60000_sil_a37020,l60000_sil_a37020,7,1.3,sil_sl,15-40,37020.0,39761.47344917683,7.405384789780746,0.9994325088138163,17.065010064024392
old_app_v6_p2007,l60000_sil_a37020,l60000_sil_a37020,7,1.3,sil_sl,15-40,37020.0,36185.45049928965,2.254320639412082,0.9977781478399095,8.304512567697717
linear_plus_middle_trim,l60000_sil_a37020,l60000_sil_a37020,7,1.3,sil_sl,15-40,37020.0,21882.215584674905,40.89082770212074,0.998028202343406,6.5646646754024705
app_v4_reference,l60000_sil_a37020,l60000_sil_a37020,7,1.3,sil_sl,15-40,37020.0,39761.47344917683,7.405384789780746,,17.065010064024392
current_fixed_logic,l60000_sil_a37020,l60000_sil_a37020,8,1.3,sil_sl,15-40,37020.0,40101.22925835737,8.323147645481829,0.9997131776697065,17.2108280078787
old_app_v6_p2007,l60000_sil_a37020,l60000_sil_a37020,8,1.3,sil_sl,15-40,37020.0,35169.202704938,4.999452444792011,0.9982929931125777,7.843043513020331
linear_plus_middle_trim,l60000_sil_a37020,l60000_sil_a37020,8,1.3,sil_sl,15-40,37020.0,24829.985768347356,32.92818539074188,0.9988789935783313,7.4489957305042065
app_v4_reference,l60000_sil_a37020,l60000_sil_a37020,8,1.3,sil_sl,15-40,37020.0,40101.22925835737,8.323147645481829,,17.2108280078787
current_fixed_logic,l60000_sil_a37020,l60000_sil_a37020,9,1.3,sil_sl,15-40,37020.0,39357.31535644615,6.313655744046876,0.9990407716271601,16.891551655127103
old_app_v6_p2007,l60000_sil_a37020,l60000_sil_a37020,9,1.3,sil_sl,15-40,37020.0,34731.97234442658,6.180517708194013,0.9964554916040915,7.648573426874181
linear_plus_middle_trim,l60000_sil_a37020,l60000_sil_a37020,9,1.3,sil_sl,15-40,37020.0,23238.764005307992,37.22646135789305,0.9997305716940682,6.971629201592397
app_v4_reference,l60000_sil_a37020,l60000_sil_a37020,9,1.3,sil_sl,15-40,37020.0,39357.31535644615,6.313655744046876,,16.891551655127103
current_fixed_logic,l60000_sil_a37020,l60000_sil_a37020,10,1.3,sil_sl,15-40,37020.0,36773.44036220817,0.6660173900373484,0.9996769123547178,15.782592430132265
old_app_v6_p2007,l60000_sil_a37020,l60000_sil_a37020,10,1.3,sil_sl,15-40,37020.0,35147.80122529385,5.057263032701648,0.9961787890703945,7.833467600081814
linear_plus_middle_trim,l60000_sil_a37020,l60000_sil_a37020,10,1.3,sil_sl,15-40,37020.0,24251.835347582386,34.4899099200908,0.9984589280743835,7.275550604274716
app_v4_reference,l60000_sil_a37020,l60000_sil_a37020,10,1.3,sil_sl,15-40,37020.0,36773.44036220817,0.6660173900373484,,15.782592430132265
current_fixed_logic,l60000_sil_a37020,l60000_sil_a37020,11,1.3,sil_sl,15-40,37020.0,38720.56335062038,4.593634118369479,0.9995728458896793,16.6182675324551
old_app_v6_p2007,l60000_sil_a37020,l60000_sil_a37020,11,1.3,sil_sl,15-40,37020.0,34429.524076844595,6.997503844287967,0.9973831682585576,7.515484736668944
linear_plus_middle_trim,l60000_sil_a37020,l60000_sil_a37020,11,1.3,sil_sl,15-40,37020.0,23293.24424563276,37.07929701341772,0.9991719804104954,6.9879732736898275
app_v4_reference,l60000_sil_a37020,l60000_sil_a37020,11,1.3,sil_sl,15-40,37020.0,38720.56335062038,4.593634118369479,,16.6182675324551
current_fixed_logic,l60000_sil_a37020,l60000_sil_a37020,12,1.3,sil_sl,15-40,37020.0,39383.00609568282,6.383052662568386,0.999119940647022,16.90257772346902
old_app_v6_p2007,l60000_sil_a37020,l60000_sil_a37020,12,1.3,sil_sl,15-40,37020.0,32768.97929731918,11.483038094761804,0.9977610517488795,6.80566408765751
linear_plus_middle_trim,l60000_sil_a37020,l60000_sil_a37020,12,1.3,sil_sl,15-40,37020.0,21558.46402074304,41.76535920923004,0.9976899399689301,6.467539206222911
app_v4_reference,l60000_sil_a37020,l60000_sil_a37020,12,1.3,sil_sl,15-40,37020.0,39383.00609568282,6.383052662568386,,16.90257772346902
current_fixed_logic,l60000_sil_a37020,l60000_sil_a37020,13,1.3,sil_sl,15-40,37020.0,39724.85875416534,7.3064796168701776,0.9998846524752304,17.04929560264607
old_app_v6_p2007,l60000_sil_a37020,l60000_sil_a37020,13,1.3,sil_sl,15-40,37020.0,35276.77159056977,4.708882791545733,0.9931592278850426,7.891263207228133
linear_plus_middle_trim,l60000_sil_a37020,l60000_sil_a37020,13,1.3,sil_sl,15-40,37020.0,19282.326055853908,47.91375997878469,0.9994105466133679,5.784697816756172
app_v4_reference,l60000_sil_a37020,l60000_sil_a37020,13,1.3,sil_sl,15-40,37020.0,39724.85875416534,7.3064796168701776,,17.04929560264607
current_fixed_logic,l60000_sil_a37020,l60000_sil_a37020,14,1.3,sil_sl,15-40,37020.0,38342.79282881024,3.573184302566832,0.9990667466439296,16.456134261291947
old_app_v6_p2007,l60000_sil_a37020,l60000_sil_a37020,14,1.3,sil_sl,15-40,37020.0,33748.790268077995,8.836330988444097,0.9979776431352894,7.220223956796549
linear_plus_middle_trim,l60000_sil_a37020,l60000_sil_a37020,14,1.3,sil_sl,15-40,37020.0,22668.977939849694,38.765591734603746,0.9994780860558887,6.800693381954908
app_v4_reference,l60000_sil_a37020,l60000_sil_a37020,14,1.3,sil_sl,15-40,37020.0,38342.79282881024,3.573184302566832,,16.456134261291947
current_fixed_logic,l60000_sil_a37020,l60000_sil_a37020,16,1.3,sil_sl,15-40,37020.0,38304.02060617897,3.468451124200357,0.9991284428182493,16.439493822394407
old_app_v6_p2007,l60000_sil_a37020,l60000_sil_a37020,16,1.3,sil_sl,15-40,37020.0,35831.35936531277,3.210806684730502,0.9944041976898581,8.142220389337897
linear_plus_middle_trim,l60000_sil_a37020,l60000_sil_a37020,16,1.3,sil_sl,15-40,37020.0,20911.5757600185,43.5127613181564,0.9972608564774403,6.273472728005549
app_v4_reference,l60000_sil_a37020,l60000_sil_a37020,16,1.3,sil_sl,15-40,37020.0,38304.02060617897,3.468451124200357,,16.439493822394407
current_fixed_logic,l60000_sil_a37020,l60000_sil_a37020,17,1.3,sil_sl,15-40,37020.0,41788.75222416571,12.8815565212472,0.9993023669705997,17.93508679148743
old_app_v6_p2007,l60000_sil_a37020,l60000_sil_a37020,17,1.3,sil_sl,15-40,37020.0,34412.53092122379,7.043406479676413,0.9968978180075764,7.5080418836041085
linear_plus_middle_trim,l60000_sil_a37020,l60000_sil_a37020,17,1.3,sil_sl,15-40,37020.0,23284.320314634755,37.1034027157354,0.9978653408491657,6.985296094390426
app_v4_reference,l60000_sil_a37020,l60000_sil_a37020,17,1.3,sil_sl,15-40,37020.0,41788.75222416571,12.8815565212472,,17.93508679148743
current_fixed_logic,l60000_sl_a37020,l60000_sl_a37020,14,1.4,sil_sl,15-40,37020.0,40558.189781149136,9.55750886317973,0.9994971669284385,17.40694840392667
old_app_v6_p2007,l60000_sl_a37020,l60000_sl_a37020,14,1.4,sil_sl,15-40,37020.0,28163.905411553947,23.92245972027567,0.983148720734994,5.021922952441651
linear_plus_middle_trim,l60000_sl_a37020,l60000_sl_a37020,14,1.4,sil_sl,15-40,37020.0,11183.105291311722,69.79171990461447,0.9914804150580958,3.354931587393516
app_v4_reference,l60000_sl_a37020,l60000_sl_a37020,14,1.4,sil_sl,15-40,37020.0,40558.189781149136,9.55750886317973,,17.40694840392667
current_fixed_logic,l70000_sdl_a99220,l70000_sdl_a99220,17,0.5,sdl,40+,99220.0,123327.163570911,24.296677656632735,0.9990650589744665,52.93011312056266
old_app_v6_p2007,l70000_sdl_a99220,l70000_sdl_a99220,17,0.5,sdl,40+,99220.0,53581.34561334689,45.99743437477636,0.9964801292644894,18.258570321751847
linear_plus_middle_trim,l70000_sdl_a99220,l70000_sdl_a99220,17,0.5,sdl,40+,99220.0,44482.91842846355,55.16738719163118,0.995761053225576,13.344875528539063
app_v4_reference,l70000_sdl_a99220,l70000_sdl_a99220,17,0.5,sdl,40+,99220.0,123327.163570911,24.296677656632735,,52.93011312056266
current_fixed_logic,l75000_sdl_70730,l75000_sdl_70730,16,0.7,sdl,40+,70730.0,75480.5280046932,6.716425851397147,0.999720175353227,32.395076396864035
old_app_v6_p2007,l75000_sdl_70730,l75000_sdl_70730,16,0.7,sdl,40+,70730.0,56583.81769202012,20.000257751986258,0.997783627512621,20.36994134487198
linear_plus_middle_trim,l75000_sdl_70730,l75000_sdl_70730,16,0.7,sdl,40+,70730.0,54719.13191267947,22.636601282794473,0.999188158370925,16.41573957380384
app_v4_reference,l75000_sdl_70730,l75000_sdl_70730,16,0.7,sdl,40+,70730.0,75480.5280046932,6.716425851397147,,32.395076396864035
current_fixed_logic,l8000_sdl_a8930,l8000_sdl_a8930,6,5.6,sdl,5-15,8930.0,10187.12288287844,14.077523884417028,0.9993073529676418,4.372155743724653
old_app_v6_p2007,l8000_sdl_a8930,l8000_sdl_a8930,6,5.6,sdl,5-15,8930.0,19143.693653603284,114.37506890933129,0.9919627417457363,2.313993277885355
linear_plus_middle_trim,l8000_sdl_a8930,l8000_sdl_a8930,6,5.6,sdl,5-15,8930.0,4175.2328059064985,53.24487339410416,0.9903032199899001,1.2525698417719493
app_v4_reference,l8000_sdl_a8930,l8000_sdl_a8930,6,5.6,sdl,5-15,8930.0,10187.12288287844,14.077523884417028,,4.372155743724653
current_fixed_logic,l95000_sdl_a93270,l95000_sdl_a93270,17,0.5,sdl,40+,93270.0,99457.77608341484,6.634261909954794,0.9993988628126599,42.68574080833255
old_app_v6_p2007,l95000_sdl_a93270,l95000_sdl_a93270,17,0.5,sdl,40+,93270.0,61539.59582110504,34.01994658399803,0.9916583530869385,24.108478502251213
linear_plus_middle_trim,l95000_sdl_a93270,l95000_sdl_a93270,17,0.5,sdl,40+,93270.0,51517.25480957998,44.76546069520749,0.9947682542388695,15.455176442873992
app_v4_reference,l95000_sdl_a93270,l95000_sdl_a93270,17,0.5,sdl,40+,93270.0,99457.77608341484,6.634261909954794,,42.68574080833255
