family,sample_id,label,cell,pathway,cohort_type,benchmark_family,provider_bucket,viscosity_bucket_kcp,n_rpm_matched,mu_pred_mean_cP,mu_true_mean_cP,abs_pct_err_mean,abs_pct_err_median,R2_drag_median,A_median,n_replicates
Carbopol980,Carbopol980|0.35%,980carb0.35%_100800,7,strong_shear_thinning,benchmark,polymer_reference,other,40+,5,131138.8779649241,120276.0,11.579685888272698,9.699789860227293,0.7991972511645701,4.341936570634737,1
PEG,PEG|10.0%|300K,10%300K_7158,2,mild_shear_thinning,benchmark,polymer_reference,other,5-15,3,8950.974070314864,7196.666666666667,24.36811307292605,25.050454499278473,0.9879159556710739,2.5758060703003145,1
PEG,PEG|5.0%|300K,5%300K_577,1,mild_shear_thinning,benchmark,polymer_reference,other,0-5,3,716.5882219446326,645.5666666666667,10.923052151644512,10.208027671560712,0.9986742943044657,0.21025968073834556,1
PEG,PEG|5.0%|600K,5%600K_3254,3,strong_shear_thinning,benchmark,polymer_reference,other,0-5,4,9142.8987579663,3599.25,145.59823360602977,150.6683531392617,0.9490893561068656,1.4686674302669496,1
PEG,PEG|6.5%|600K,6.5%600K_4109,1,mild_shear_thinning,benchmark,polymer_reference,other,0-5,3,5691.177232850815,4094.0,38.99929623145219,38.90981591526275,0.9948248149851496,1.6000160245077208,1
Sepineo,Sepineo|1%,1%sep_2148,1,strong_shear_thinning,benchmark,polymer_reference,other,0-5,3,2870.223956543458,2334.6666666666665,22.33954774733392,21.180336179411395,0.8936071599675623,0.36283569050156095,1
Sepineo,Sepineo|1.5%,1.5%sep_17240,2,strong_shear_thinning,benchmark,polymer_reference,other,15-40,2,15196.490510379981,13665.0,11.449421891759698,11.449421891759698,0.9807061160667188,0.5570798218469979,2
Sepineo,Sepineo|1.5%,1.5%sep_17240,7,strong_shear_thinning,benchmark,polymer_reference,other,15-40,2,18293.069687087267,13665.0,34.06935970685784,34.06935970685784,0.9336104994648152,1.7876073313071692,2
Sepineo,Sepineo|2%,2%sep_50110,3,strong_shear_thinning,benchmark,polymer_reference,other,40+,3,58758.35982997895,54240.0,7.989164425994988,8.064462580712673,0.9473665849080973,1.1594289375900568,2
Sepineo,Sepineo|2%,2%sep_50110,7,strong_shear_thinning,benchmark,polymer_reference,other,40+,3,67238.88611729933,54240.0,22.915295585105515,23.070333183816555,0.8558592459759904,4.039578806589344,2
Silicone,l100000_sig_a124800,l100000_sig_a124800,18,newtonian,benchmark,silicone_curated,sig,40+,1,91728.8380683838,124800.0,26.49932847084631,26.49932847084631,0.9949498165829933,39.368600029349274,1
Silicone,l10000_sdl_a9194,l10000_sdl_a9194,5,newtonian,benchmark,silicone_curated,sdl,5-15,1,10282.14052079398,9194.0,11.835333051924959,11.835333051924959,0.9979965411655853,4.412935845834326,1
Silicone,l10000_sig_a11700,l10000_sig_a11700,9,newtonian,benchmark,silicone_curated,sig,5-15,1,10264.906583785396,11700.0,12.265755694141914,12.265755694141914,0.9953140784349543,4.405539306345664,2
Silicone,l10000_sig_a11700,l10000_sig_a11700,10,newtonian,benchmark,silicone_curated,sig,5-15,1,10981.76991029199,11700.0,6.138718715453073,6.138718715453073,0.99741664077747,4.7132059700824,2
Silicone,l10000_sl_a11860,l10000_sl_a11860,1,newtonian,benchmark,silicone_curated,sil_sl,5-15,1,13070.605347030232,11860.0,10.207464983391503,10.207464983391503,0.9998623622872355,5.609701865678211,15
Silicone,l10000_sl_a11860,l10000_sl_a11860,2,newtonian,benchmark,silicone_curated,sil_sl,5-15,1,12561.859296964767,11860.0,5.917869283008153,5.917869283008153,0.9994364034090525,5.391355921444106,15
Silicone,l10000_sl_a11860,l10000_sl_a11860,3,newtonian,benchmark,silicone_curated,sil_sl,5-15,1,11478.500999680602,11860.0,3.2166863433338784,3.2166863433338784,0.9993585144264129,4.926395278832876,15
Silicone,l10000_sl_a11860,l10000_sl_a11860,4,newtonian,benchmark,silicone_curated,sil_sl,5-15,1,10861.379443127664,11860.0,8.420072149007895,8.420072149007895,0.9978002980997824,4.661536241685693,15
Silicone,l10000_sl_a11860,l10000_sl_a11860,5,newtonian,benchmark,silicone_curated,sil_sl,5-15,1,11869.515603764377,11860.0,0.08023274674854447,0.08023274674854447,0.9993581332971745,5.094212705478273,15
Silicone,l10000_sl_a11860,l10000_sl_a11860,6,newtonian,benchmark,silicone_curated,sil_sl,5-15,1,11643.78590507273,11860.0,1.8230530769584377,1.8230530769584377,0.9991838399041044,4.997333006468982,15
Silicone,l10000_sl_a11860,l10000_sl_a11860,7,newtonian,benchmark,silicone_curated,sil_sl,5-15,1,11553.582716669607,11860.0,2.5836195896323173,2.5836195896323173,0.9985927651471217,4.958619191703694,15
Silicone,l10000_sl_a11860,l10000_sl_a11860,8,newtonian,benchmark,silicone_curated,sil_sl,5-15,1,11263.581807211836,11860.0,5.02882118708401,5.02882118708401,0.997461750734303,4.834155282065166,15
Silicone,l10000_sl_a11860,l10000_sl_a11860,9,newtonian,benchmark,silicone_curated,sil_sl,5-15,1,10781.350655658873,11860.0,9.094851132724514,9.094851132724514,0.9992642710101044,4.627189122600375,15
Silicone,l10000_sl_a11860,l10000_sl_a11860,10,newtonian,benchmark,silicone_curated,sil_sl,5-15,1,10198.881397690957,11860.0,14.006059041391595,14.006059041391595,0.9988317191982491,4.377202316605561,15
Silicone,l10000_sl_a11860,l10000_sl_a11860,11,newtonian,benchmark,silicone_curated,sil_sl,5-15,1,11438.660439053501,11860.0,3.5526101260244416,3.5526101260244416,0.9995158783677252,4.909296325774035,15
Silicone,l10000_sl_a11860,l10000_sl_a11860,12,newtonian,benchmark,silicone_curated,sil_sl,5-15,1,11881.158079989787,11860.0,0.17839865084137807,0.17839865084137807,0.998954314144471,5.099209476390467,15
Silicone,l10000_sl_a11860,l10000_sl_a11860,16,newtonian,benchmark,silicone_curated,sil_sl,5-15,1,12864.474541019772,11860.0,8.46943120590027,8.46943120590027,0.9999573662747842,5.5212337085921765,15
Silicone,l10000_sl_a11860,l10000_sl_a11860,17,newtonian,benchmark,silicone_curated,sil_sl,5-15,1,13620.01240739685,11860.0,14.839902254610884,14.839902254610884,0.9998636561942099,5.845498887294786,15
Silicone,l10000_sl_a11860,l10000_sl_a11860,18,newtonian,benchmark,silicone_curated,sil_sl,5-15,1,9760.526276564307,11860.0,17.702139320705673,17.702139320705673,0.9976895479098391,4.189067071486828,15
Silicone,l1000_b_a1000,l1000_b_a1000,1,newtonian,benchmark,silicone_curated,b,0-5,1,1479.3919704245027,1000.0,47.93919704245027,47.93919704245027,0.9999183063781163,0.6349321761478552,1
Silicone,l1000_sig_a1116,l1000_sig_a1116,1,newtonian,benchmark,silicone_curated,sig,0-5,1,1100.7719744081294,1116.0,1.364518422210629,1.364518422210629,0.9966144922112892,0.4724343237803131,2
Silicone,l1000_sig_a1116,l1000_sig_a1116,2,newtonian,benchmark,silicone_curated,sig,0-5,1,1240.5781176337434,1116.0,11.162913766464465,11.162913766464465,0.9991697065283893,0.5324369603578297,2
Silicone,l1000_sl_a1154,l1000_sl_a1154,2,newtonian,benchmark,silicone_curated,sil_sl,0-5,1,1578.485565967723,1154.0,36.78384453793094,36.78384453793094,0.9999427103910205,0.6774616162951601,1
Silicone,l12500_b_14590,l12500_b_14590,1,newtonian,benchmark,silicone_curated,b,5-15,1,17747.202719418197,14590.0,21.639497734189153,21.639497734189153,0.9999347323804717,7.616825201467037,7
Silicone,l12500_b_14590,l12500_b_14590,2,newtonian,benchmark,silicone_curated,b,5-15,1,17987.33963385933,14590.0,23.28539845002968,23.28539845002968,0.9998027967255652,7.719888254875249,7
Silicone,l12500_b_14590,l12500_b_14590,3,newtonian,benchmark,silicone_curated,b,5-15,1,16883.236979667916,14590.0,15.717868263659463,15.717868263659463,0.9998073660673416,7.246024454793097,7
Silicone,l12500_b_14590,l12500_b_14590,4,newtonian,benchmark,silicone_curated,b,5-15,1,16604.89378089064,14590.0,13.810101308366287,13.810101308366287,0.9998162009263892,7.126563854459503,7
Silicone,l12500_b_14590,l12500_b_14590,5,newtonian,benchmark,silicone_curated,b,5-15,1,15581.803863013605,14590.0,6.797833194061722,6.797833194061722,0.99979904531227,6.687469469104551,7
Silicone,l12500_b_14590,l12500_b_14590,6,newtonian,benchmark,silicone_curated,b,5-15,1,15125.470769175561,14590.0,3.6701217900998024,3.6701217900998024,0.9996126784553753,6.491618355869339,7
Silicone,l12500_b_14590,l12500_b_14590,8,newtonian,benchmark,silicone_curated,b,5-15,1,17685.46477068556,14590.0,21.216345241162173,21.216345241162173,0.999905513354075,7.5903282277620425,7
Silicone,l12500_b_a14570,l12500_b_a14570,7,newtonian,benchmark,silicone_curated,b,5-15,1,16370.228172846688,14570.0,12.355718413498202,12.355718413498202,0.9992399570736132,7.025849001221754,1
Silicone,l15000_sdl_a19000,l15000_sdl_a19000,8,newtonian,benchmark,silicone_curated,sdl,15-40,1,19789.92145896366,19000.0,4.157481362966639,4.157481362966639,0.9988177084322019,8.49352852316037,2
Silicone,l15000_sdl_a19000,l15000_sdl_a19000,9,newtonian,benchmark,silicone_curated,sdl,15-40,1,17805.70759710017,19000.0,6.285749488946481,6.285749488946481,0.9969486633657441,7.6419345910301155,2
Silicone,l20000_sdl_a24380,l20000_sdl_a24380,9,newtonian,benchmark,silicone_curated,sdl,15-40,1,26593.908568002993,24380.0,9.080839081226387,9.080839081226387,0.9994896391638535,11.413694664378966,1
Silicone,l2000_sdl_a3347,l2000_sdl_a3347,3,newtonian,benchmark,silicone_curated,sdl,0-5,1,3913.663612640111,3347.0,16.93049335644191,16.93049335644191,0.9998739672359523,1.6796839539227943,1
Silicone,l25000_sdl_a22730,l25000_sdl_a22730,10,newtonian,benchmark,silicone_curated,sdl,15-40,1,22861.553919001642,22730.0,0.5787677914722503,0.5787677914722503,0.9994756980188387,9.811825716309718,1
Silicone,l30000_b_a31870,l30000_b_a31870,11,newtonian,benchmark,silicone_curated,b,15-40,1,32095.188739221052,31870.0,0.7065853128994413,0.7065853128994413,0.999083203719454,13.774759115545514,1
Silicone,l40000_sdl_a62600,l40000_sdl_a62600,12,newtonian,benchmark,silicone_curated,sdl,40+,1,89204.16180558644,62600.0,42.498661031288236,42.498661031288236,0.9998879291778251,38.28504798523023,1
Silicone,l4000_sdl_a6611,l4000_sdl_a6611,4,newtonian,benchmark,silicone_curated,sdl,5-15,1,7618.240018267348,6611.0,15.235819365713935,15.235819365713935,0.9996931961104129,3.2696309091276174,1
Silicone,l45000_sdl_a40600,l45000_sdl_a40600,13,newtonian,benchmark,silicone_curated,sdl,40+,1,43862.70598024866,40600.0,8.036221626228231,8.036221626228231,0.9997327067334302,18.825195699677536,1
Silicone,l45000_sdl_a40850,l45000_sdl_a40850,12,newtonian,benchmark,silicone_curated,sdl,40+,1,42098.36219111728,40850.0,3.0559661961255356,3.0559661961255356,0.9981987530946796,18.067966605629735,1
Silicone,l50000_sdl_a79700,l50000_sdl_a79700,14,newtonian,benchmark,silicone_curated,sdl,40+,1,88268.49776630111,79700.0,10.750938226224728,10.750938226224728,0.9995343789604205,37.88347543618073,1
Silicone,l5000_b_5865,l5000_b_5865,4,newtonian,benchmark,silicone_curated,b,5-15,1,6297.717724177368,5865.0,7.377966311634577,7.377966311634577,0.9987749931436833,2.702883143423763,1
Silicone,l5000_b_a5856,l5000_b_a5856,5,newtonian,benchmark,silicone_curated,b,5-15,1,6070.76164698543,5856.0,3.6673778515271542,3.6673778515271542,0.999693878822386,2.605477101710485,1
Silicone,l55000_sdl_a48520,l55000_sdl_a48520,13,newtonian,benchmark,silicone_curated,sdl,40+,1,50548.0576764628,48520.0,4.179838574737837,4.179838574737837,0.9984006604195742,21.694445354705064,1
Silicone,l60000_b_a69080,l60000_b_a69080,15,newtonian,benchmark,silicone_curated,b,40+,1,74478.51714450556,69080.0,7.81487716344175,7.81487716344175,0.9994641496439823,31.96502881738436,2
Silicone,l60000_b_a69080,l60000_b_a69080,16,newtonian,benchmark,silicone_curated,b,40+,1,77947.76231239758,69080.0,12.83694602257901,12.83694602257901,0.9997515023571119,33.453975241372355,2
Silicone,l60000_sig_a74560,l60000_sig_a74560,16,newtonian,benchmark,silicone_curated,sig,40+,1,88081.47252141463,74560.0,18.135022158549667,18.135022158549667,0.9994900713499434,37.80320709073589,2
Silicone,l60000_sig_a74560,l60000_sig_a74560,17,newtonian,benchmark,silicone_curated,sig,40+,1,85382.6798925627,74560.0,14.515396851613055,14.515396851613055,0.9997527560956961,36.644926992516176,2
Silicone,l60000_sil_a37000,l60000_sil_a37000,15,newtonian,benchmark,silicone_curated,sil_sl,15-40,1,36520.88315303456,37000.0,1.294910397203883,1.294910397203883,0.999163674094731,15.67419877812642,1
Silicone,l60000_sil_a37020,l60000_sil_a37020,1,newtonian,benchmark,silicone_curated,sil_sl,15-40,1,42481.849006288285,37020.0,14.753779055343825,14.753779055343825,0.9995998853736934,18.232553221582954,16
Silicone,l60000_sil_a37020,l60000_sil_a37020,2,newtonian,benchmark,silicone_curated,sil_sl,15-40,1,42016.649871506714,37020.0,13.497163348208304,13.497163348208304,0.9991744038123199,18.03289694056082,16
Silicone,l60000_sil_a37020,l60000_sil_a37020,3,newtonian,benchmark,silicone_curated,sil_sl,15-40,1,40500.51906186848,37020.0,9.401726261125011,9.401726261125011,0.99842587424801,17.38219702226115,16
Silicone,l60000_sil_a37020,l60000_sil_a37020,4,newtonian,benchmark,silicone_curated,sil_sl,15-40,1,39793.11415701856,37020.0,7.490854016797832,7.490854016797832,0.9998436065610056,17.078589766960754,16
Silicone,l60000_sil_a37020,l60000_sil_a37020,5,newtonian,benchmark,silicone_curated,sil_sl,15-40,1,37666.18813310905,37020.0,1.7455108944058564,1.7455108944058564,0.9989431957938497,16.165745979875126,16
Silicone,l60000_sil_a37020,l60000_sil_a37020,6,newtonian,benchmark,silicone_curated,sil_sl,15-40,1,36269.74852140375,37020.0,2.0266112333772246,2.0266112333772246,0.9990451750508925,15.566415674422208,16
Silicone,l60000_sil_a37020,l60000_sil_a37020,7,newtonian,benchmark,silicone_curated,sil_sl,15-40,1,38933.42691258032,37020.0,5.168630233874442,5.168630233874442,0.9993019531874667,16.709625284369235,16
Silicone,l60000_sil_a37020,l60000_sil_a37020,8,newtonian,benchmark,silicone_curated,sil_sl,15-40,1,39902.99138667664,37020.0,7.78765906719783,7.78765906719783,0.9995344087969588,17.12574737625607,16
Silicone,l60000_sil_a37020,l60000_sil_a37020,9,newtonian,benchmark,silicone_curated,sil_sl,15-40,1,36370.57681028054,37020.0,1.754249567043388,1.754249567043388,0.9989967412193519,15.609689618146154,16
Silicone,l60000_sil_a37020,l60000_sil_a37020,10,newtonian,benchmark,silicone_curated,sil_sl,15-40,1,35071.931222669555,37020.0,5.2622063136965025,5.2622063136965025,0.9988743722264132,15.052330996853886,16
Silicone,l60000_sil_a37020,l60000_sil_a37020,11,newtonian,benchmark,silicone_curated,sil_sl,15-40,1,37040.13504443263,37020.0,0.0543896392021362,0.0543896392021362,0.999089212758641,15.897053667138467,16
Silicone,l60000_sil_a37020,l60000_sil_a37020,12,newtonian,benchmark,silicone_curated,sil_sl,15-40,1,37850.63249917946,37020.0,2.2437398681238814,2.2437398681238814,0.9992377580177042,16.244906652008353,16
Silicone,l60000_sil_a37020,l60000_sil_a37020,13,newtonian,benchmark,silicone_curated,sil_sl,15-40,1,37849.28290806956,37020.0,2.240094295163585,2.240094295163585,0.9988805279206064,16.244327428356033,16
Silicone,l60000_sil_a37020,l60000_sil_a37020,14,newtonian,benchmark,silicone_curated,sil_sl,15-40,1,37684.65479538113,37020.0,1.7953938286902522,1.7953938286902522,0.9993102628381768,16.173671586000484,16
Silicone,l60000_sil_a37020,l60000_sil_a37020,16,newtonian,benchmark,silicone_curated,sil_sl,15-40,1,36428.34835934435,37020.0,1.5981945992859197,1.5981945992859197,0.9995945041471689,15.63448427439672,16
Silicone,l60000_sil_a37020,l60000_sil_a37020,17,newtonian,benchmark,silicone_curated,sil_sl,15-40,1,39989.7042916644,37020.0,8.021891657656399,8.021891657656399,0.9996417171438258,17.162963215306608,16
Silicone,l60000_sl_a37020,l60000_sl_a37020,14,newtonian,benchmark,silicone_curated,sil_sl,15-40,1,41159.24539002633,37020.0,11.1811058617675,11.1811058617675,0.9996212480903897,17.664912184560656,1
Silicone,l70000_sdl_a99220,l70000_sdl_a99220,17,newtonian,benchmark,silicone_curated,sdl,40+,1,123327.163570911,99220.0,24.296677656632735,24.296677656632735,0.9990650589744665,52.93011312056266,1
Silicone,l75000_sdl_70730,l75000_sdl_70730,16,newtonian,benchmark,silicone_curated,sdl,40+,1,71401.74120217466,70730.0,0.9497260033573545,0.9497260033573545,0.9987319509086205,30.644524121105004,1
Silicone,l8000_sdl_a8930,l8000_sdl_a8930,6,newtonian,benchmark,silicone_curated,sdl,5-15,1,10187.12288287844,8930.0,14.077523884417028,14.077523884417028,0.9993073529676418,4.372155743724653,1
Silicone,l95000_sdl_a93270,l95000_sdl_a93270,17,newtonian,benchmark,silicone_curated,sdl,40+,1,98184.50718445437,93270.0,5.269118885444806,5.269118885444806,0.999301966801615,42.13927346972291,1
Solagum,Solagum|1%,1%sola_522,2,strong_shear_thinning,benchmark,polymer_reference,other,0-5,2,1293.4407298884187,958.1,35.328661244423834,35.328661244423834,0.9953702672912739,0.16818795938943518,1
