row,cell,Cell_Label,fluid_id,RPM,h_mm,T_pct,T_pred_pct,abs_err,ape_pct
1,1,1kcP_bluesil,r1_c1|1kcP_bluesil,45.0,0.0,72.82998,81.73575059340655,8.905770593406544,12.2281656447064
1,1,1kcP_bluesil,r1_c1|1kcP_bluesil,45.0,0.01999999999999602,74.89998,76.22146666630242,1.3214866663024196,1.764335139078034
1,1,1kcP_bluesil,r1_c1|1kcP_bluesil,45.0,0.03999999999999204,74.01001500000001,71.51691779020982,2.493097209790193,3.368594385219612
1,1,1kcP_bluesil,r1_c1|1kcP_bluesil,45.0,0.060000000000002274,69.49998,67.45594733150566,2.0440326684943386,2.9410550456192057
1,1,1kcP_bluesil,r1_c1|1kcP_bluesil,45.0,0.0799999999999983,65.489985,63.91494844988425,1.5750365501157546,2.405003681273945
1,1,1kcP_bluesil,r1_c1|1kcP_bluesil,45.0,0.09999999999999432,61.690005,60.80006329577158,0.8899417042284199,1.4426027429053052
1,1,1kcP_bluesil,r1_c1|1kcP_bluesil,45.0,0.11999999999999034,59.400000000000006,58.03874117156743,1.3612588284325753,2.2916815293477697
1,1,1kcP_bluesil,r1_c1|1kcP_bluesil,45.0,0.14000000000000057,56.740005,55.57401694591611,1.1659880540838898,2.0549664281557427
1,1,1kcP_bluesil,r1_c1|1kcP_bluesil,45.0,0.1599999999999966,54.509985,53.36053919098635,1.149445809013649,2.108688543967952
1,1,1kcP_bluesil,r1_c1|1kcP_bluesil,45.0,0.1799999999999926,52.47,51.36175405251586,1.1082459474841357,2.112151605649201
1,1,1kcP_bluesil,r1_c1|1kcP_bluesil,45.0,0.19999999999998863,50.700015,49.54787065559917,1.1521443444008312,2.2724733797432433
1,1,1kcP_bluesil,r1_c1|1kcP_bluesil,45.0,0.21999999999999886,48.94002,47.89436619132326,1.0456538086767395,2.1366027408177186
1,1,1kcP_bluesil,r1_c1|1kcP_bluesil,45.0,0.23999999999999488,47.51001000000001,46.38087074478282,1.12913925521719,2.3766344297068973
1,1,1kcP_bluesil,r1_c1|1kcP_bluesil,45.0,0.2599999999999909,46.099979999999995,44.99032389561991,1.109656104380086,2.407064177424993
1,1,1kcP_bluesil,r1_c1|1kcP_bluesil,45.0,0.28000000000000114,44.689994999999996,43.70832883623507,0.9816661637649275,2.1966128297059053
1,1,1kcP_bluesil,r1_c1|1kcP_bluesil,45.0,0.29999999999999716,43.489979999999996,42.52265206832102,0.9673279316789731,2.2242547172451523
1,1,1kcP_bluesil,r1_c1|1kcP_bluesil,45.0,0.3199999999999932,42.38001,41.422831782370864,0.957178217629135,2.2585606223998886
1,1,1kcP_bluesil,r1_c1|1kcP_bluesil,45.0,0.3399999999999892,41.459984999999996,40.3998683380097,1.0601166619902926,2.556963447985552
1,1,1kcP_bluesil,r1_c1|1kcP_bluesil,45.0,0.35999999999999943,39.820005,39.4459774424931,0.3740275575068992,0.9392956065849294
1,1,1kcP_bluesil,r1_c1|1kcP_bluesil,45.0,0.37999999999999545,38.68002,38.55439169401715,0.12562830598285046,0.3247886272624742
1,1,1kcP_bluesil,r1_c1|1kcP_bluesil,45.0,0.3999999999999915,37.669995,37.71919978287295,0.04920478287294827,0.13062062491101545
1,1,1kcP_bluesil,r1_c1|1kcP_bluesil,45.0,0.4200000000000017,36.79002,36.935215269367276,0.145195269367278,0.3946593923223689
1,1,1kcP_bluesil,r1_c1|1kcP_bluesil,45.0,0.4399999999999977,36.019980000000004,36.19786878033772,0.17788878033771738,0.4938614078567433
1,1,1kcP_bluesil,r1_c1|1kcP_bluesil,45.0,0.45999999999999375,35.19,35.503118889125176,0.31311888912517816,0.8897950813446381
1,1,1kcP_bluesil,r1_c1|1kcP_bluesil,45.0,0.47999999999998977,34.439985,34.84737800735937,0.40739300735936723,1.1829070406371176
1,1,1kcP_bluesil,r1_c1|1kcP_bluesil,45.0,0.5,33.76998,34.227450419003645,0.4574704190036485,1.3546659459189747
1,1,1kcP_bluesil,r1_c1|1kcP_bluesil,45.0,0.519999999999996,32.980005,33.6404801973375,0.6604751973375045,2.0026534178436433
1,1,1kcP_bluesil,r1_c1|1kcP_bluesil,45.0,0.539999999999992,32.340014999999994,33.08390721355428,0.7438922135542896,2.3002222279559543
1,1,1kcP_bluesil,r1_c1|1kcP_bluesil,45.0,0.5600000000000023,31.810005,32.555429807366856,0.7454248073668559,2.3433658918533835
1,1,1kcP_bluesil,r1_c1|1kcP_bluesil,45.0,0.5799999999999983,31.720005,32.052972971559974,0.3329679715599738,1.049709707044415
1,1,1kcP_bluesil,r1_c1|1kcP_bluesil,45.0,0.5999999999999943,31.620015000000002,31.57466112310426,0.04535387689574222,0.14343407773760453
1,1,1kcP_bluesil,r1_c1|1kcP_bluesil,45.0,0.6199999999999903,31.549995000000003,31.118794707530835,0.4312002924691676,1.366720636466559
1,1,1kcP_bluesil,r1_c1|1kcP_bluesil,45.0,0.6400000000000006,31.429979999999997,30.683830021411502,0.7461499785884946,2.374007169551157
1,1,1kcP_bluesil,r1_c1|1kcP_bluesil,45.0,0.6599999999999966,31.23999,30.268361748090264,0.9716282519097348,3.1102066675108886
1,1,1kcP_bluesil,r1_c1|1kcP_bluesil,45.0,0.6799999999999926,30.630015,29.871107790336044,0.7589072096639562,2.477658628844799
1,1,1kcP_bluesil,r1_c1|1kcP_bluesil,45.0,0.6999999999999886,30.029984999999996,29.490896055039112,0.5390889449608842,1.795168878575478
1,1,1kcP_bluesil,r1_c1|1kcP_bluesil,45.0,0.7199999999999989,29.34999,29.126652903001727,0.22333709699827153,0.7609443716957707
1,1,1kcP_bluesil,r1_c1|1kcP_bluesil,45.0,0.7399999999999949,28.750005,28.777393024096384,0.02738802409638197,0.09526267594173277
1,1,1kcP_bluesil,r1_c1|1kcP_bluesil,45.0,0.7599999999999909,28.09998,28.442210536707915,0.34223053670791614,1.2179031326994403
1,1,1kcP_bluesil,r1_c1|1kcP_bluesil,45.0,0.7800000000000011,27.54999,28.120271142163542,0.570281142163541,2.0699867483202024
1,1,1kcP_bluesil,r1_c1|1kcP_bluesil,45.0,0.7999999999999972,26.879985,27.81080519108541,0.9308201910854095,3.4628746671004818
1,1,1kcP_bluesil,r1_c1|1kcP_bluesil,45.0,0.8199999999999932,26.28999,27.513101540351425,1.2231115403514252,4.652384958501031
1,1,1kcP_bluesil,r1_c1|1kcP_bluesil,45.0,0.8399999999999892,25.47999,27.22650209745573,1.746512097455728,6.854445772764149
1,1,1kcP_bluesil,r1_c1|1kcP_bluesil,45.0,0.8599999999999994,24.76998,26.95039696416952,2.1804169641695204,8.802659364963235
1,1,1kcP_bluesil,r1_c1|1kcP_bluesil,45.0,0.8799999999999955,23.56002,26.684220104080325,3.124200104080323,13.26060039032362
1,2,1kcP_siltech,r1_c2|1kcP_siltech,43.0,0.0,70.939981,77.159183617342,6.219202617341992,8.766851258871906
1,2,1kcP_siltech,r1_c2|1kcP_siltech,43.0,0.020000000000010232,71.189983,71.79845256410586,0.6084695641058602,0.8547123323598211
1,2,1kcP_siltech,r1_c2|1kcP_siltech,43.0,0.04000000000000625,70.780021,67.2249083678131,3.555112632186905,5.022762895460153
1,2,1kcP_siltech,r1_c2|1kcP_siltech,43.0,0.060000000000002274,63.479997,63.277021256448556,0.2029757435514412,0.31974756323860765
1,2,1kcP_siltech,r1_c2|1kcP_siltech,43.0,0.0800000000000125,60.390017,59.83462639337679,0.555390606623213,0.9196728767657295
1,2,1kcP_siltech,r1_c2|1kcP_siltech,43.0,0.10000000000000853,57.359978999999996,56.80647953085701,0.5534994691429844,0.9649575867923251
1,2,1kcP_siltech,r1_c2|1kcP_siltech,43.0,0.12000000000000455,55.000009999999996,54.12205024595221,0.8779597540477866,1.5962901716704898
1,2,1kcP_siltech,r1_c2|1kcP_siltech,43.0,0.14000000000000057,52.569994,51.72595968029419,0.8440343197058127,1.6055438768089125
1,2,1kcP_siltech,r1_c2|1kcP_siltech,43.0,0.1600000000000108,50.639982,49.574119279371814,1.0658627206281892,2.1047849515985
1,2,1kcP_siltech,r1_c2|1kcP_siltech,43.0,0.18000000000000682,48.570004999999995,47.63099308163086,0.9390119183691326,1.933316495168433
1,2,1kcP_siltech,r1_c2|1kcP_siltech,43.0,0.20000000000000284,46.929984999999995,45.86761978033984,1.0623652196601583,2.2637237571249136
1,2,1kcP_siltech,r1_c2|1kcP_siltech,43.0,0.22000000000001307,45.200009,44.260159438166795,0.9398495618332063,2.0793127758740186
1,2,1kcP_siltech,r1_c2|1kcP_siltech,43.0,0.2400000000000091,43.800015,42.78880936870168,1.0112056312983242,2.3086878652857177
1,2,1kcP_siltech,r1_c2|1kcP_siltech,43.0,0.2600000000000051,42.289984000000004,41.43698422262208,0.8529997773779243,2.0170255381934505
1,2,1kcP_siltech,r1_c2|1kcP_siltech,43.0,0.28000000000000114,41.010003000000005,40.190688091378235,0.8193149086217701,1.9978416207913228
1,2,1kcP_siltech,r1_c2|1kcP_siltech,43.0,0.30000000000001137,39.709984,39.03802813536548,0.6719558646345192,1.6921584874839517
1,2,1kcP_siltech,r1_c2|1kcP_siltech,43.0,0.3200000000000074,38.579987,37.96883386865601,0.6111531313439897,1.5841195885939248
1,2,1kcP_siltech,r1_c2|1kcP_siltech,43.0,0.3400000000000034,37.37001,36.97435625832588,0.39565374167412415,1.0587466839696433
1,2,1kcP_siltech,r1_c2|1kcP_siltech,43.0,0.35999999999999943,36.330011999999996,36.047027776044885,0.28298422395511125,0.7789268661819084
1,2,1kcP_siltech,r1_c2|1kcP_siltech,43.0,0.38000000000000966,35.290014,35.18026946768408,0.10974453231592207,0.31097899909000337
1,2,1kcP_siltech,r1_c2|1kcP_siltech,43.0,0.4000000000000057,34.360009999999996,34.36833463214315,0.008324632143157373,0.024227676718247097
1,2,1kcP_siltech,r1_c2|1kcP_siltech,43.0,0.4200000000000017,33.390015999999996,33.60618125332587,0.216165253325876,0.6473948779355961
1,2,1kcP_siltech,r1_c2|1kcP_siltech,43.0,0.44000000000001194,32.570006,32.889367198593064,0.31936119859306444,0.9805377333767283
1,2,1kcP_siltech,r1_c2|1kcP_siltech,43.0,0.46000000000000796,31.620007,32.21396358041034,0.5939565804103424,1.878420142064935
1,2,1kcP_siltech,r1_c2|1kcP_siltech,43.0,0.480000000000004,30.720017000000002,31.57648271177432,0.8564657117743195,2.7879727793585514
1,2,1kcP_siltech,r1_c2|1kcP_siltech,43.0,0.5,29.650005,30.97381786578825,1.3238128657882484,4.464798119893229
1,2,1kcP_siltech,r1_c2|1kcP_siltech,43.0,0.5200000000000102,28.529984,30.403192642965685,1.873208642965686,6.565754270895091
1,2,1kcP_siltech,r1_c2|1kcP_siltech,43.0,0.5400000000000063,26.530011,29.862118204833916,3.3321072048339175,12.559765636108924
1,3,2kcP_sdl5,r1_c3|2kcP_sdl5,15.0,0.0,56.119995,61.49192155466531,5.371926554665308,9.572214955944505
1,3,2kcP_sdl5,r1_c3|2kcP_sdl5,15.0,0.020000000000010232,57.709995,57.48051006677361,0.22948493322638797,0.39765197211746073
1,3,2kcP_sdl5,r1_c3|2kcP_sdl5,15.0,0.04000000000000625,56.899995000000004,54.05814704441793,2.8418479555820753,4.99446081775943
1,3,2kcP_sdl5,r1_c3|2kcP_sdl5,15.0,0.060000000000002274,51.139995,51.10396046908746,0.03603453091253783,0.07046252333919437
1,3,2kcP_sdl5,r1_c3|2kcP_sdl5,15.0,0.0800000000000125,48.820005,48.528031521626204,0.29197347837379795,0.5980611398417471
1,3,2kcP_sdl5,r1_c3|2kcP_sdl5,15.0,0.10000000000000853,46.969995000000004,46.26208253244829,0.707912467551715,1.507158916137238
1,3,2kcP_sdl5,r1_c3|2kcP_sdl5,15.0,0.12000000000000455,45.089999999999996,44.25333589603581,0.8366641039641891,1.8555424794060527
1,3,2kcP_sdl5,r1_c3|2kcP_sdl5,15.0,0.14000000000000057,43.549994999999996,42.46035185604985,1.0896431439501484,2.5020511344493803
1,3,2kcP_sdl5,r1_c3|2kcP_sdl5,15.0,0.1600000000000108,41.879999999999995,40.85013914090932,1.0298608590906753,2.4590755947723864
1,3,2kcP_sdl5,r1_c3|2kcP_sdl5,15.0,0.18000000000000682,40.579995,39.396106346756014,1.183888653243983,2.917419416251734
1,3,2kcP_sdl5,r1_c3|2kcP_sdl5,15.0,0.20000000000000284,39.139995,38.076581855041354,1.0634131449586448,2.716947574874869
1,3,2kcP_sdl5,r1_c3|2kcP_sdl5,15.0,0.21999999999999886,37.930005,36.87372634543203,1.0562786545679685,2.784810217051035
1,3,2kcP_sdl5,r1_c3|2kcP_sdl5,15.0,0.2400000000000091,36.670004999999996,35.77272155471342,0.8972834452865754,2.4469138885761685
1,3,2kcP_sdl5,r1_c3|2kcP_sdl5,15.0,0.2600000000000051,35.590005,34.761156738879016,0.8288482611209815,2.3288793050773147
1,3,2kcP_sdl5,r1_c3|2kcP_sdl5,15.0,0.28000000000000114,34.339995,33.82855882106918,0.5114361789308219,1.4893309650476707
1,3,2kcP_sdl5,r1_c3|2kcP_sdl5,15.0,0.30000000000001137,33.310005000000004,32.96602844167419,0.34397655832581364,1.0326523767433047
1,3,2kcP_sdl5,r1_c3|2kcP_sdl5,15.0,0.3200000000000074,32.160000000000004,32.16595507077132,0.005955070771314297,0.01851701110483301
1,3,2kcP_sdl5,r1_c3|2kcP_sdl5,15.0,0.3400000000000034,31.090005,31.42179184547368,0.33178684547367965,1.0671817050967976
1,3,2kcP_sdl5,r1_c3|2kcP_sdl5,15.0,0.35999999999999943,29.73,30.727876017589434,0.9978760175894337,3.356461545877678
1,3,2kcP_sdl5,r1_c3|2kcP_sdl5,15.0,0.38000000000000966,28.390005000000002,30.079284584656946,1.6892795846569442,5.950261666586336
1,3,2kcP_sdl5,r1_c3|2kcP_sdl5,15.0,0.4000000000000057,24.919995,29.47171731549836,4.55172231549836,18.265342009492215
1,4,4kcP,r1_c4|4kcP,8.0,0.0,62.18,69.63842180564541,7.458421805645408,11.994888719275341
1,4,4kcP,r1_c4|4kcP,8.0,0.01999999999999602,67.0,65.29299525308403,1.7070047469159704,2.5477682789790603
1,4,4kcP,r1_c4|4kcP,8.0,0.04000000000000625,64.7,61.58566500417809,3.1143349958219133,4.813500766339897
1,4,4kcP,r1_c4|4kcP,8.0,0.060000000000002274,59.09,58.38549448454469,0.7045055154553168,1.1922584455158516
1,4,4kcP,r1_c4|4kcP,8.0,0.0799999999999983,56.4,55.59507767500102,0.8049223249989765,1.4271672429059867
1,4,4kcP,r1_c4|4kcP,8.0,0.09999999999999432,53.96,53.14045168261606,0.8195483173839406,1.5188071115343598
1,4,4kcP,r1_c4|4kcP,8.0,0.12000000000000455,51.84,50.964444310249704,0.8755556897502998,1.6889577348578315
1,4,4kcP,r1_c4|4kcP,8.0,0.14000000000000057,49.84,49.02216526976818,0.817834730231823,1.6409204057620845
1,4,4kcP,r1_c4|4kcP,8.0,0.1599999999999966,48.24,47.277876231168214,0.9621237688317876,1.9944522571139873
1,4,4kcP,r1_c4|4kcP,8.0,0.18000000000000682,46.5,45.70277162494931,0.7972283750506932,1.7144696237649317
1,4,4kcP,r1_c4|4kcP,8.0,0.20000000000000284,45.09,44.273375318845275,0.8166246811547282,1.8110993150470795
1,4,4kcP,r1_c4|4kcP,8.0,0.21999999999999886,43.59,42.970362579780286,0.6196374202197177,1.4215127786641837
1,4,4kcP,r1_c4|4kcP,8.0,0.23999999999999488,42.37,41.777681283800774,0.5923187161992232,1.3979672320019427
1,4,4kcP,r1_c4|4kcP,8.0,0.2600000000000051,41.06,40.68188729117797,0.3781127088220302,0.9208784920166345
1,4,4kcP,r1_c4|4kcP,8.0,0.28000000000000114,40.02,39.671635471550545,0.34836452844945853,0.8704760830821051
1,4,4kcP,r1_c4|4kcP,8.0,0.29999999999999716,38.9,38.73728544928852,0.16271455071147756,0.4182893334485284
1,4,4kcP,r1_c4|4kcP,8.0,0.3199999999999932,37.96,37.870592994421884,0.0894070055781171,0.23552951943655712
1,4,4kcP,r1_c4|4kcP,8.0,0.3400000000000034,36.95,37.06446611154952,0.11446611154951825,0.3097864994574242
1,4,4kcP,r1_c4|4kcP,8.0,0.35999999999999943,36.11,36.312770536853535,0.20277053685353508,0.5615356877694131
1,4,4kcP,r1_c4|4kcP,8.0,0.37999999999999545,35.21,35.61017334807451,0.4001733480745102,1.136533223727663
1,4,4kcP,r1_c4|4kcP,8.0,0.4000000000000057,34.45,34.95201625004512,0.5020162500451164,1.457231495051136
1,4,4kcP,r1_c4|4kcP,8.0,0.4200000000000017,33.69,34.3342121676262,0.6442121676262005,1.9121762173529253
1,4,4kcP,r1_c4|4kcP,8.0,0.4399999999999977,32.98,33.75316029321726,0.7731602932172663,2.3443307859832214
1,4,4kcP,r1_c4|4kcP,8.0,0.45999999999999375,32.22,33.205675857418626,0.9856758574186273,3.0592050199212517
1,4,4kcP,r1_c4|4kcP,8.0,0.480000000000004,31.55,32.688931729460094,1.1389317294600936,3.6099262423457796
1,4,4kcP,r1_c4|4kcP,8.0,0.5,30.81,32.20040958611101,1.3904095861110086,4.512851626455724
1,5,5kcP_bluesil,r1_c5|5kcP_bluesil,9.0,0.0,58.719996,65.47934688276665,6.759350882766647,11.511156919640538
1,5,5kcP_bluesil,r1_c5|5kcP_bluesil,9.0,0.01999999999999602,60.159996,60.852768927532,0.6927729275319976,1.1515508204688005
1,5,5kcP_bluesil,r1_c5|5kcP_bluesil,9.0,0.03999999999999204,60.300000000000004,56.90557244523471,3.3944275547652936,5.6292330924797565
1,5,5kcP_bluesil,r1_c5|5kcP_bluesil,9.0,0.05999999999998806,52.880004,53.49834919567777,0.6183451956777688,1.169336514569418
1,5,5kcP_bluesil,r1_c5|5kcP_bluesil,9.0,0.0799999999999983,50.67,50.5273909385762,0.14260906142380492,0.2814467365774717
1,5,5kcP_bluesil,r1_c5|5kcP_bluesil,9.0,0.09999999999999432,48.310002000000004,47.913949342602095,0.3960526573979095,0.8198150300178201
1,5,5kcP_bluesil,r1_c5|5kcP_bluesil,9.0,0.11999999999999034,46.600002,45.59715313913681,1.002848860863196,2.152036089747799
1,5,5kcP_bluesil,r1_c5|5kcP_bluesil,9.0,0.14000000000000057,44.659997999999995,43.52920761459075,1.1307903854092416,2.5319982894070927
1,5,5kcP_bluesil,r1_c5|5kcP_bluesil,9.0,0.1599999999999966,43.190001,41.672062150059276,1.5179388499407267,3.5145608122137495
1,5,5kcP_bluesil,r1_c5|5kcP_bluesil,9.0,0.1799999999999926,41.499999,39.9950474404169,1.5049515595831053,3.62638938758313
1,5,5kcP_bluesil,r1_c5|5kcP_bluesil,9.0,0.19999999999998863,40.210002,38.47316843518619,1.7368335648138142,4.319406810310067
1,5,5kcP_bluesil,r1_c5|5kcP_bluesil,9.0,0.21999999999999886,38.899998,37.085850080812214,1.814147919187782,4.663619569306359
1,5,5kcP_bluesil,r1_c5|5kcP_bluesil,9.0,0.23999999999999488,37.680003,35.81600167240983,1.8640013275901666,4.946924573201777
1,5,5kcP_bluesil,r1_c5|5kcP_bluesil,9.0,0.2599999999999909,36.469998000000004,34.64930922727912,1.8206887727208851,4.992291945617559
1,5,5kcP_bluesil,r1_c5|5kcP_bluesil,9.0,0.2799999999999869,35.340003,33.573693579105495,1.7663094208945083,4.998045475249416
1,5,5kcP_bluesil,r1_c5|5kcP_bluesil,9.0,0.29999999999999716,34.299999,32.57889061484285,1.7211083851571516,5.017808849373878
1,5,5kcP_bluesil,r1_c5|5kcP_bluesil,9.0,0.3199999999999932,33.280002,31.656122698470956,1.6238793015290476,4.879444723377864
1,5,5kcP_bluesil,r1_c5|5kcP_bluesil,9.0,0.3399999999999892,32.120001,30.797838978724645,1.322162021275357,4.116319987895881
1,5,5kcP_bluesil,r1_c5|5kcP_bluesil,9.0,0.35999999999999943,31.159998,29.997508301661778,1.1624896983382236,3.7307117232107125
1,5,5kcP_bluesil,r1_c5|5kcP_bluesil,9.0,0.37999999999999545,29.799999,29.24945270212603,0.5505462978739679,1.8474708602304581
1,5,5kcP_bluesil,r1_c5|5kcP_bluesil,9.0,0.3999999999999915,28.539998999999998,28.54871249078198,0.008713490781982358,0.03053080268847367
1,5,5kcP_bluesil,r1_c5|5kcP_bluesil,9.0,0.4199999999999875,26.379999,27.89093615656028,1.5109371565602778,5.727586102487258
1,5,5kcP_bluesil,r1_c5|5kcP_bluesil,9.0,0.4399999999999977,22.550003999999998,27.272289917698984,4.722285917698986,20.941397250745442
1,5,5kcP_bluesil,r1_c5|5kcP_bluesil,9.0,0.45999999999999375,16.530003,26.68938294852998,10.159379948529978,61.46024261780217
1,6,8kcP,r1_c6|8kcP,5.6,0.0,62.77999839999999,64.10717576096229,1.3271773609623025,2.1140130531801713
1,6,8kcP,r1_c6|8kcP,5.6,0.01999999999999602,60.7899992,60.03621925794537,0.7537799420546278,1.2399736008791193
1,6,8kcP,r1_c6|8kcP,5.6,0.03999999999999204,55.3199976,56.563055000524194,1.2430574005241937,2.2470308287290917
1,6,8kcP,r1_c6|8kcP,5.6,0.060000000000002274,52.6699992,53.565016757306054,0.8950175573060548,1.6992929008931044
1,6,8kcP,r1_c6|8kcP,5.6,0.0799999999999983,50.699997599999996,50.95085096264002,0.2508533626400222,0.4947798313900162
1,6,8kcP,r1_c6|8kcP,5.6,0.09999999999999432,48.69000079999999,48.651266439623775,0.03873436037621758,0.07955300829696758
1,6,8kcP,r1_c6|8kcP,5.6,0.12000000000000455,47.020002399999996,46.612702156923824,0.40730024307617185,0.8662276101376206
1,6,8kcP,r1_c6|8kcP,5.6,0.14000000000000057,45.3499984,44.79310323035561,0.5568951696443847,1.2279938021880608
1,6,8kcP,r1_c6|8kcP,5.6,0.1599999999999966,43.8799984,43.1589886690028,0.7210097309971957,1.6431398297343505
1,6,8kcP,r1_c6|8kcP,5.6,0.1799999999999926,42.4300016,41.68337234870513,0.7466292512948698,1.759672927504367
1,6,8kcP,r1_c6|8kcP,5.6,0.20000000000000284,41.2700008,40.344260959445315,0.9257398405546837,2.2431301735150044
1,6,8kcP,r1_c6|8kcP,5.6,0.21999999999999886,39.9100016,39.12355037569749,0.7864512243025104,1.9705617458619957
1,6,8kcP,r1_c6|8kcP,5.6,0.23999999999999488,38.890000799999996,38.00620237334027,0.8837984266597232,2.272559548673816
1,6,8kcP,r1_c6|8kcP,5.6,0.2600000000000051,37.689999199999995,36.97962198444721,0.7103772155527821,1.884789680634385
1,6,8kcP,r1_c6|8kcP,5.6,0.28000000000000114,36.75,36.03318067079234,0.7168193292076595,1.9505287869596175
1,6,8kcP,r1_c6|8kcP,5.6,0.29999999999999716,35.7199976,35.15784697150808,0.5621506284919207,1.5737700623247541
1,6,8kcP,r1_c6|8kcP,5.6,0.3199999999999932,34.8199992,34.34589738667956,0.47410181332043777,1.3615790471369045
1,6,8kcP,r1_c6|8kcP,5.6,0.3400000000000034,33.9399984,33.59068787240262,0.3493105275973818,1.0292001887583524
1,6,8kcP,r1_c6|8kcP,5.6,0.35999999999999943,33.120001599999995,32.88647162318449,0.23352997681550391,0.7051025529404079
1,6,8kcP,r1_c6|8kcP,5.6,0.37999999999999545,32.2999992,32.22825255997758,0.07174664002242537,0.22212582600443337
1,6,8kcP,r1_c6|8kcP,5.6,0.3999999999999915,31.629998399999998,31.611666619375644,0.018331780624354366,0.05795694451996673
1,6,8kcP,r1_c6|8kcP,5.6,0.4200000000000017,30.9100008,31.03288487804508,0.12288407804508239,0.3975544317846876
1,6,8kcP,r1_c6|8kcP,5.6,0.4399999999999977,30.290002399999995,30.488533966091243,0.19853156609124767,0.6554359536506597
1,6,8kcP,r1_c6|8kcP,5.6,0.45999999999999375,29.620001599999995,29.975630273609934,0.3556286736099388,1.200636915596719
1,6,8kcP,r1_c6|8kcP,5.6,0.480000000000004,29.030002399999997,29.491525239808684,0.461522839808687,1.5898133022844225
1,6,8kcP,r1_c6|8kcP,5.6,0.5,28.4300016,29.03385960623297,0.6038580062329686,2.124016785960957
1,6,8kcP,r1_c6|8kcP,5.6,0.519999999999996,27.919998399999997,28.60052496613149,0.6805265661314941,2.437416207486223
1,6,8kcP,r1_c6|8kcP,5.6,0.539999999999992,27.3999992,28.18963128751641,0.7896320875164093,2.881869016683801
1,6,8kcP,r1_c6|8kcP,5.6,0.5600000000000023,26.8999976,27.79947935448999,0.8994817544899902,3.3437986421604373
1,6,8kcP,r1_c6|8kcP,5.6,0.5799999999999983,26.3000024,27.428537279280683,1.1285348792806822,4.291006753979164
2,7,10kcP_siltech,r2_c7|10kcP_siltech,4.2,0.0,68.0800008,71.16866639279475,3.0886655927947544,4.536817797444495
2,7,10kcP_siltech,r2_c7|10kcP_siltech,4.2,0.01999999999999602,66.36,66.0794520899594,0.2805479100405961,0.4227665913812479
2,7,10kcP_siltech,r2_c7|10kcP_siltech,4.2,0.03999999999999204,62.1399996,61.73755425787372,0.4024453421262848,0.6476429750834514
2,7,10kcP_siltech,r2_c7|10kcP_siltech,4.2,0.060000000000002274,57.1800012,57.98962447858821,0.8096232785882123,1.415920359561329
2,7,10kcP_siltech,r2_c7|10kcP_siltech,4.2,0.0799999999999983,54.4500012,54.72158416856823,0.27158296856822517,0.4987749542386147
2,7,10kcP_siltech,r2_c7|10kcP_siltech,4.2,0.09999999999999432,51.7799982,51.84681052840773,0.06681232840772822,0.12903115243392999
2,7,10kcP_siltech,r2_c7|10kcP_siltech,4.2,0.11999999999999034,49.5399996,49.29834544481611,0.24165415518389466,0.48779603781808395
2,7,10kcP_siltech,r2_c7|10kcP_siltech,4.2,0.14000000000000057,47.409999000000006,47.023614954411926,0.3863840455880805,0.8149842938998595
2,7,10kcP_siltech,r2_c7|10kcP_siltech,4.2,0.1599999999999966,45.6000006,44.980763552795366,0.6192370472046349,1.357975962843814
2,7,10kcP_siltech,r2_c7|10kcP_siltech,4.2,0.1799999999999926,43.8199986,43.136055146505385,0.6839434534946136,1.5608020888768666
2,7,10kcP_siltech,r2_c7|10kcP_siltech,4.2,0.20000000000000284,42.3499986,41.46199529588791,0.8880033041120896,2.096820149864396
2,7,10kcP_siltech,r2_c7|10kcP_siltech,4.2,0.21999999999999886,40.7800008,39.9359515374179,0.8440492625821037,2.069762741598827
2,7,10kcP_siltech,r2_c7|10kcP_siltech,4.2,0.23999999999999488,39.5200008,38.5391241749475,0.9808766250524954,2.4819752155786783
2,7,10kcP_siltech,r2_c7|10kcP_siltech,4.2,0.2599999999999909,38.1599988,37.25576789386479,0.9042309061352043,2.3695779207812877
2,7,10kcP_siltech,r2_c7|10kcP_siltech,4.2,0.28000000000000114,37.060002000000004,36.072595667219616,0.9874063327803881,2.6643450606947834
2,7,10kcP_siltech,r2_c7|10kcP_siltech,4.2,0.29999999999999716,35.889999599999996,34.97831701824612,0.9116825817538725,2.540213407396841
2,7,10kcP_siltech,r2_c7|10kcP_siltech,4.2,0.3199999999999932,34.8800004,33.96327658801106,0.9167238119889376,2.628221907901519
2,7,10kcP_siltech,r2_c7|10kcP_siltech,4.2,0.3400000000000034,33.890001600000005,33.01916847512721,0.8708331248727958,2.56958714594099
2,7,10kcP_siltech,r2_c7|10kcP_siltech,4.2,0.35999999999999943,32.9599998,32.13880844053731,0.8211913594626878,2.4914786542647
2,7,10kcP_siltech,r2_c7|10kcP_siltech,4.2,0.37999999999999545,32.029998,31.315950748889414,0.7140472511105855,2.229307822968286
2,7,10kcP_siltech,r2_c7|10kcP_siltech,4.2,0.3999999999999915,31.239999,30.545139764907383,0.6948592350926184,2.2242613871166204
2,7,10kcP_siltech,r2_c7|10kcP_siltech,4.2,0.4200000000000017,30.369998400000004,29.82158884658719,0.5484095534128137,1.8057608900394726
2,7,10kcP_siltech,r2_c7|10kcP_siltech,4.2,0.4399999999999977,29.660001,29.141080851764862,0.5189201482351393,1.7495621400523194
2,7,10kcP_siltech,r2_c7|10kcP_siltech,4.2,0.45999999999999375,28.810000800000005,28.499885887923206,0.31011491207679853,1.076414104357812
2,7,10kcP_siltech,r2_c7|10kcP_siltech,4.2,0.47999999999998977,28.109999400000003,27.894692916623114,0.21530648337688874,0.7659426822217887
2,7,10kcP_siltech,r2_c7|10kcP_siltech,4.2,0.5,27.360001200000003,27.322552564205868,0.03744863579413504,0.13687366283498204
2,7,10kcP_siltech,r2_c7|10kcP_siltech,4.2,0.519999999999996,26.680000200000002,26.780829053604823,0.10082885360482052,0.37791923856440046
2,7,10kcP_siltech,r2_c7|10kcP_siltech,4.2,0.539999999999992,25.939998000000003,26.267159604028844,0.3271616040288414,1.2612244766897878
2,7,10kcP_siltech,r2_c7|10kcP_siltech,4.2,0.5600000000000023,25.2800016,25.779419979111335,0.49941837911133646,1.9755472606905866
2,7,10kcP_siltech,r2_c7|10kcP_siltech,4.2,0.5799999999999983,24.5099988,25.31569512396253,0.805696323962529,3.2872148649902377
2,7,10kcP_siltech,r2_c7|10kcP_siltech,4.2,0.5999999999999943,23.8200018,24.874254035227217,1.0542522352272172,4.425911652228411
2,7,10kcP_siltech,r2_c7|10kcP_siltech,4.2,0.6199999999999903,23.019998400000002,24.45352816891571,1.433529768915708,6.227323495016872
2,7,10kcP_siltech,r2_c7|10kcP_siltech,4.2,0.6400000000000006,22.26,24.05209281827186,1.7920928182718576,8.050731438777436
2,7,10kcP_siltech,r2_c7|10kcP_siltech,4.2,0.6599999999999966,20.139999600000003,23.668650995741118,3.5286513957411145,17.52061303785286
2,8,12.5kcP,r2_c8|12.5kcP,3.5,0.0,70.14,71.08225472928093,0.9422547292809327,1.3433914018832802
2,8,12.5kcP,r2_c8|12.5kcP,3.5,0.01999999999999602,63.839999999999996,66.36010220987163,2.520102209871631,3.947528524235011
2,8,12.5kcP,r2_c8|12.5kcP,3.5,0.03999999999999204,67.13999949999999,62.331365637434814,4.8086338625651734,7.162099938003685
2,8,12.5kcP,r2_c8|12.5kcP,3.5,0.060000000000002274,58.4200015,58.85375691501139,0.43375541501139026,0.742477582804222
2,8,12.5kcP,r2_c8|12.5kcP,3.5,0.0799999999999983,55.319999,55.8214254262599,0.5014264262598971,0.9064107652277742
2,8,12.5kcP,r2_c8|12.5kcP,3.5,0.09999999999999432,52.9100005,53.153996078658594,0.24399557865859123,0.46115210045895055
2,8,12.5kcP,r2_c8|12.5kcP,3.5,0.11999999999999034,50.629999,50.789340141807145,0.15934114180714687,0.3147168575040795
2,8,12.5kcP,r2_c8|12.5kcP,3.5,0.14000000000000057,48.6799985,48.67867557217902,0.0013229278209863082,0.0027176003733572593
2,8,12.5kcP,r2_c8|12.5kcP,3.5,0.1599999999999966,46.810001,46.78316571173787,0.02683528826212722,0.05732810871362131
2,8,12.5kcP,r2_c8|12.5kcP,3.5,0.1799999999999926,45.200001,45.07150769735938,0.12849330264062075,0.284277211942143
2,8,12.5kcP,r2_c8|12.5kcP,3.5,0.20000000000000284,43.629999,43.51819013774491,0.11180886225508857,0.2562660206686885
2,8,12.5kcP,r2_c8|12.5kcP,3.5,0.21999999999999886,42.2899995,42.10221294559302,0.18778655440698344,0.4440448253185329
2,8,12.5kcP,r2_c8|12.5kcP,3.5,0.23999999999999488,40.940000500000004,40.80613236097416,0.13386813902584294,0.3269861685171277
2,8,12.5kcP,r2_c8|12.5kcP,3.5,0.2599999999999909,39.810001,39.61533870690498,0.19466229309502125,0.48897836775995374
2,8,12.5kcP,r2_c8|12.5kcP,3.5,0.28000000000000114,38.64,38.51750328900266,0.12249671099733916,0.31702047359559826
2,8,12.5kcP,r2_c8|12.5kcP,3.5,0.29999999999999716,37.6300015,37.50214996102292,0.12785153897707602,0.33975959043497783
2,8,12.5kcP,r2_c8|12.5kcP,3.5,0.3199999999999932,36.5699985,36.5603197609729,0.009678739027094707,0.02646633695403271
2,8,12.5kcP,r2_c8|12.5kcP,3.5,0.3399999999999892,35.7099995,35.68430585419708,0.025693645802924436,0.07195084335670303
2,8,12.5kcP,r2_c8|12.5kcP,3.5,0.35999999999999943,34.79,34.867442167986624,0.07744216798662507,0.22259893068877573
2,8,12.5kcP,r2_c8|12.5kcP,3.5,0.37999999999999545,34.010000500000004,34.10393344335587,0.09393294335586688,0.2761921257715561
2,8,12.5kcP,r2_c8|12.5kcP,3.5,0.3999999999999915,33.2099985,33.388717535082705,0.17871903508270748,0.5381482780937418
2,8,12.5kcP,r2_c8|12.5kcP,3.5,0.4200000000000017,32.5900015,32.7173530397886,0.1273515397885987,0.39076874479002005
2,8,12.5kcP,r2_c8|12.5kcP,3.5,0.4399999999999977,31.910000500000002,32.085926978512674,0.17592647851267174,0.551320826562418
2,8,12.5kcP,r2_c8|12.5kcP,3.5,0.45999999999999375,31.360000000000003,31.49097847884927,0.1309784788492685,0.41766096571833067
2,8,12.5kcP,r2_c8|12.5kcP,3.5,0.47999999999998977,30.780001,30.92943531243921,0.14943431243921168,0.48549157759680284
2,8,12.5kcP,r2_c8|12.5kcP,3.5,0.5,30.3399985,30.398560830474935,0.058562330474934754,0.19302021545892545
2,8,12.5kcP,r2_c8|12.5kcP,3.5,0.519999999999996,29.8100005,29.89590936245113,0.08590886245112728,0.2881880610875108
2,9,15kcP_sdl5,r2_c9|15kcP_sdl5,2.6,0.0,59.3900008,61.95983042841428,2.5698296284142756,4.327040905536198
2,9,15kcP_sdl5,r2_c9|15kcP_sdl5,2.6,0.01999999999999602,56.2200002,58.5929269652298,2.372926765229799,4.220787543202106
2,9,15kcP_sdl5,r2_c9|15kcP_sdl5,2.6,0.03999999999999204,53.6800004,55.72043035224613,2.0404299522461358,3.8010989885278317
2,9,15kcP_sdl5,r2_c9|15kcP_sdl5,2.6,0.05999999999998806,51.029999800000006,53.24088891367675,2.2108891136767426,4.332528164495001
2,9,15kcP_sdl5,r2_c9|15kcP_sdl5,2.6,0.0799999999999983,50.269999,51.07883096467056,0.80883196467056,1.6089754938538192
2,9,15kcP_sdl5,r2_c9|15kcP_sdl5,2.6,0.09999999999999432,49.7800004,49.17694891589629,0.6030514841037089,1.2114332648814299
2,9,15kcP_sdl5,r2_c9|15kcP_sdl5,2.6,0.11999999999999034,49.4799994,47.49094486789049,1.9890545321095061,4.019916241368237
2,9,15kcP_sdl5,r2_c9|15kcP_sdl5,2.6,0.14000000000000057,48.969999,45.986037133569646,2.9839618664303558,6.093448902113222
2,9,15kcP_sdl5,r2_c9|15kcP_sdl5,2.6,0.1599999999999966,48.4200002,44.634535104063424,3.7854650959365728,7.81797827406158
2,9,15kcP_sdl5,r2_c9|15kcP_sdl5,2.6,0.1799999999999926,47.3499988,43.41411978018071,3.9358790198192892,8.312310706582931
2,9,15kcP_sdl5,r2_c9|15kcP_sdl5,2.6,0.19999999999998863,45.97999900000001,42.30660149283369,3.673397507166314,7.989120459020266
2,9,15kcP_sdl5,r2_c9|15kcP_sdl5,2.6,0.21999999999999886,44.4300012,41.297007141009075,3.132994058990924,7.051528188999743
2,9,15kcP_sdl5,r2_c9|15kcP_sdl5,2.6,0.23999999999999488,42.989999,40.37289929167912,2.617099708320879,6.087694275873044
2,9,15kcP_sdl5,r2_c9|15kcP_sdl5,2.6,0.2599999999999909,41.4400012,39.52386121818522,1.91613998181478,4.623889783610286
2,9,15kcP_sdl5,r2_c9|15kcP_sdl5,2.6,0.2799999999999869,40.1600004,38.74110253867486,1.4188978613251422,3.5331121693045158
2,9,15kcP_sdl5,r2_c9|15kcP_sdl5,2.6,0.29999999999999716,38.829999,38.01715374153582,0.8128452584641792,2.0933434957445636
2,9,15kcP_sdl5,r2_c9|15kcP_sdl5,2.6,0.3199999999999932,37.620000600000004,37.34562707033106,0.27437352966894224,0.7293288816931656
2,9,15kcP_sdl5,r2_c9|15kcP_sdl5,2.6,0.3399999999999892,36.310001,36.72102753772421,0.4110265377242115,1.1319926367509918
2,9,15kcP_sdl5,r2_c9|15kcP_sdl5,2.6,0.35999999999999943,35.0700012,36.13860222156868,1.068601021568682,3.0470515683035737
2,9,15kcP_sdl5,r2_c9|15kcP_sdl5,2.6,0.37999999999999545,33.8799994,35.59421909150993,1.7142196915099248,5.059680406930363
2,9,15kcP_sdl5,r2_c9|15kcP_sdl5,2.6,0.3999999999999915,32.8100006,35.08426882866015,2.274268228660148,6.931631170589335
2,9,15kcP_sdl5,r2_c9|15kcP_sdl5,2.6,0.4199999999999875,31.5800004,34.60558470421216,3.0255843042121633,9.580697485400169
2,9,15kcP_sdl5,r2_c9|15kcP_sdl5,2.6,0.4399999999999977,30.3400006,34.155376756942744,3.815376156942744,12.575399082038066
2,9,15kcP_sdl5,r2_c9|15kcP_sdl5,2.6,0.45999999999999375,28.900001,33.73117737843903,4.831176378439029,16.716872703357446
2,10,25kcP,r2_c10|25kcP,2.2,0.0,60.3400006,64.11617847041066,3.776177870410656,6.258166776369996
2,10,25kcP,r2_c10|25kcP,2.2,0.01999999999999602,64.94999940000001,60.467149383008504,4.482850016991506,6.902001629566613
2,10,25kcP,r2_c10|25kcP,2.2,0.04000000000000625,57.35999940000001,57.35395537288547,0.00604402711453389,0.01053700693472094
2,10,25kcP,r2_c10|25kcP,2.2,0.060000000000002274,54.770001,54.6666437431662,0.10335725683380304,0.18871143864650108
2,10,25kcP,r2_c10|25kcP,2.2,0.0799999999999983,52.31999960000001,52.32341874998369,0.0034191499836779826,0.006535072648735231
2,10,25kcP,r2_c10|25kcP,2.2,0.10000000000000853,50.4000002,50.262170783513646,0.13782941648635472,0.2734710633718504
2,10,25kcP,r2_c10|25kcP,2.2,0.12000000000000455,48.400000000000006,48.43489005511656,0.03489005511655563,0.07208689073668517
2,10,25kcP,r2_c10|25kcP,2.2,0.14000000000000057,46.779999200000006,46.80388038809297,0.023881188092964578,0.051049996796418445
2,10,25kcP,r2_c10|25kcP,2.2,0.1599999999999966,45.1800008,45.33913087232076,0.1591300723207567,0.35221352258310873
2,10,25kcP,r2_c10|25kcP,2.2,0.18000000000000682,43.7599998,44.01645231492896,0.2564525149289594,0.5860432269219511
2,10,25kcP,r2_c10|25kcP,2.2,0.20000000000000284,42.340001,42.81613086539845,0.47612986539844826,1.124539098141373
2,11,30kcP_bluesil,r2_c11|30kcP_bluesil,1.7,0.0,68.9600002,71.6480581952807,2.688057995280701,3.897995921526551
2,11,30kcP_bluesil,r2_c11|30kcP_bluesil,1.7,0.01999999999999602,64.8200004,66.99965077396021,2.1796503739602144,3.362620118034147
2,11,30kcP_bluesil,r2_c11|30kcP_bluesil,1.7,0.04000000000000625,62.879999500000004,63.033830334044524,0.1538308340445198,0.24464191359371718
2,11,30kcP_bluesil,r2_c11|30kcP_bluesil,1.7,0.060000000000002274,63.150000299999995,59.61053086895828,3.5394694310417165,5.604860513423809
2,11,30kcP_bluesil,r2_c11|30kcP_bluesil,1.7,0.0799999999999983,58.840000499999995,56.6255548144408,2.2144456855591983,3.7635038523821875
2,11,30kcP_bluesil,r2_c11|30kcP_bluesil,1.7,0.09999999999999432,55.3199992,53.99978228289431,1.3202169171056894,2.3865092845223494
2,11,30kcP_bluesil,r2_c11|30kcP_bluesil,1.7,0.12000000000000455,52.6600007,51.672054798329256,0.9879459016707415,1.8760841028069746
2,11,30kcP_bluesil,r2_c11|30kcP_bluesil,1.7,0.14000000000000057,50.519999899999995,49.59435213856902,0.925647761430973,1.832240228153629
2,11,30kcP_bluesil,r2_c11|30kcP_bluesil,1.7,0.1599999999999966,48.300000499999996,47.72844415142867,0.5715563485713275,1.1833464651233856
2,11,30kcP_bluesil,r2_c11|30kcP_bluesil,1.7,0.18000000000000682,46.3599996,46.04351682557425,0.3164827744257508,0.6826634537454801
2,11,30kcP_bluesil,r2_c11|30kcP_bluesil,1.7,0.20000000000000284,44.3499995,44.514457177014414,0.16445767701441127,0.3708177652051862
2,11,30kcP_bluesil,r2_c11|30kcP_bluesil,1.7,0.21999999999999886,42.7700008,43.12059307343761,0.3505922734376128,0.8197153773202941
2,11,30kcP_bluesil,r2_c11|30kcP_bluesil,1.7,0.23999999999999488,40.69999919999999,41.844753171314906,1.1447539713149126,2.8126633754698274
2,11,30kcP_bluesil,r2_c11|30kcP_bluesil,1.7,0.2600000000000051,39.4300006,40.67255595064302,1.2425553506430234,3.1512942727244684
2,11,30kcP_bluesil,r2_c11|30kcP_bluesil,1.7,0.28000000000000114,37.6399992,39.59186525228325,1.9518660522832505,5.1856166146869915
2,12,45kcP_sdl5,r2_c12|45kcP_sdl5,1.2,0.0,62.2599996,68.27783646257527,6.017836862575265,9.665655157786517
2,12,45kcP_sdl5,r2_c12|45kcP_sdl5,1.2,0.01999999999999602,64.6100004,63.52480893845464,1.0851914615453637,1.6796029327146755
2,12,45kcP_sdl5,r2_c12|45kcP_sdl5,1.2,0.03999999999999204,68.42000039999999,59.46973114553768,8.950269254462313,13.081363931798975
2,12,45kcP_sdl5,r2_c12|45kcP_sdl5,1.2,0.060000000000002274,54.51,55.969384659933674,1.4593846599336757,2.6772787744151088
2,12,45kcP_sdl5,r2_c12|45kcP_sdl5,1.2,0.0799999999999983,51.99,52.91722677874427,0.9272267787442701,1.7834713959305057
2,12,45kcP_sdl5,r2_c12|45kcP_sdl5,1.2,0.09999999999999432,49.449999600000005,50.23235689034386,0.7823572903438532,1.582117890136147
2,12,45kcP_sdl5,r2_c12|45kcP_sdl5,1.2,0.11999999999999034,47.52,47.85224004601626,0.3322400460162598,0.6991583459938127
2,12,45kcP_sdl5,r2_c12|45kcP_sdl5,1.2,0.14000000000000057,45.5600004,45.72777524899957,0.16777484899957074,0.36825032380722
2,12,45kcP_sdl5,r2_c12|45kcP_sdl5,1.2,0.1599999999999966,43.959999599999996,43.81987191426234,0.140127685737653,0.3187617993919477
2,12,45kcP_sdl5,r2_c12|45kcP_sdl5,1.2,0.1799999999999926,42.3399996,42.0970225101435,0.24297708985649535,0.573871261577658
2,12,45kcP_sdl5,r2_c12|45kcP_sdl5,1.2,0.19999999999998863,40.8800004,40.533548843378924,0.3464515566210764,0.8474842300174645
2,12,45kcP_sdl5,r2_c12|45kcP_sdl5,1.2,0.21999999999999886,39.51,39.10831352110436,0.40168647889564113,1.0166704097586463
2,12,45kcP_sdl5,r2_c12|45kcP_sdl5,1.2,0.23999999999999488,38.16,37.803758730285715,0.3562412697142818,0.9335463042827093
2,12,45kcP_sdl5,r2_c12|45kcP_sdl5,1.2,0.2599999999999909,36.9099996,36.60517927100832,0.3048203289916813,0.8258475543079695
2,12,45kcP_sdl5,r2_c12|45kcP_sdl5,1.2,0.28000000000000114,35.67,35.50016583978248,0.16983416021751907,0.4761260449047352
2,12,45kcP_sdl5,r2_c12|45kcP_sdl5,1.2,0.29999999999999716,34.5,34.47817379383331,0.021826206166693396,0.06326436570056056
2,12,45kcP_sdl5,r2_c12|45kcP_sdl5,1.2,0.3199999999999932,33.3,33.53018559449286,0.23018559449286613,0.6912480315101085
2,12,45kcP_sdl5,r2_c12|45kcP_sdl5,1.2,0.3399999999999892,32.19,32.6484440172558,0.4584440172558004,1.4241814764082028
2,12,45kcP_sdl5,r2_c12|45kcP_sdl5,1.2,0.35999999999999943,31.1900004,31.82623940441145,0.6362390044114505,2.0398813602177785
2,12,45kcP_sdl5,r2_c12|45kcP_sdl5,1.2,0.37999999999999545,30.0500004,31.05773860564221,1.0077382056422124,3.353538077298037
3,13,55kcP_sdl5,r3_c13|55kcP_sdl5,1.0,0.0,58.6,75.61655660800486,17.016556608004855,29.03849250512774
3,13,55kcP_sdl5,r3_c13|55kcP_sdl5,1.0,0.01999999999999602,60.36,69.32743197221801,8.967431972218009,14.856580470871453
3,13,55kcP_sdl5,r3_c13|55kcP_sdl5,1.0,0.04000000000000625,59.64,63.961822470051,4.321822470050996,7.246516549381282
3,13,55kcP_sdl5,r3_c13|55kcP_sdl5,1.0,0.060000000000002274,59.53,59.3302239352922,0.19977606470779818,0.3355888874648046
3,13,55kcP_sdl5,r3_c13|55kcP_sdl5,1.0,0.0799999999999983,56.96,55.29166088774271,1.6683391122572928,2.9289661380921572
3,13,55kcP_sdl5,r3_c13|55kcP_sdl5,1.0,0.09999999999999432,53.78,51.739087023330825,2.0409129766691763,3.794929298380766
3,13,55kcP_sdl5,r3_c13|55kcP_sdl5,1.0,0.12000000000000455,51.64,48.589757168673295,3.050242831326706,5.90674444486194
3,13,55kcP_sdl5,r3_c13|55kcP_sdl5,1.0,0.14000000000000057,49.1,45.778701725597266,3.3212982744027357,6.7643549376837795
3,13,55kcP_sdl5,r3_c13|55kcP_sdl5,1.0,0.1599999999999966,47.3,43.25419670131472,4.0458032986852785,8.553495346057671
3,13,55kcP_sdl5,r3_c13|55kcP_sdl5,1.0,0.18000000000000682,45.27,40.974551869422754,4.295448130577249,9.488509234763084
3,13,55kcP_sdl5,r3_c13|55kcP_sdl5,1.0,0.20000000000000284,43.68,38.90579028427464,4.7742097157253625,10.92996729790605
3,13,55kcP_sdl5,r3_c13|55kcP_sdl5,1.0,0.21999999999999886,41.92,37.01994330955881,4.90005669044119,11.689066532541005
3,13,55kcP_sdl5,r3_c13|55kcP_sdl5,1.0,0.23999999999999488,40.57,35.293778747701104,5.276221252298896,13.005228622871323
3,13,55kcP_sdl5,r3_c13|55kcP_sdl5,1.0,0.2600000000000051,39.06,33.70783892996581,5.352161070034192,13.702409293482315
3,13,55kcP_sdl5,r3_c13|55kcP_sdl5,1.0,0.28000000000000114,37.85,32.24570407845802,5.604295921541983,14.806594244496651
3,13,55kcP_sdl5,r3_c13|55kcP_sdl5,1.0,0.29999999999999716,36.45,30.89342170240627,5.556578297593735,15.244384904235211
3,13,55kcP_sdl5,r3_c13|55kcP_sdl5,1.0,0.3200000000000074,35.39,29.63905994904901,5.750940050950991,16.250183811672763
3,13,55kcP_sdl5,r3_c13|55kcP_sdl5,1.0,0.3400000000000034,34.12,28.47235459174627,5.647645408253727,16.552301899923
3,13,55kcP_sdl5,r3_c13|55kcP_sdl5,1.0,0.35999999999999943,33.19,27.384427526301838,5.8055724736981595,17.4919327318414
3,13,55kcP_sdl5,r3_c13|55kcP_sdl5,1.0,0.37999999999999545,31.95,26.367560428092535,5.582439571907464,17.47242432521898
3,13,55kcP_sdl5,r3_c13|55kcP_sdl5,1.0,0.4000000000000057,31.04,25.41501135854381,5.624988641456188,18.121741757268648
3,13,55kcP_sdl5,r3_c13|55kcP_sdl5,1.0,0.4200000000000017,29.95,24.520865104353817,5.4291348956461825,18.127328533042345
3,13,55kcP_sdl5,r3_c13|55kcP_sdl5,1.0,0.4399999999999977,29.05,23.679910225974538,5.3700897740254625,18.485679084425
3,13,55kcP_sdl5,r3_c13|55kcP_sdl5,1.0,0.46000000000000796,27.96,22.887537414871815,5.072462585128186,18.141854739371194
3,13,55kcP_sdl5,r3_c13|55kcP_sdl5,1.0,0.480000000000004,26.97,22.139654971979255,4.830345028020744,17.91006684471911
3,13,55kcP_sdl5,r3_c13|55kcP_sdl5,1.0,0.5,25.96,21.432618134582214,4.527381865417787,17.439837694213356
3,13,55kcP_sdl5,r3_c13|55kcP_sdl5,1.0,0.519999999999996,24.73,20.763169674844953,3.9668303251550476,16.04055934150848
3,13,55kcP_sdl5,r3_c13|55kcP_sdl5,1.0,0.5400000000000063,22.97,20.1283897269497,2.8416102730503,12.37096331323596
3,13,55kcP_sdl5,r3_c13|55kcP_sdl5,1.0,0.5600000000000023,20.85,19.525653212355113,1.3243467876448882,6.351783154172125
3,13,55kcP_sdl5,r3_c13|55kcP_sdl5,1.0,0.5799999999999983,18.25,18.952593553790877,0.7025935537908765,3.8498276920048027
3,13,55kcP_sdl5,r3_c13|55kcP_sdl5,1.0,0.5999999999999943,16.27,18.407071620303608,2.137071620303608,13.135043763390339
3,13,55kcP_sdl5,r3_c13|55kcP_sdl5,1.0,0.6200000000000045,14.17,17.887149044188043,3.7171490441880426,26.232526776203546
3,13,55kcP_sdl5,r3_c13|55kcP_sdl5,1.0,0.6400000000000006,12.24,17.391065208221153,5.151065208221153,42.08386608023818
3,13,55kcP_sdl5,r3_c13|55kcP_sdl5,1.0,0.6599999999999966,10.45,16.917217327394916,6.467217327394916,61.887247152104464
3,13,55kcP_sdl5,r3_c13|55kcP_sdl5,1.0,0.6800000000000068,8.85,16.464143150329527,7.614143150329527,86.03551582293251
3,13,55kcP_sdl5,r3_c13|55kcP_sdl5,1.0,0.7000000000000028,7.16,16.030505887018194,8.870505887018194,123.88974702539377
3,13,55kcP_sdl5,r3_c13|55kcP_sdl5,1.0,0.7199999999999989,5.62,15.615081035636567,9.995081035636566,177.84841700420938
3,13,55kcP_sdl5,r3_c13|55kcP_sdl5,1.0,0.7399999999999949,4.12,15.216744835006963,11.096744835006962,269.338466869101
3,13,55kcP_sdl5,r3_c13|55kcP_sdl5,1.0,0.7600000000000051,2.54,14.834464113377962,12.294464113377963,484.0340202117308
3,13,55kcP_sdl5,r3_c13|55kcP_sdl5,1.0,0.7800000000000011,0.96,14.467287340432733,13.507287340432732,1407.009097961743
3,14,60kcP_siltech,r3_c14|60kcP_siltech,0.8,0.0,34.77,36.058886815388824,1.288886815388821,3.7068933430797264
3,14,60kcP_siltech,r3_c14|60kcP_siltech,0.8,0.01999999999999602,31.99,33.7080902683306,1.7180902683306023,5.3707104355442405
3,14,60kcP_siltech,r3_c14|60kcP_siltech,0.8,0.03999999999999204,31.939999999999998,31.70249218894534,0.2375078110546589,0.7436061711166528
3,14,60kcP_siltech,r3_c14|60kcP_siltech,0.8,0.060000000000002274,29.980000000000004,29.97125827748431,0.00874172251569405,0.029158514061687953
3,14,60kcP_siltech,r3_c14|60kcP_siltech,0.8,0.0799999999999983,28.74,28.461693653302163,0.2783063466978355,0.9683588959562821
3,14,60kcP_siltech,r3_c14|60kcP_siltech,0.8,0.09999999999999432,27.480000000000004,27.133785739678206,0.3462142603217977,1.2598772209672404
3,14,60kcP_siltech,r3_c14|60kcP_siltech,0.8,0.12000000000000455,26.510000000000005,25.956605420218683,0.5533945797813224,2.087493699665494
3,14,60kcP_siltech,r3_c14|60kcP_siltech,0.8,0.14000000000000057,25.450000000000003,24.90586786740096,0.5441321325990423,2.1380437430217767
3,14,60kcP_siltech,r3_c14|60kcP_siltech,0.8,0.1599999999999966,24.66,23.962239296209187,0.6977607037908129,2.8295243462725583
3,14,60kcP_siltech,r3_c14|60kcP_siltech,0.8,0.1799999999999926,23.72,23.11013641867468,0.6098635813253175,2.571094356346195
3,14,60kcP_siltech,r3_c14|60kcP_siltech,0.8,0.20000000000000284,23.02,22.33685907521366,0.6831409247863398,2.967597414362901
3,14,60kcP_siltech,r3_c14|60kcP_siltech,0.8,0.21999999999999886,22.25,21.63195293752706,0.6180470624729395,2.777739606619953
3,14,60kcP_siltech,r3_c14|60kcP_siltech,0.8,0.23999999999999488,21.64,20.98673409918841,0.65326590081159,3.018788820755961
3,14,60kcP_siltech,r3_c14|60kcP_siltech,0.8,0.2600000000000051,20.94,20.39392952569345,0.5460704743065499,2.607786410250954
3,14,60kcP_siltech,r3_c14|60kcP_siltech,0.8,0.28000000000000114,20.41,19.847401708340385,0.5625982916596151,2.7564835456130083
3,14,60kcP_siltech,r3_c14|60kcP_siltech,0.8,0.29999999999999716,19.82,19.341935379659105,0.4780646203408949,2.412031384161932
3,14,60kcP_siltech,r3_c14|60kcP_siltech,0.8,0.3199999999999932,19.32,18.873070561529584,0.44692943847041633,2.313299370964888
3,14,60kcP_siltech,r3_c14|60kcP_siltech,0.8,0.3400000000000034,18.77,18.436970613728104,0.33302938627189604,1.774264178326564
3,14,60kcP_siltech,r3_c14|60kcP_siltech,0.8,0.35999999999999943,18.35,18.030317011357894,0.3196829886421071,1.7421416274774226
3,14,60kcP_siltech,r3_c14|60kcP_siltech,0.8,0.37999999999999545,17.86,17.65022474069669,0.20977525930330998,1.1745535235347704
3,14,60kcP_siltech,r3_c14|60kcP_siltech,0.8,0.3999999999999915,17.419999999999998,17.29417374898074,0.1258262510192587,0.7223091332908078
3,14,60kcP_siltech,r3_c14|60kcP_siltech,0.8,0.4200000000000017,16.990000000000002,16.95995300306712,0.030046996932881598,0.1768510708233172
3,14,60kcP_siltech,r3_c14|60kcP_siltech,0.8,0.4399999999999977,16.62,16.645614531688036,0.02561453168803496,0.15411872255135353
3,14,60kcP_siltech,r3_c14|60kcP_siltech,0.8,0.45999999999999375,16.23,16.349435432656907,0.11943543265690693,0.7358929923407697
3,14,60kcP_siltech,r3_c14|60kcP_siltech,0.8,0.480000000000004,15.840000000000002,16.069886279766155,0.22988627976615383,1.4513022712509709
3,14,60kcP_siltech,r3_c14|60kcP_siltech,0.8,0.5,15.469999999999999,15.80560470605745,0.33560470605745074,2.169390472252429
3,14,60kcP_siltech,r3_c14|60kcP_siltech,0.8,0.519999999999996,15.12,15.555373200288143,0.43537320028814364,2.879452382858093
3,14,60kcP_siltech,r3_c14|60kcP_siltech,0.8,0.539999999999992,14.700000000000001,15.318100352941201,0.6181003529411999,4.204764305722448
3,14,60kcP_siltech,r3_c14|60kcP_siltech,0.8,0.5600000000000023,14.16,15.09280494231549,0.9328049423154905,6.58760552482691
3,14,60kcP_siltech,r3_c14|60kcP_siltech,0.8,0.5799999999999983,12.3,14.878602371269984,2.5786023712699837,20.964246920894176
3,15,60kcP_bluesil,r3_c15|60kcP_bluesil,0.8,0.0,65.22000000000001,76.45201352121364,11.23201352121363,17.221731863253034
3,15,60kcP_bluesil,r3_c15|60kcP_bluesil,0.8,0.020000000000010232,67.76,71.28999308297479,3.5299930829747836,5.209552955984037
3,15,60kcP_bluesil,r3_c15|60kcP_bluesil,0.8,0.04000000000000625,65.55,66.88598020077659,1.3359802007765893,2.0381086205592513
3,15,60kcP_bluesil,r3_c15|60kcP_bluesil,0.8,0.060000000000002274,66.24,63.084432659155134,3.1555673408448612,4.763839584608789
3,15,60kcP_bluesil,r3_c15|60kcP_bluesil,0.8,0.0800000000000125,64.05,59.769639870037715,4.280360129962283,6.68284173296219
3,15,60kcP_bluesil,r3_c15|60kcP_bluesil,0.8,0.10000000000000853,60.550000000000004,56.853739811056066,3.6962601889439384,6.10447595201311
3,15,60kcP_bluesil,r3_c15|60kcP_bluesil,0.8,0.12000000000000455,57.96000000000001,54.26881646831155,3.691183531688459,6.36850160746801
3,15,60kcP_bluesil,r3_c15|60kcP_bluesil,0.8,0.14000000000000057,55.24,51.96154375700263,3.278456242997372,5.934931649162512
3,15,60kcP_bluesil,r3_c15|60kcP_bluesil,0.8,0.1600000000000108,53.09,49.889467389231136,3.2005326107688674,6.028503693292272
3,15,60kcP_bluesil,r3_c15|60kcP_bluesil,0.8,0.18000000000000682,50.81,48.018368644077526,2.791631355922476,5.494255768396922
3,15,60kcP_bluesil,r3_c15|60kcP_bluesil,0.8,0.20000000000000284,49.010000000000005,46.3203597473219,2.689640252678103,5.487941752046731
3,15,60kcP_bluesil,r3_c15|60kcP_bluesil,0.8,0.22000000000001307,47.0,44.77248445614375,2.2275155438562493,4.739394774162233
3,15,60kcP_bluesil,r3_c15|60kcP_bluesil,0.8,0.2400000000000091,45.410000000000004,43.355674126552955,2.0543258734470484,4.523950392968615
3,15,60kcP_bluesil,r3_c15|60kcP_bluesil,0.8,0.2600000000000051,43.68000000000001,42.05395819197429,1.6260418080257182,3.722623186872065
3,15,60kcP_bluesil,r3_c15|60kcP_bluesil,0.8,0.28000000000000114,42.230000000000004,40.85385954168012,1.376140458319881,3.2586797497510798
3,15,60kcP_bluesil,r3_c15|60kcP_bluesil,0.8,0.30000000000001137,40.730000000000004,39.7439261777063,0.9860738222937044,2.421001282331707
3,15,60kcP_bluesil,r3_c15|60kcP_bluesil,0.8,0.3200000000000074,39.49,38.71436461186905,0.7756353881309508,1.9641311423928862
3,15,60kcP_bluesil,r3_c15|60kcP_bluesil,0.8,0.3400000000000034,37.99,37.756750118824094,0.23324988117590806,0.6139770496865176
3,15,60kcP_bluesil,r3_c15|60kcP_bluesil,0.8,0.35999999999999943,36.78,36.863795682020964,0.08379568202096266,0.22782947803415624
3,15,60kcP_bluesil,r3_c15|60kcP_bluesil,0.8,0.38000000000000966,35.410000000000004,36.02916621481968,0.6191662148196784,1.7485631596150193
3,15,60kcP_bluesil,r3_c15|60kcP_bluesil,0.8,0.4000000000000057,34.25,35.24732803380327,0.9973280338032708,2.911906668038747
3,15,60kcP_bluesil,r3_c15|60kcP_bluesil,0.8,0.4200000000000017,32.99,34.51342601942174,1.5234260194217413,4.617841829105005
3,15,60kcP_bluesil,r3_c15|60kcP_bluesil,0.8,0.44000000000001194,32.21,33.82318269921005,1.61318269921005,5.008328777429525
3,15,60kcP_bluesil,r3_c15|60kcP_bluesil,0.8,0.46000000000000796,31.400000000000002,33.172814820930654,1.7728148209306518,5.645907073027553
3,15,60kcP_bluesil,r3_c15|60kcP_bluesil,0.8,0.480000000000004,30.67,32.55896397853502,1.888963978535017,6.158995691343387
3,15,60kcP_bluesil,r3_c15|60kcP_bluesil,0.8,0.5,29.87,31.978638604720533,2.1086386047205323,7.059386021829702
3,15,60kcP_bluesil,r3_c15|60kcP_bluesil,0.8,0.5200000000000102,29.360000000000003,31.42916521507781,2.069165215077806,7.047565446450292
3,15,60kcP_bluesil,r3_c15|60kcP_bluesil,0.8,0.5400000000000063,23.62,30.908147226951225,7.288147226951224,30.855830766093245
3,16,75kcP_sdl5,r3_c16|75kcP_sdl5,0.7,0.0,61.440000299999994,72.40906428910114,10.969063989101144,17.853294165920026
3,16,75kcP_sdl5,r3_c16|75kcP_sdl5,0.7,0.01999999999999602,60.55,66.98261087861516,6.432610878615165,10.623634811916045
3,16,75kcP_sdl5,r3_c16|75kcP_sdl5,0.7,0.03999999999999204,61.0100001,62.35299520576435,1.342995105764352,2.2012704533077887
3,16,75kcP_sdl5,r3_c16|75kcP_sdl5,0.7,0.05999999999998806,60.60999979999999,58.35670714972366,2.253292650276329,3.7176912352940303
3,16,75kcP_sdl5,r3_c16|75kcP_sdl5,0.7,0.0799999999999983,57.80999979999999,54.87210865756604,2.937891142433955,5.081977430544733
3,16,75kcP_sdl5,r3_c16|75kcP_sdl5,0.7,0.09999999999999432,55.1300001,51.806836830570454,3.3231632694295428,6.027867337931572
3,16,75kcP_sdl5,r3_c16|75kcP_sdl5,0.7,0.11999999999999034,52.2799998,49.08949654551788,3.190503254482117,6.102722392286843
3,16,75kcP_sdl5,r3_c16|75kcP_sdl5,0.7,0.14000000000000057,49.91,46.66403000135739,3.2459699986426074,6.503646561095186
3,16,75kcP_sdl5,r3_c16|75kcP_sdl5,0.7,0.1599999999999966,47.610000199999995,44.485808119594175,3.1241920804058196,6.562050130816467
3,16,75kcP_sdl5,r3_c16|75kcP_sdl5,0.7,0.1799999999999926,45.7999997,42.51885926914245,3.2811404308575476,7.164062123034354
3,16,75kcP_sdl5,r3_c16|75kcP_sdl5,0.7,0.19999999999998863,43.87999979999999,40.73386707876179,3.146132721238203,7.169855824015303
3,16,75kcP_sdl5,r3_c16|75kcP_sdl5,0.7,0.21999999999999886,42.260000299999994,39.10669933440231,3.153300965597687,7.461668109826509
3,16,75kcP_sdl5,r3_c16|75kcP_sdl5,0.7,0.23999999999999488,40.67,37.61731056947749,3.0526894305225127,7.505998107997327
3,16,75kcP_sdl5,r3_c16|75kcP_sdl5,0.7,0.2599999999999909,39.159999899999995,36.24891209891791,2.9110878010820826,7.433829950244926
3,16,75kcP_sdl5,r3_c16|75kcP_sdl5,0.7,0.28000000000000114,37.7000001,34.987336424870534,2.7126636751294626,7.195394344652701
3,16,75kcP_sdl5,r3_c16|75kcP_sdl5,0.7,0.29999999999999716,36.47,33.820544901975545,2.649455098024454,7.264752119617368
3,16,75kcP_sdl5,r3_c16|75kcP_sdl5,0.7,0.3199999999999932,35.12999979999999,32.738242354534876,2.3917574454651174,6.8083047511577774
3,16,75kcP_sdl5,r3_c16|75kcP_sdl5,0.7,0.3399999999999892,34.000000299999996,31.73157248681712,2.268427813182875,6.671846450492164
3,16,75kcP_sdl5,r3_c16|75kcP_sdl5,0.7,0.35999999999999943,32.62,30.79287499288414,1.827125007115857,5.601241591403609
3,16,75kcP_sdl5,r3_c16|75kcP_sdl5,0.7,0.37999999999999545,31.610000099999997,29.915490260883434,1.694509839116563,5.360676475026532
3,16,75kcP_sdl5,r3_c16|75kcP_sdl5,0.7,0.3999999999999915,30.45,29.093601135377554,1.3563988646224452,4.454511870681265
3,16,75kcP_sdl5,r3_c16|75kcP_sdl5,0.7,0.4199999999999875,29.289999899999998,28.322103785346787,0.967896114653211,3.3045275450929967
3,16,75kcP_sdl5,r3_c16|75kcP_sdl5,0.7,0.4399999999999977,28.07,27.59650161777606,0.4734983822239407,1.6868485294760978
3,16,75kcP_sdl5,r3_c16|75kcP_sdl5,0.7,0.45999999999999375,27.140000299999997,26.912817577120403,0.2271827228795935,0.8370770831553511
3,16,75kcP_sdl5,r3_c16|75kcP_sdl5,0.7,0.47999999999998977,25.9299999,26.26752121746743,0.33752131746743075,1.3016633967184503
3,16,75kcP_sdl5,r3_c16|75kcP_sdl5,0.7,0.5,25.040000299999996,25.657467723567294,0.6174674235672981,2.4659241859805334
3,16,75kcP_sdl5,r3_c16|75kcP_sdl5,0.7,0.519999999999996,24.0600003,25.079846657383516,1.0198463573835177,4.238762862291061
3,16,75kcP_sdl5,r3_c16|75kcP_sdl5,0.7,0.539999999999992,21.3799999,24.532138667377854,3.1521387673778527,14.743399355104078
3,16,75kcP_sdl5,r3_c16|75kcP_sdl5,0.7,0.5599999999999881,19.409999699999997,24.01207875369209,4.602079053692094,23.7098357796064
3,16,75kcP_sdl5,r3_c16|75kcP_sdl5,0.7,0.5799999999999983,15.790000099999999,23.51762495944938,7.72762485944938,48.93999246681056
3,16,75kcP_sdl5,r3_c16|75kcP_sdl5,0.7,0.5999999999999943,9.0599999,23.046931575568532,13.986931675568533,154.38114602593467
3,17,95kcP_sdl5,r3_c17|95kcP_sdl5,0.5,0.0,57.26,66.12200057605841,8.862000576058414,15.476773622176761
3,17,95kcP_sdl5,r3_c17|95kcP_sdl5,0.5,0.01999999999999602,56.46,61.6164577902976,5.156457790297601,9.132939763190933
3,17,95kcP_sdl5,r3_c17|95kcP_sdl5,0.5,0.03999999999999204,56.78,57.77252328689788,0.9925232868978782,1.7480156514580454
3,17,95kcP_sdl5,r3_c17|95kcP_sdl5,0.5,0.05999999999998806,56.07,54.454435862444406,1.6155641375555945,2.881334292055635
3,17,95kcP_sdl5,r3_c17|95kcP_sdl5,0.5,0.0799999999999983,54.32,51.56120037141902,2.758799628580981,5.078791657917859
3,17,95kcP_sdl5,r3_c17|95kcP_sdl5,0.5,0.09999999999999432,52.07,49.01612860505534,3.0538713949446574,5.864934501526133
3,17,95kcP_sdl5,r3_c17|95kcP_sdl5,0.5,0.11999999999999034,49.71,46.75994173830413,2.9500582616958724,5.934536837046616
3,17,95kcP_sdl5,r3_c17|95kcP_sdl5,0.5,0.14000000000000057,47.63,44.746095407470555,2.883904592529447,6.05480703869294
3,17,95kcP_sdl5,r3_c17|95kcP_sdl5,0.5,0.1599999999999966,45.69,42.937534429834585,2.7524655701654126,6.024218800974858
3,17,95kcP_sdl5,r3_c17|95kcP_sdl5,0.5,0.1799999999999926,44.06,41.304391835080494,2.755608164919508,6.254217351156395
3,17,95kcP_sdl5,r3_c17|95kcP_sdl5,0.5,0.19999999999998863,42.27,39.822326464267945,2.447673535732058,5.790569045971274
3,17,95kcP_sdl5,r3_c17|95kcP_sdl5,0.5,0.21999999999999886,40.97,38.47130152454309,2.498698475456912,6.098849098015407
3,17,95kcP_sdl5,r3_c17|95kcP_sdl5,0.5,0.23999999999999488,39.54,37.23467341823097,2.3053265817690303,5.8303656595069056
3,17,95kcP_sdl5,r3_c17|95kcP_sdl5,0.5,0.2599999999999909,38.21,36.098502628454725,2.1114973715452763,5.526033424614699
3,17,95kcP_sdl5,r3_c17|95kcP_sdl5,0.5,0.28000000000000114,36.94,35.05102599004636,1.8889740099536354,5.113627531006052
3,17,95kcP_sdl5,r3_c17|95kcP_sdl5,0.5,0.29999999999999716,35.79,34.08224790778958,1.70775209221042,4.771590087204302
3,17,95kcP_sdl5,r3_c17|95kcP_sdl5,0.5,0.3199999999999932,34.59,33.183620376000796,1.4063796239992072,4.065856097135609
3,17,95kcP_sdl5,r3_c17|95kcP_sdl5,0.5,0.3399999999999892,33.58,32.34779008003363,1.2322099199663654,3.6694756401618984
3,17,95kcP_sdl5,r3_c17|95kcP_sdl5,0.5,0.35999999999999943,32.52,31.568396726424666,0.951603273575337,2.9262093283374444
3,17,95kcP_sdl5,r3_c17|95kcP_sdl5,0.5,0.37999999999999545,31.58,30.839910890360258,0.7400891096397402,2.343537395945979
3,17,95kcP_sdl5,r3_c17|95kcP_sdl5,0.5,0.3999999999999915,30.56,30.157502632148258,0.4024973678517405,1.3170725387818736
3,17,95kcP_sdl5,r3_c17|95kcP_sdl5,0.5,0.4199999999999875,29.76,29.51693427990778,0.24306572009222194,0.8167530917077349
3,17,95kcP_sdl5,r3_c17|95kcP_sdl5,0.5,0.4399999999999977,28.86,28.91447234683133,0.054472346831332175,0.18874687051743652
3,17,95kcP_sdl5,r3_c17|95kcP_sdl5,0.5,0.45999999999999375,28.01,28.34681471410137,0.33681471410136865,1.2024802359920337
3,17,95kcP_sdl5,r3_c17|95kcP_sdl5,0.5,0.47999999999998977,27.25,27.81103007946433,0.5610300794643308,2.0588259796856176
3,17,95kcP_sdl5,r3_c17|95kcP_sdl5,0.5,0.5,26.58,27.304507326857895,0.7245073268578963,2.725761199615863
3,17,95kcP_sdl5,r3_c17|95kcP_sdl5,0.5,0.519999999999996,25.7,26.824912971063966,1.1249129710639671,4.3770932726224405
3,17,95kcP_sdl5,r3_c17|95kcP_sdl5,0.5,0.539999999999992,24.88,26.3701552137588,1.4901552137588006,5.98936983022026
3,17,95kcP_sdl5,r3_c17|95kcP_sdl5,0.5,0.5599999999999881,24.13,25.938353442874266,1.8083534428742674,7.494212361683661
3,17,95kcP_sdl5,r3_c17|95kcP_sdl5,0.5,0.5799999999999983,21.04,25.527812237224666,4.4878122372246665,21.329906070459444
3,17,95kcP_sdl5,r3_c17|95kcP_sdl5,0.5,0.5999999999999943,14.03,25.136999118668886,11.106999118668886,79.16606641959292
3,18,120kcP_sigma,r3_c18|120kcP_sigma,0.4,0.0,55.98,58.42377849453433,2.4437784945343353,4.365449257831967
3,18,120kcP_sigma,r3_c18|120kcP_sigma,0.4,0.01999999999999602,58.11000000000001,54.56746891644392,3.542531083556085,6.096250358898786
3,18,120kcP_sigma,r3_c18|120kcP_sigma,0.4,0.03999999999999204,52.92000000000001,51.27743214443501,1.642567855564998,3.1038697195105778
3,18,120kcP_sigma,r3_c18|120kcP_sigma,0.4,0.060000000000002274,46.410000000000004,48.437469697222554,2.02746969722255,4.368605251503016
3,18,120kcP_sigma,r3_c18|120kcP_sigma,0.4,0.0799999999999983,44.67,45.961139482145086,1.2911394821450841,2.890395079796472
3,18,120kcP_sigma,r3_c18|120kcP_sigma,0.4,0.09999999999999432,43.72,43.782803797358454,0.06280379735845543,0.14365003970369494
3,18,120kcP_sigma,r3_c18|120kcP_sigma,0.4,0.11999999999999034,41.910000000000004,41.851725692471405,0.05827430752859897,0.13904630763206624
3,18,120kcP_sigma,r3_c18|120kcP_sigma,0.4,0.14000000000000057,40.550000000000004,40.128067686395156,0.42193231360484873,1.0405235847221916
3,18,120kcP_sigma,r3_c18|120kcP_sigma,0.4,0.1599999999999966,38.74,38.58011412069831,0.15988587930169018,0.4127152279341512
